age_midpoint,age_unknown,income_midpoint_k,homeowner,married,household_size,kids_count,pre_baskets,pre_quantity,pre_sales_value,pre_retail_disc,pre_coupon_disc,treated,outcome_baskets,outcome_quantity,outcome_sales_value,outcome_retail_disc,outcome_coupon_disc
39.5,0.0,42.0,1.0,1.0,2.0,0.0,112.0,180291.0,1544.94,131.28,0.0,1.0,111.0,119464.0,1586.27,117.32,1.0
49.5,0.0,112.0,0.0,0.0,1.0,0.0,60.0,161078.0,1164.8,136.17,13.98,1.0,91.0,134611.0,1625.32,274.29,17.38
59.5,0.0,7.5,1.0,1.0,2.0,1.0,20.0,26841.0,326.62,76.81,0.0,0.0,25.0,23715.0,432.62,70.6,1.0
44.5,1.0,99.5,0.0,0.0,0.0,0.0,33.0,80.0,176.45,35.94,0.0,1.0,39.0,6615.0,150.66,34.81,1.11
44.5,1.0,99.5,0.0,0.0,0.0,0.0,1.0,6.0,19.87,2.59,0.0,1.0,0.0,0.0,0.0,0.0,0.0
44.5,1.0,99.5,0.0,0.0,0.0,0.0,8.0,80.0,153.74,30.91,0.0,1.0,9.0,83.0,196.69,39.16,0.0
44.5,1.0,99.5,0.0,0.0,0.0,0.0,4.0,4.0,4.0,0.0,0.0,0.0,3.0,3.0,2.5,0.0,0.0
44.5,1.0,99.5,0.0,0.0,0.0,0.0,8.0,24.0,40.57,10.48,0.0,0.0,13.0,41.0,130.96,24.79,0.0
39.5,0.0,42.0,0.0,0.0,1.0,0.0,31.0,6550.0,441.66,103.25,14.64,1.0,35.0,303.0,523.91,152.38,31.92
39.5,0.0,19.5,0.0,0.0,1.0,0.0,29.0,49617.0,604.25,73.52,1.0,1.0,20.0,33243.0,542.92,41.83,0.0
59.5,0.0,62.0,1.0,1.0,0.0,0.0,15.0,9365.0,395.89,75.96,0.55,1.0,12.0,97.0,248.13,37.42,0.0
49.5,0.0,29.5,1.0,1.0,2.0,0.0,20.0,10725.0,251.48,36.44,0.0,1.0,17.0,21645.0,263.97,58.0,0.0
44.5,1.0,99.5,0.0,0.0,0.0,0.0,114.0,89946.0,1203.38,127.78,0.0,1.0,135.0,157318.0,1565.64,197.64,0.0
44.5,1.0,99.5,0.0,0.0,0.0,0.0,11.0,37567.0,458.3,85.46,1.0,1.0,9.0,17468.0,556.41,119.29,4.85
44.5,1.0,99.5,0.0,0.0,0.0,0.0,0.0,0.0,0.0,0.0,0.0,1.0,0.0,0.0,0.0,0.0,0.0
44.5,1.0,99.5,0.0,0.0,0.0,0.0,7.0,26052.0,145.01000000000002,7.28,0.2,0.0,4.0,34.0,84.21000000000001,14.92,0.0
44.5,1.0,99.5,0.0,0.0,0.0,0.0,2.0,37.0,56.82,17.78,0.0,0.0,6.0,9128.0,121.8,40.59,0.0
49.5,0.0,29.5,0.0,1.0,3.0,1.0,29.0,13713.0,196.48000000000002,11.27,0.0,1.0,40.0,189.0,314.27,27.67,0.0
44.5,1.0,99.5,0.0,0.0,0.0,0.0,6.0,101.0,133.32,50.06,0.0,0.0,8.0,71.0,148.89000000000001,32.589999999999996,0.0
44.5,1.0,99.5,0.0,0.0,0.0,0.0,17.0,150.0,325.6,36.56,0.0,1.0,8.0,50.0,127.41,26.88,0.0
49.5,0.0,62.0,0.0,0.0,1.0,0.0,21.0,293.0,442.02,84.99,25.47,1.0,21.0,304.0,462.72,86.1,13.39
29.5,0.0,162.0,1.0,1.0,4.0,2.0,23.0,88647.0,858.96,136.2,0.4,1.0,22.0,85394.0,1050.6100000000001,160.28,3.5
59.5,0.0,137.0,1.0,1.0,2.0,0.0,20.0,40301.0,396.84,112.08,2.3,1.0,19.0,55250.0,539.59,100.87,1.0
44.5,1.0,99.5,0.0,0.0,0.0,0.0,12.0,19232.0,567.35,56.05,0.0,1.0,14.0,55301.0,496.05,29.23,0.0
44.5,1.0,99.5,0.0,0.0,0.0,0.0,6.0,8123.0,593.89,102.44,20.9,0.0,8.0,400.0,1005.48,156.23,35.15
44.5,1.0,99.5,0.0,0.0,0.0,0.0,3.0,28.0,70.81,17.009999999999998,3.2,1.0,3.0,45.0,104.25,17.6,0.0
44.5,1.0,99.5,0.0,0.0,0.0,0.0,8.0,8083.0,234.41,65.62,1.0,1.0,3.0,43.0,141.48,28.24,0.0
59.5,0.0,29.5,0.0,0.0,3.0,1.0,26.0,209.0,378.98,120.21,10.0,1.0,28.0,297.0,559.05,138.45,3.55
70.0,0.0,62.0,1.0,1.0,2.0,0.0,24.0,23528.0,1083.6,134.9,15.39,1.0,20.0,12735.0,990.39,188.09,24.41
44.5,1.0,99.5,0.0,0.0,0.0,0.0,16.0,254.0,1036.6100000000001,125.79,0.0,1.0,15.0,159.0,578.5600000000001,117.74,0.0
44.5,1.0,99.5,0.0,0.0,0.0,0.0,3.0,11.0,78.42999999999999,8.08,0.0,1.0,1.0,16.0,7.11,0.48,0.0
59.5,0.0,87.0,1.0,0.0,1.0,0.0,9.0,56.0,191.51,12.46,0.0,1.0,19.0,240.0,471.24,29.39,0.0
29.5,0.0,29.5,1.0,1.0,3.0,1.0,7.0,343.0,990.33,157.01,5.05,1.0,7.0,393.0,1066.86,208.63,8.45
44.5,1.0,99.5,0.0,0.0,0.0,0.0,38.0,30311.0,275.28,17.67,0.0,1.0,34.0,10026.0,431.25,54.0,0.0
49.5,0.0,87.0,1.0,1.0,2.0,0.0,16.0,21052.0,628.1,107.63,15.69,1.0,16.0,260.0,629.87,146.3,19.8
39.5,0.0,19.5,1.0,1.0,3.0,1.0,7.0,131.0,226.71,39.63,0.0,1.0,12.0,236.0,402.13,87.67,0.0
49.5,0.0,62.0,0.0,0.0,1.0,0.0,13.0,204.0,495.41,63.3,9.32,1.0,26.0,493.0,1181.56,157.9,19.09
44.5,1.0,99.5,0.0,0.0,0.0,0.0,3.0,19.0,34.72,4.66,0.0,0.0,5.0,55.0,130.97,21.53,0.0
49.5,0.0,29.5,0.0,0.0,3.0,1.0,8.0,58.0,157.58,22.58,0.0,1.0,8.0,14703.0,81.62,4.91,0.0
44.5,1.0,99.5,0.0,0.0,0.0,0.0,3.0,14.0,20.130000000000003,4.32,0.0,0.0,13.0,53.0,121.34,27.13,0.0
44.5,1.0,99.5,0.0,0.0,0.0,0.0,14.0,144.0,310.19,62.07,0.0,1.0,25.0,199.0,496.15000000000003,82.15,2.0
44.5,1.0,99.5,0.0,0.0,0.0,0.0,8.0,47.0,108.51,17.71,0.0,1.0,7.0,31.0,60.82,17.66,0.0
29.5,0.0,29.5,0.0,0.0,0.0,0.0,22.0,299.0,703.05,90.2,1.0,1.0,17.0,202.0,518.72,53.49,0.0
49.5,0.0,42.0,0.0,0.0,1.0,0.0,18.0,237.0,429.18,122.81,0.0,0.0,12.0,164.0,276.27,64.95,0.0
49.5,0.0,42.0,1.0,0.0,1.0,0.0,10.0,6999.0,741.58,111.13,20.06,1.0,14.0,47096.0,522.74,51.86,3.65
44.5,1.0,99.5,0.0,0.0,0.0,0.0,4.0,63.0,146.57,39.66,1.0,0.0,7.0,224.0,529.03,157.66,0.0
49.5,0.0,62.0,0.0,0.0,1.0,0.0,9.0,135.0,364.14,40.26,0.0,1.0,15.0,308.0,828.78,134.72,5.45
39.5,0.0,7.5,1.0,1.0,2.0,0.0,18.0,269.0,596.71,116.07,2.5,1.0,31.0,344.0,769.6,172.71,3.0
59.5,0.0,29.5,1.0,0.0,1.0,0.0,33.0,29055.0,472.39,70.56,0.0,1.0,44.0,26105.0,747.62,123.21000000000001,0.0
59.5,0.0,62.0,0.0,0.0,1.0,0.0,19.0,18327.0,389.93,55.94,0.5,1.0,34.0,53646.0,548.11,90.61,0.0
59.5,0.0,62.0,1.0,1.0,2.0,0.0,7.0,268.0,576.53,172.55,16.34,1.0,15.0,390.0,848.41,254.46,37.33
29.5,0.0,29.5,1.0,0.0,1.0,0.0,19.0,86.0,216.87,20.11,0.0,1.0,23.0,102.0,252.06,32.95,0.0
49.5,0.0,42.0,0.0,0.0,2.0,0.0,32.0,252.0,517.34,92.91,0.0,1.0,38.0,234.0,505.97,82.04,1.5
44.5,1.0,99.5,0.0,0.0,0.0,0.0,4.0,38.0,124.37,17.44,0.0,0.0,5.0,56.0,158.89000000000001,15.370000000000001,0.0
44.5,1.0,99.5,0.0,0.0,0.0,0.0,8.0,5139.0,139.3,24.2,0.0,1.0,14.0,150.0,376.65,71.73,3.05
44.5,1.0,99.5,0.0,0.0,0.0,0.0,26.0,44265.0,451.25,82.45,7.11,1.0,45.0,20861.0,334.48,48.45,2.1100000000000003
44.5,1.0,99.5,0.0,0.0,0.0,0.0,0.0,0.0,0.0,0.0,0.0,0.0,4.0,69.0,132.86,34.96,0.0
39.5,0.0,29.5,0.0,0.0,1.0,0.0,41.0,170.0,388.15,54.68,2.3,1.0,56.0,209.0,433.16,62.26,1.5
59.5,0.0,19.5,0.0,0.0,1.0,0.0,10.0,27.0,35.99,5.41,0.25,1.0,9.0,27.0,52.51,16.490000000000002,0.0
44.5,1.0,99.5,0.0,0.0,0.0,0.0,22.0,102117.0,870.35,127.32,0.0,1.0,16.0,32811.0,656.94,119.41,2.5
49.5,0.0,62.0,1.0,1.0,2.0,0.0,16.0,213.0,529.65,81.4,3.05,1.0,16.0,171.0,385.96,61.63,2.0
44.5,1.0,99.5,0.0,0.0,0.0,0.0,27.0,152365.0,1373.21,135.16,7.29,1.0,28.0,160396.0,1224.59,90.09,0.0
44.5,1.0,99.5,0.0,0.0,0.0,0.0,16.0,329.0,814.63,80.7,0.0,0.0,27.0,439.0,1291.69,125.4,3.39
59.5,0.0,62.0,1.0,0.0,1.0,0.0,11.0,77316.0,542.88,109.77,6.09,1.0,20.0,167056.0,966.71,125.59,14.95
29.5,0.0,112.0,1.0,1.0,3.0,1.0,8.0,76.0,131.35,27.6,0.0,1.0,17.0,30042.0,458.65,62.269999999999996,1.55
44.5,1.0,99.5,0.0,0.0,0.0,0.0,16.0,95.0,176.86,31.650000000000002,0.0,1.0,8.0,90.0,239.83,37.96,0.0
39.5,0.0,275.0,1.0,1.0,0.0,0.0,22.0,123267.0,1158.8600000000001,75.81,0.0,1.0,17.0,14486.0,1092.07,151.52,2.95
49.5,0.0,42.0,1.0,0.0,3.0,1.0,65.0,295.0,657.74,98.41,1.0,1.0,69.0,10826.0,937.96,145.28,0.0
39.5,0.0,42.0,1.0,1.0,3.0,1.0,26.0,113099.0,1844.38,239.83,0.0,1.0,35.0,134035.0,1683.5,209.66,0.0
44.5,1.0,99.5,0.0,0.0,0.0,0.0,1.0,18.0,12.67,0.97,0.0,0.0,0.0,0.0,0.0,0.0,0.0
29.5,0.0,62.0,0.0,0.0,0.0,0.0,18.0,447.0,1117.3,165.94,15.55,1.0,18.0,359.0,934.58,141.88,0.0
44.5,1.0,99.5,0.0,0.0,0.0,0.0,20.0,302.0,705.99,110.24,0.0,0.0,9.0,329.0,659.69,84.98,0.75
44.5,1.0,99.5,0.0,0.0,0.0,0.0,3.0,27.0,86.64,20.7,0.0,1.0,5.0,106.0,276.48,19.06,0.0
49.5,0.0,42.0,1.0,0.0,2.0,0.0,24.0,181369.0,1476.21,132.63,0.0,1.0,36.0,189928.0,1622.37,133.27,0.0
29.5,0.0,112.0,1.0,1.0,0.0,0.0,53.0,196337.0,1544.01,150.15,4.25,1.0,50.0,184563.0,1930.94,233.15,1.0
44.5,1.0,99.5,0.0,0.0,0.0,0.0,2.0,22.0,62.980000000000004,4.6,0.0,0.0,1.0,10.0,35.9,1.8,0.0
29.5,0.0,29.5,0.0,0.0,1.0,0.0,15.0,4921.0,518.91,124.83,0.0,1.0,24.0,11045.0,503.09000000000003,93.95,16.19
44.5,1.0,99.5,0.0,0.0,0.0,0.0,28.0,141.0,239.38,54.7,11.84,1.0,41.0,329.0,581.03,102.67,48.7
44.5,1.0,99.5,0.0,0.0,0.0,0.0,8.0,112.0,270.22,175.7,20.0,1.0,9.0,61.0,145.56,79.77,0.0
44.5,1.0,99.5,0.0,0.0,0.0,0.0,6.0,27.0,52.91,12.120000000000001,0.0,1.0,15.0,112.0,211.78,71.87,0.0
44.5,1.0,99.5,0.0,0.0,0.0,0.0,2.0,4.0,15.92,3.5,0.0,0.0,4.0,8.0,26.01,0.0,0.0
44.5,1.0,99.5,0.0,0.0,0.0,0.0,19.0,196.0,311.64,86.31,3.0,1.0,28.0,285.0,422.81,119.65,1.0
39.5,0.0,62.0,0.0,1.0,4.0,2.0,124.0,4906.0,356.94,60.59,0.0,1.0,114.0,60929.0,528.62,57.08,2.4000000000000004
49.5,0.0,19.5,0.0,0.0,2.0,1.0,14.0,40890.0,484.55,119.14,0.0,0.0,20.0,51605.0,751.96,157.89000000000001,0.0
49.5,0.0,29.5,1.0,0.0,2.0,0.0,109.0,10600.0,1173.3700000000001,246.12,21.95,1.0,140.0,551.0,947.63,222.17,11.74
44.5,1.0,99.5,0.0,0.0,0.0,0.0,1.0,12.0,33.71,3.17,0.0,0.0,5.0,283.0,452.23,58.33,0.0
29.5,0.0,162.0,1.0,0.0,3.0,1.0,5.0,297.0,660.49,102.89,5.9399999999999995,1.0,10.0,587.0,1288.78,207.0,0.75
21.5,0.0,87.0,1.0,0.0,2.0,0.0,12.0,175.0,511.65000000000003,45.0,0.0,1.0,14.0,267.0,790.74,90.71000000000001,0.0
44.5,1.0,99.5,0.0,0.0,0.0,0.0,3.0,54.0,110.18,27.53,2.5,1.0,7.0,114.0,245.81,74.58,0.0
44.5,1.0,99.5,0.0,0.0,0.0,0.0,1.0,18.0,32.29,8.36,0.5,0.0,0.0,0.0,0.0,0.0,0.0
44.5,1.0,99.5,0.0,0.0,0.0,0.0,11.0,212.0,324.05,43.089999999999996,0.0,1.0,17.0,211.0,422.9,52.57,0.0
44.5,1.0,99.5,0.0,0.0,0.0,0.0,0.0,0.0,0.0,0.0,0.0,1.0,5.0,18.0,11.05,4.08,0.0
44.5,1.0,99.5,0.0,0.0,0.0,0.0,6.0,59.0,129.9,28.23,0.55,0.0,9.0,168.0,358.73,82.73,1.0
44.5,1.0,99.5,0.0,0.0,0.0,0.0,70.0,130122.0,1299.72,239.16,0.75,1.0,48.0,70121.0,1173.51,201.38,4.5
39.5,0.0,42.0,1.0,1.0,2.0,0.0,37.0,64855.0,1149.59,148.96,1.0,1.0,35.0,7983.0,943.45,109.47,0.0
49.5,0.0,29.5,1.0,1.0,0.0,0.0,130.0,73363.0,1742.47,272.77,31.240000000000002,1.0,40.0,62184.0,1515.4,316.37,18.02
44.5,1.0,99.5,0.0,0.0,0.0,0.0,6.0,39.0,61.61,12.14,7.75,1.0,7.0,54.0,94.91,14.74,3.5
29.5,0.0,162.0,1.0,0.0,1.0,0.0,21.0,32735.0,705.28,60.589999999999996,0.0,1.0,23.0,54669.0,906.1,86.21,0.0
49.5,0.0,137.0,1.0,0.0,4.0,2.0,12.0,329.0,881.12,88.96000000000001,14.12,1.0,14.0,317.0,851.04,90.79,7.390000000000001
70.0,0.0,7.5,1.0,0.0,3.0,2.0,112.0,508.0,911.21,125.32000000000001,1.0,0.0,27.0,247.0,484.73,68.23,0.0
44.5,1.0,99.5,0.0,0.0,0.0,0.0,14.0,218.0,614.02,69.67,0.0,1.0,16.0,184.0,550.45,59.44,0.0
49.5,0.0,19.5,0.0,0.0,1.0,0.0,62.0,67679.0,807.89,96.36,3.5,0.0,68.0,23460.0,1312.82,173.23,1.11
44.5,1.0,99.5,0.0,0.0,0.0,0.0,16.0,925.0,1654.49,237.15,0.0,1.0,21.0,893.0,1497.76,197.18,0.0
49.5,0.0,87.0,1.0,0.0,1.0,0.0,6.0,35629.0,348.12,27.15,0.0,1.0,5.0,20055.0,438.82,54.43,0.0
29.5,0.0,62.0,0.0,0.0,1.0,0.0,12.0,39511.0,183.49,10.13,0.0,1.0,11.0,77.0,240.89000000000001,39.36,0.0
59.5,0.0,7.5,1.0,0.0,2.0,0.0,9.0,154.0,326.44,47.42,6.1,1.0,10.0,154.0,354.15000000000003,72.77,0.0
44.5,1.0,99.5,0.0,0.0,0.0,0.0,3.0,73.0,173.9,30.29,0.0,0.0,6.0,112.0,188.22,41.26,0.0
44.5,1.0,99.5,0.0,0.0,0.0,0.0,1.0,5.0,12.350000000000001,0.0,0.0,1.0,0.0,0.0,0.0,0.0,0.0
49.5,0.0,7.5,0.0,0.0,2.0,0.0,10.0,187.0,209.56,38.1,0.0,1.0,9.0,101.0,141.93,20.79,0.0
59.5,0.0,62.0,1.0,1.0,2.0,0.0,7.0,16088.0,399.41,55.089999999999996,0.25,1.0,16.0,197.0,533.26,87.44,0.55
44.5,1.0,99.5,0.0,0.0,0.0,0.0,6.0,58.0,132.1,40.41,0.0,1.0,14.0,128.0,278.77,39.91,0.0
39.5,0.0,62.0,1.0,1.0,2.0,0.0,18.0,54844.0,431.4,86.34,4.4,1.0,20.0,83103.0,510.66,108.66,2.29
29.5,0.0,112.0,0.0,0.0,1.0,0.0,7.0,237.0,574.24,89.46,2.0,1.0,9.0,259.0,628.12,77.22,2.0
44.5,1.0,99.5,0.0,0.0,0.0,0.0,9.0,4936.0,124.15,19.86,0.0,0.0,2.0,7.0,13.030000000000001,1.0899999999999999,0.0
49.5,0.0,62.0,1.0,0.0,2.0,0.0,8.0,10990.0,248.06,77.18,3.0,0.0,15.0,26819.0,592.34,154.92,3.0
49.5,0.0,62.0,0.0,0.0,1.0,0.0,16.0,16017.0,500.89,123.75,2.5,1.0,14.0,9779.0,273.56,43.97,0.0
44.5,1.0,99.5,0.0,0.0,0.0,0.0,5.0,101.0,252.39,32.2,0.0,1.0,8.0,90.0,287.63,29.97,0.0
49.5,0.0,29.5,0.0,0.0,1.0,0.0,5.0,155.0,238.42,75.76,0.0,1.0,8.0,176.0,440.87,125.2,1.1
44.5,1.0,99.5,0.0,0.0,0.0,0.0,23.0,113090.0,1559.56,207.17,5.9,1.0,26.0,104003.0,1133.48,154.31,0.0
39.5,0.0,7.5,1.0,1.0,3.0,1.0,14.0,238.0,527.95,104.43,0.0,1.0,18.0,238.0,592.9,115.84,0.0
39.5,0.0,187.0,1.0,1.0,0.0,0.0,13.0,311.0,821.85,103.15,7.25,0.0,31.0,391.0,979.36,145.4,19.35
39.5,0.0,19.5,1.0,0.0,0.0,0.0,5.0,20.0,22.73,4.64,0.0,1.0,2.0,2.0,4.88,0.0,0.0
49.5,0.0,7.5,0.0,0.0,1.0,0.0,8.0,5213.0,465.12,108.89,3.25,0.0,16.0,401.0,776.55,175.08,11.5
44.5,1.0,99.5,0.0,0.0,0.0,0.0,17.0,23936.0,371.0,29.14,0.0,1.0,26.0,48013.0,591.88,55.25,0.0
44.5,1.0,99.5,0.0,0.0,0.0,0.0,3.0,9.0,28.03,0.8300000000000001,0.0,0.0,11.0,141.0,239.83,39.6,1.0
21.5,0.0,7.5,0.0,0.0,1.0,0.0,11.0,241.0,434.75,74.55,7.4,1.0,11.0,8048.0,436.49,81.16,1.0
49.5,0.0,87.0,1.0,1.0,2.0,0.0,7.0,44.0,98.0,21.1,2.5,0.0,6.0,31.0,85.73,13.32,0.0
44.5,1.0,99.5,0.0,0.0,0.0,0.0,3.0,21.0,83.72,8.75,0.0,0.0,6.0,41.0,170.72,8.61,0.0
44.5,1.0,99.5,0.0,0.0,0.0,0.0,20.0,11084.0,476.97,85.88,2.5,1.0,40.0,23338.0,1394.01,248.94,6.0
39.5,0.0,62.0,1.0,1.0,2.0,0.0,28.0,116855.0,1021.3,139.23,0.75,1.0,34.0,142990.0,1217.48,180.98,5.0
44.5,1.0,99.5,0.0,0.0,0.0,0.0,20.0,59218.0,667.65,114.73,12.43,1.0,12.0,51237.0,371.15999999999997,56.83,3.0
44.5,1.0,99.5,0.0,0.0,0.0,0.0,11.0,110.0,262.81,57.11,0.0,1.0,2.0,67.0,117.18,42.61,0.0
29.5,0.0,187.0,0.0,0.0,1.0,0.0,46.0,45357.0,1115.82,63.63,3.76,1.0,55.0,93746.0,1237.48,55.39,0.0
49.5,0.0,187.0,1.0,1.0,2.0,0.0,18.0,75064.0,1080.48,179.19,16.94,1.0,10.0,30551.0,717.14,91.63,5.0
44.5,1.0,99.5,0.0,0.0,0.0,0.0,5.0,9588.0,106.53,50.18,0.0,0.0,8.0,44164.0,450.48,115.58,0.0
44.5,1.0,99.5,0.0,0.0,0.0,0.0,2.0,35.0,53.45,15.59,0.0,0.0,6.0,42.0,71.42,21.59,0.0
44.5,1.0,99.5,0.0,0.0,0.0,0.0,5.0,72.0,80.71,29.82,0.0,1.0,7.0,49.0,67.11,24.52,0.0
44.5,1.0,99.5,0.0,0.0,0.0,0.0,3.0,24.0,79.87,12.75,1.0,0.0,10.0,109.0,285.85,27.25,0.0
44.5,1.0,99.5,0.0,0.0,0.0,0.0,4.0,111.0,329.11,75.01,2.5,0.0,7.0,140.0,456.32,45.77,0.55
49.5,0.0,62.0,1.0,0.0,1.0,0.0,22.0,64.0,209.95,46.15,6.55,1.0,16.0,44.0,121.44,33.410000000000004,4.7
39.5,0.0,62.0,1.0,0.0,2.0,0.0,32.0,71004.0,1375.63,233.39000000000001,26.45,1.0,36.0,71713.0,1441.1,176.97,0.6
39.5,0.0,87.0,1.0,1.0,3.0,1.0,32.0,21383.0,1225.59,440.81,86.69,1.0,39.0,790.0,1444.18,413.64,18.16
44.5,1.0,99.5,0.0,0.0,0.0,0.0,6.0,68.0,144.53,14.459999999999999,0.0,1.0,8.0,90.0,261.65,47.3,4.5
39.5,0.0,62.0,0.0,0.0,1.0,0.0,10.0,395.0,1074.23,105.02,12.4,1.0,12.0,389.0,963.4,101.92,17.35
49.5,0.0,112.0,1.0,0.0,2.0,0.0,13.0,27698.0,380.6,71.12,7.25,1.0,11.0,28079.0,243.58,65.9,6.4
59.5,0.0,42.0,1.0,0.0,1.0,0.0,14.0,20451.0,652.28,201.7,1.0,1.0,14.0,20540.0,618.21,175.44,0.0
39.5,0.0,19.5,1.0,1.0,0.0,0.0,12.0,39912.0,453.41,77.85,0.0,1.0,6.0,104.0,272.56,71.33,0.0
44.5,1.0,99.5,0.0,0.0,0.0,0.0,1.0,5.0,8.26,0.59,0.0,0.0,1.0,4.0,17.759999999999998,6.8,0.0
59.5,0.0,87.0,1.0,1.0,2.0,0.0,9.0,317.0,983.2,107.16,1.0,1.0,10.0,361.0,1064.38,114.13,0.0
44.5,1.0,99.5,0.0,0.0,0.0,0.0,18.0,109.0,209.4,29.64,0.0,0.0,27.0,211.0,287.11,46.67,0.0
44.5,1.0,99.5,0.0,0.0,0.0,0.0,36.0,150418.0,1539.85,251.11,0.0,1.0,58.0,133283.0,1735.95,270.86,0.5
21.5,0.0,29.5,0.0,0.0,1.0,0.0,28.0,21223.0,307.92,47.88,0.0,0.0,31.0,16384.0,326.27,51.519999999999996,0.0
44.5,1.0,99.5,0.0,0.0,0.0,0.0,7.0,80.0,114.0,19.32,0.0,0.0,12.0,170.0,346.94,66.06,0.0
49.5,0.0,275.0,1.0,1.0,2.0,0.0,32.0,520.0,1599.92,126.58,1.0,1.0,28.0,651.0,1946.49,259.58,9.0
21.5,0.0,7.5,0.0,0.0,4.0,0.0,35.0,542.0,1054.31,198.81,0.0,1.0,32.0,434.0,735.85,191.03,0.0
44.5,1.0,99.5,0.0,0.0,0.0,0.0,65.0,526990.0,4786.83,239.2,8.08,0.0,61.0,465038.0,5083.86,270.5,19.41
44.5,1.0,99.5,0.0,0.0,0.0,0.0,26.0,89.0,486.41,85.57,5.0,1.0,14.0,110.0,321.78000000000003,34.33,4.0
44.5,1.0,99.5,0.0,0.0,0.0,0.0,22.0,233.0,443.12,157.25,2.5,0.0,15.0,156.0,323.44,92.49,0.0
44.5,1.0,99.5,0.0,0.0,0.0,0.0,22.0,48778.0,592.48,102.2,2.5,1.0,32.0,74260.0,696.45,93.34,0.0
39.5,0.0,137.0,1.0,0.0,2.0,0.0,17.0,51840.0,497.45,65.59,8.55,1.0,18.0,53563.0,576.39,77.7,1.0
49.5,0.0,87.0,1.0,1.0,3.0,1.0,8.0,84.0,249.26,20.45,0.0,1.0,12.0,220.0,765.79,77.29,7.99
44.5,1.0,99.5,0.0,0.0,0.0,0.0,1.0,4.0,11.71,3.05,1.5,0.0,1.0,9444.0,20.01,0.01,0.0
44.5,1.0,99.5,0.0,0.0,0.0,0.0,14.0,217.0,454.67,61.29,0.0,1.0,20.0,6898.0,586.3100000000001,88.19,0.0
59.5,0.0,137.0,1.0,1.0,2.0,0.0,32.0,60724.0,799.3100000000001,116.55,8.99,1.0,36.0,90748.0,1008.19,144.63,2.0
44.5,1.0,99.5,0.0,0.0,0.0,0.0,16.0,213.0,554.31,86.91,0.0,1.0,16.0,62.0,174.10999999999999,30.56,0.0
49.5,0.0,62.0,1.0,0.0,3.0,2.0,22.0,347.0,1027.77,177.43,0.0,0.0,18.0,302.0,966.14,178.8,1.0
44.5,1.0,99.5,0.0,0.0,0.0,0.0,17.0,27796.0,493.27,128.34,7.25,1.0,35.0,42186.0,738.98,149.7,0.0
39.5,0.0,62.0,1.0,0.0,1.0,0.0,29.0,451.0,1195.73,161.72,0.75,1.0,39.0,499.0,1296.26,174.36,2.5
44.5,1.0,99.5,0.0,0.0,0.0,0.0,11.0,47536.0,250.44,17.3,5.48,1.0,11.0,16569.0,312.25,71.2,10.1
29.5,0.0,42.0,0.0,0.0,2.0,0.0,33.0,429.0,657.25,139.65,1.0,1.0,30.0,399.0,614.16,82.94,0.0
44.5,1.0,99.5,0.0,0.0,0.0,0.0,0.0,0.0,0.0,0.0,0.0,1.0,0.0,0.0,0.0,0.0,0.0
44.5,1.0,99.5,0.0,0.0,0.0,0.0,31.0,34640.0,1050.6,255.57,9.5,0.0,50.0,46696.0,1094.15,248.94,7.0
44.5,1.0,99.5,0.0,0.0,0.0,0.0,56.0,109765.0,1814.64,356.61,1.0,1.0,62.0,125308.0,2151.16,411.69,0.0
44.5,1.0,99.5,0.0,0.0,0.0,0.0,6.0,11372.0,181.78,22.47,0.0,1.0,3.0,76.0,133.52,16.7,0.0
39.5,0.0,62.0,0.0,1.0,2.0,1.0,51.0,38235.0,621.53,113.56,3.75,1.0,52.0,60525.0,896.78,201.9,7.5
44.5,1.0,99.5,0.0,0.0,0.0,0.0,7.0,40.0,104.0,18.1,0.0,0.0,36.0,319.0,747.41,178.06,3.0
70.0,0.0,42.0,1.0,0.0,1.0,0.0,14.0,108.0,209.94,69.31,0.0,1.0,8.0,86.0,168.13,37.12,0.0
44.5,1.0,99.5,0.0,0.0,0.0,0.0,3.0,135.0,208.2,74.36,6.35,0.0,7.0,30.0,53.410000000000004,15.16,0.0
21.5,0.0,42.0,0.0,1.0,2.0,0.0,13.0,12218.0,377.37,109.62,3.0,1.0,7.0,70.0,202.66,25.18,5.65
44.5,1.0,99.5,0.0,0.0,0.0,0.0,22.0,11634.0,496.71,56.08,2.0,1.0,21.0,5136.0,373.9,25.4,0.0
49.5,0.0,42.0,0.0,0.0,1.0,0.0,38.0,1486.0,104.61,14.73,0.0,1.0,56.0,126.0,164.15,23.34,0.7
44.5,1.0,99.5,0.0,0.0,0.0,0.0,7.0,29.0,72.3,9.34,0.0,1.0,20.0,107.0,285.24,50.61,0.0
44.5,1.0,99.5,0.0,0.0,0.0,0.0,9.0,255.0,465.95,88.47,0.0,1.0,9.0,282.0,526.92,104.54,0.0
49.5,0.0,275.0,1.0,0.0,2.0,0.0,9.0,201.0,672.6,66.88,0.0,1.0,21.0,66305.0,1518.1100000000001,123.1,18.389999999999997
44.5,1.0,99.5,0.0,0.0,0.0,0.0,9.0,11717.0,262.83,45.84,0.0,1.0,5.0,80.0,129.47,26.81,0.0
44.5,1.0,99.5,0.0,0.0,0.0,0.0,6.0,67.0,133.91,7.72,0.0,0.0,1.0,14.0,34.63,2.75,0.0
44.5,1.0,99.5,0.0,0.0,0.0,0.0,4.0,32.0,28.69,4.47,0.0,0.0,1.0,9.0,15.86,2.5700000000000003,0.0
44.5,1.0,99.5,0.0,0.0,0.0,0.0,9.0,17264.0,678.3,92.08,3.0,1.0,12.0,13256.0,921.75,138.62,10.15
44.5,1.0,99.5,0.0,0.0,0.0,0.0,6.0,22.0,26.54,8.81,0.0,1.0,14.0,43.0,68.98,16.68,0.0
49.5,0.0,275.0,1.0,1.0,2.0,0.0,26.0,466.0,1138.59,169.87,1.0,1.0,36.0,738.0,1871.75,300.58,1.99
44.5,1.0,99.5,0.0,0.0,0.0,0.0,2.0,6.0,55.03999999999999,4.8,0.0,0.0,1.0,18.0,19.62,2.33,0.0
44.5,1.0,99.5,0.0,0.0,0.0,0.0,15.0,262.0,536.31,100.17,0.0,1.0,19.0,395.0,795.34,169.1,0.0
44.5,1.0,99.5,0.0,0.0,0.0,0.0,4.0,36.0,53.89,21.46,0.0,0.0,5.0,24.0,55.93,11.35,0.0
44.5,1.0,99.5,0.0,0.0,0.0,0.0,10.0,163.0,402.64,36.23,0.0,1.0,12.0,165.0,480.66,37.04,1.0
59.5,0.0,42.0,1.0,0.0,1.0,0.0,7.0,11924.0,185.48,17.86,0.0,1.0,11.0,54323.0,534.6,62.77,0.0
44.5,1.0,99.5,0.0,0.0,0.0,0.0,6.0,29.0,57.45,7.58,0.0,0.0,5.0,56.0,128.63,23.39,0.0
44.5,1.0,99.5,0.0,0.0,0.0,0.0,10.0,69.0,192.35999999999999,27.39,0.0,0.0,8.0,136.0,255.10999999999999,38.82,0.0
44.5,1.0,99.5,0.0,0.0,0.0,0.0,9.0,211.0,419.2,73.18,0.0,0.0,16.0,205.0,440.59,84.85,0.0
49.5,0.0,87.0,0.0,0.0,1.0,0.0,18.0,45203.0,581.91,73.2,8.1,1.0,17.0,33213.0,653.4,75.83,8.6
44.5,1.0,99.5,0.0,0.0,0.0,0.0,10.0,22847.0,248.22,30.37,0.0,0.0,4.0,63.0,255.64000000000001,49.22,0.0
29.5,0.0,29.5,1.0,0.0,1.0,0.0,7.0,28.0,57.14,9.33,0.0,0.0,7.0,18.0,59.260000000000005,8.74,5.29
44.5,1.0,99.5,0.0,0.0,0.0,0.0,7.0,41.0,96.54,12.95,0.0,1.0,6.0,55.0,139.79,17.919999999999998,0.0
44.5,1.0,99.5,0.0,0.0,0.0,0.0,1.0,2.0,5.98,2.0,0.0,0.0,0.0,0.0,0.0,0.0,0.0
44.5,1.0,99.5,0.0,0.0,0.0,0.0,11.0,164.0,305.97,62.38,0.0,1.0,7.0,170.0,363.65,96.68,0.0
44.5,1.0,99.5,0.0,0.0,0.0,0.0,2.0,44.0,98.79,8.68,0.0,0.0,1.0,26.0,33.76,0.0,0.0
39.5,0.0,62.0,0.0,1.0,4.0,2.0,9.0,32843.0,512.02,61.81,8.99,1.0,16.0,16778.0,671.21,128.8,2.75
44.5,1.0,99.5,0.0,0.0,0.0,0.0,6.0,67.0,206.29,18.34,1.0,1.0,9.0,4579.0,268.1,27.47,0.0
49.5,0.0,42.0,0.0,0.0,1.0,0.0,13.0,53869.0,637.42,134.92,1.55,1.0,16.0,19936.0,515.8,142.35,3.29
49.5,0.0,42.0,1.0,0.0,1.0,0.0,81.0,2671.0,316.07,38.81,1.75,1.0,70.0,21480.0,442.28,35.35,0.0
49.5,0.0,62.0,1.0,0.0,1.0,0.0,26.0,5534.0,515.92,140.08,1.0,1.0,21.0,20860.0,305.32,64.14,0.0
29.5,0.0,62.0,1.0,0.0,1.0,0.0,15.0,27917.0,896.54,133.16,82.72,1.0,17.0,794.0,1782.92,297.86,89.91
29.5,0.0,62.0,1.0,0.0,1.0,0.0,25.0,58413.0,641.6,104.82,0.0,0.0,33.0,50124.0,694.72,83.12,0.0
44.5,1.0,99.5,0.0,0.0,0.0,0.0,11.0,116.0,138.31,88.88,4.5,1.0,24.0,9529.0,181.48,91.71,1.5
49.5,0.0,19.5,1.0,0.0,1.0,0.0,21.0,278.0,527.7,129.48,7.0,1.0,13.0,141.0,321.57,83.85000000000001,7.98
29.5,0.0,62.0,0.0,0.0,2.0,0.0,33.0,30863.0,810.83,149.57,0.0,1.0,26.0,37292.0,880.61,209.57999999999998,0.0
39.5,0.0,162.0,1.0,1.0,3.0,1.0,28.0,100739.0,1952.22,171.4,15.21,0.0,34.0,133089.0,1932.13,168.12,46.129999999999995
44.5,1.0,99.5,0.0,0.0,0.0,0.0,0.0,0.0,0.0,0.0,0.0,0.0,5.0,89.0,158.24,34.43,0.0
44.5,1.0,99.5,0.0,0.0,0.0,0.0,11.0,14976.0,676.34,153.13,0.0,0.0,18.0,53927.0,1324.86,242.57,0.0
39.5,0.0,19.5,0.0,1.0,4.0,2.0,12.0,92.0,121.8,17.33,3.99,1.0,13.0,159.0,200.75,26.46,0.0
44.5,1.0,99.5,0.0,0.0,0.0,0.0,7.0,73.0,173.51,44.36,0.0,1.0,5.0,72.0,129.79,28.2,0.0
39.5,0.0,7.5,0.0,0.0,4.0,2.0,8.0,111.0,194.36,31.93,0.35,0.0,5.0,36.0,55.25,13.370000000000001,0.5
44.5,1.0,99.5,0.0,0.0,0.0,0.0,0.0,0.0,0.0,0.0,0.0,0.0,5.0,17.0,47.24,4.66,7.23
44.5,1.0,99.5,0.0,0.0,0.0,0.0,8.0,57.0,245.96,27.94,0.0,1.0,13.0,133.0,433.2,73.55,9.0
44.5,1.0,99.5,0.0,0.0,0.0,0.0,10.0,40.0,155.2,13.44,0.0,1.0,9.0,79.0,215.25,24.1,3.0
49.5,0.0,42.0,0.0,0.0,1.0,0.0,16.0,205.0,385.08,93.88000000000001,5.59,1.0,23.0,4958.0,731.91,112.06,0.75
44.5,1.0,99.5,0.0,0.0,0.0,0.0,12.0,92.0,188.55,58.67,0.0,0.0,6.0,24.0,65.33,11.35,1.0
39.5,0.0,62.0,0.0,0.0,1.0,0.0,17.0,271.0,592.49,42.51,0.0,0.0,19.0,318.0,795.6800000000001,78.21,0.0
44.5,1.0,99.5,0.0,0.0,0.0,0.0,5.0,89.0,156.36,28.59,0.0,0.0,1.0,30.0,63.68,13.81,0.0
44.5,1.0,99.5,0.0,0.0,0.0,0.0,7.0,53.0,81.36,20.37,0.0,1.0,20.0,258.0,518.42,178.35,4.3
44.5,1.0,99.5,0.0,0.0,0.0,0.0,8.0,38.0,57.37,9.91,0.0,1.0,11.0,47.0,98.27,22.330000000000002,0.0
49.5,0.0,19.5,1.0,1.0,2.0,0.0,12.0,134.0,354.94,24.44,0.0,0.0,17.0,178.0,354.03000000000003,79.51,0.5
44.5,1.0,99.5,0.0,0.0,0.0,0.0,7.0,15807.0,148.64000000000001,17.27,0.0,1.0,13.0,50069.0,742.4,116.02,0.0
44.5,1.0,99.5,0.0,0.0,0.0,0.0,4.0,34.0,72.0,10.64,0.0,0.0,3.0,28.0,94.99,2.4,0.0
44.5,1.0,99.5,0.0,0.0,0.0,0.0,4.0,11217.0,85.1,14.98,0.0,0.0,9.0,68.0,170.85,24.58,0.0
44.5,1.0,99.5,0.0,0.0,0.0,0.0,4.0,19.0,68.29,2.01,0.0,0.0,6.0,82.0,153.83,45.63,0.0
44.5,1.0,99.5,0.0,0.0,0.0,0.0,34.0,463.0,1049.76,166.62,5.49,1.0,44.0,526.0,1096.19,253.24,1.0
44.5,1.0,99.5,0.0,0.0,0.0,0.0,8.0,54.0,64.25,27.43,1.99,1.0,4.0,67.0,75.99,13.549999999999999,0.55
44.5,1.0,99.5,0.0,0.0,0.0,0.0,18.0,114.0,328.49,36.33,0.0,1.0,32.0,9358.0,823.8,134.74,3.0
39.5,0.0,42.0,0.0,0.0,2.0,0.0,34.0,56584.0,1250.4,165.05,2.0,1.0,25.0,43247.0,725.73,130.16,0.0
44.5,1.0,99.5,0.0,0.0,0.0,0.0,12.0,35.0,61.730000000000004,10.56,0.0,1.0,4.0,16.0,30.53,3.11,0.0
49.5,0.0,29.5,0.0,0.0,1.0,0.0,40.0,366.0,554.46,28.470000000000002,0.0,1.0,51.0,409.0,722.71,46.55,0.0
39.5,0.0,29.5,1.0,0.0,1.0,0.0,14.0,35563.0,270.46,74.09,7.05,0.0,15.0,53348.0,607.62,144.05,7.15
59.5,0.0,7.5,0.0,0.0,1.0,0.0,33.0,107.0,134.77,22.31,0.0,1.0,10.0,41.0,47.8,4.48,0.0
44.5,1.0,99.5,0.0,0.0,0.0,0.0,2.0,24.0,63.74,14.0,0.0,1.0,8.0,56.0,149.51,38.03,0.0
29.5,0.0,62.0,0.0,0.0,1.0,0.0,6.0,18672.0,251.92,36.18,2.0,1.0,28.0,27157.0,889.61,157.82,5.1
39.5,0.0,42.0,1.0,1.0,3.0,1.0,31.0,31753.0,652.85,135.12,0.0,1.0,15.0,9746.0,267.84,53.28,0.0
29.5,0.0,62.0,1.0,0.0,1.0,0.0,30.0,119472.0,1447.72,252.38,0.0,1.0,41.0,121648.0,1812.29,295.37,16.35
49.5,0.0,19.5,1.0,1.0,2.0,0.0,8.0,97648.0,786.37,103.5,0.0,1.0,16.0,108067.0,909.38,116.52,0.0
49.5,0.0,62.0,0.0,0.0,1.0,0.0,13.0,55369.0,714.8100000000001,81.86,4.0,0.0,13.0,66142.0,520.88,42.56,9.0
49.5,0.0,29.5,0.0,0.0,4.0,2.0,7.0,101.0,199.65,30.57,2.5,1.0,9.0,150.0,284.21,61.06,1.0
59.5,0.0,87.0,1.0,0.0,1.0,0.0,15.0,59703.0,710.14,117.21,6.99,1.0,24.0,83400.0,928.72,192.73,14.4
44.5,1.0,99.5,0.0,0.0,0.0,0.0,7.0,20971.0,368.95,106.41,0.0,0.0,3.0,145.0,286.49,58.32,9.78
29.5,0.0,62.0,1.0,1.0,4.0,2.0,20.0,188.0,346.12,94.23,4.5,1.0,16.0,242.0,447.68,115.69,2.92
44.5,1.0,99.5,0.0,0.0,0.0,0.0,20.0,8494.0,354.28000000000003,31.9,0.0,1.0,14.0,86.0,218.74,14.92,0.0
49.5,0.0,87.0,1.0,1.0,2.0,1.0,5.0,229.0,549.37,80.62,0.55,1.0,4.0,98.0,311.57,40.85,0.0
29.5,0.0,42.0,1.0,1.0,2.0,0.0,45.0,475.0,955.48,157.05,1.0,1.0,47.0,535.0,1186.47,193.11,0.0
44.5,1.0,99.5,0.0,0.0,0.0,0.0,10.0,68.0,138.99,31.09,0.0,1.0,9.0,74.0,157.94,65.27,0.0
49.5,0.0,42.0,0.0,1.0,2.0,1.0,7.0,146.0,291.08,55.370000000000005,0.0,0.0,8.0,143.0,251.72,57.89,0.2
49.5,0.0,137.0,1.0,1.0,0.0,0.0,53.0,233738.0,2585.43,263.74,5.6,1.0,46.0,238850.0,3036.93,253.97,11.45
29.5,0.0,29.5,0.0,1.0,2.0,0.0,15.0,116.0,314.35,44.17,0.0,1.0,18.0,26834.0,381.92,33.24,0.0
44.5,1.0,99.5,0.0,0.0,0.0,0.0,34.0,253.0,629.45,113.28,4.65,1.0,42.0,33583.0,1028.01,168.61,5.8
29.5,0.0,42.0,0.0,0.0,3.0,1.0,12.0,84.0,167.22,29.330000000000002,0.0,1.0,17.0,96.0,216.58,45.36,1.0
49.5,0.0,7.5,1.0,1.0,2.0,0.0,12.0,121.0,315.08,84.71,18.9,1.0,9.0,81.0,174.82,38.11,5.25
44.5,1.0,99.5,0.0,0.0,0.0,0.0,10.0,90.0,163.93,26.71,0.0,1.0,3.0,13.0,24.26,2.5100000000000002,0.0
44.5,1.0,99.5,0.0,0.0,0.0,0.0,4.0,8.0,18.54,1.58,0.0,0.0,3.0,6.0,14.75,2.49,0.0
44.5,1.0,99.5,0.0,0.0,0.0,0.0,1.0,6.0,6.13,0.82,0.0,0.0,6.0,94.0,170.65,47.19,0.0
44.5,1.0,99.5,0.0,0.0,0.0,0.0,25.0,160.0,278.12,54.68,0.0,1.0,22.0,160.0,273.46,56.42,0.0
29.5,0.0,19.5,1.0,1.0,3.0,1.0,2.0,104.0,190.83,42.33,0.0,1.0,6.0,205.0,394.72,88.46,7.7
44.5,1.0,99.5,0.0,0.0,0.0,0.0,3.0,53.0,130.18,30.31,0.0,1.0,2.0,25.0,77.69,11.87,0.0
39.5,0.0,137.0,1.0,0.0,2.0,0.0,21.0,541.0,1170.59,201.36,0.79,1.0,25.0,17399.0,1302.92,225.17,0.0
44.5,1.0,99.5,0.0,0.0,0.0,0.0,24.0,95.0,202.7,31.68,0.0,1.0,28.0,81.0,195.59,38.25,0.0
44.5,1.0,99.5,0.0,0.0,0.0,0.0,10.0,43983.0,486.65000000000003,68.37,0.0,1.0,6.0,7165.0,406.38,73.93,0.0
44.5,1.0,99.5,0.0,0.0,0.0,0.0,51.0,293.0,623.2,163.16,36.03,1.0,52.0,366.0,1009.79,208.75,76.67
44.5,1.0,99.5,0.0,0.0,0.0,0.0,12.0,9976.0,178.93,49.65,1.19,1.0,12.0,70.0,133.43,33.79,0.0
70.0,0.0,62.0,1.0,0.0,1.0,0.0,9.0,280.0,766.9300000000001,59.2,0.55,1.0,15.0,346.0,914.9300000000001,68.06,3.5
44.5,1.0,99.5,0.0,0.0,0.0,0.0,37.0,17474.0,311.71,46.94,3.45,1.0,29.0,72.0,211.44,25.330000000000002,1.0
44.5,1.0,99.5,0.0,0.0,0.0,0.0,32.0,61737.0,241.47,16.93,0.0,1.0,24.0,68399.0,233.3,6.84,0.0
44.5,1.0,99.5,0.0,0.0,0.0,0.0,5.0,70.0,206.72,29.82,0.0,0.0,15.0,19317.0,446.25,36.61,0.0
44.5,1.0,99.5,0.0,0.0,0.0,0.0,13.0,176.0,346.37,37.68,0.0,1.0,20.0,192.0,506.26,77.46000000000001,4.0
44.5,1.0,99.5,0.0,0.0,0.0,0.0,57.0,139464.0,651.11,57.76,0.0,1.0,51.0,68843.0,833.27,134.72,11.58
44.5,1.0,99.5,0.0,0.0,0.0,0.0,14.0,137.0,350.87,47.65,1.55,1.0,9.0,138.0,320.64,45.12,6.5
44.5,1.0,99.5,0.0,0.0,0.0,0.0,6.0,32.0,88.48,19.43,0.0,1.0,1.0,5.0,7.28,0.97,0.0
44.5,1.0,99.5,0.0,0.0,0.0,0.0,7.0,52.0,87.09,9.620000000000001,0.0,1.0,20.0,287.0,681.5600000000001,88.15,0.0
44.5,1.0,99.5,0.0,0.0,0.0,0.0,5.0,39.0,101.36,12.3,0.0,1.0,0.0,0.0,0.0,0.0,0.0
44.5,1.0,99.5,0.0,0.0,0.0,0.0,24.0,148.0,196.66,38.2,14.99,1.0,26.0,222.0,412.33,80.92,14.74
49.5,0.0,19.5,1.0,1.0,0.0,0.0,11.0,148.0,358.1,54.54,0.0,0.0,10.0,173.0,343.09,96.22,0.0
44.5,1.0,99.5,0.0,0.0,0.0,0.0,8.0,283.0,622.23,72.05,2.0,1.0,12.0,7498.0,848.44,126.44,0.0
49.5,0.0,62.0,1.0,1.0,2.0,0.0,12.0,113.0,293.17,46.04,0.0,1.0,17.0,159.0,371.59000000000003,87.59,0.0
21.5,0.0,42.0,0.0,0.0,2.0,0.0,27.0,106.0,178.77,47.77,0.0,1.0,19.0,100.0,166.87,29.75,0.0
39.5,0.0,29.5,0.0,0.0,1.0,0.0,15.0,17364.0,285.88,36.13,2.0,1.0,22.0,5051.0,512.3100000000001,86.42,6.7
44.5,1.0,99.5,0.0,0.0,0.0,0.0,1.0,4.0,8.93,0.0,0.0,0.0,1.0,2.0,2.58,0.4,0.0
44.5,1.0,99.5,0.0,0.0,0.0,0.0,27.0,5241.0,330.96,51.19,0.0,1.0,38.0,369.0,945.09,123.98,0.0
44.5,1.0,99.5,0.0,0.0,0.0,0.0,8.0,20211.0,135.94,37.120000000000005,0.0,1.0,11.0,9502.0,113.04,9.56,1.65
39.5,0.0,62.0,0.0,0.0,1.0,0.0,19.0,42584.0,194.66,23.42,0.0,1.0,21.0,29588.0,226.98,63.730000000000004,0.0
49.5,0.0,29.5,1.0,1.0,2.0,0.0,63.0,10053.0,984.37,128.03,0.0,1.0,80.0,462.0,976.76,129.16,15.4
49.5,0.0,62.0,1.0,0.0,1.0,0.0,41.0,166.0,762.14,64.94,0.0,1.0,47.0,178.0,673.4,63.67,0.5
44.5,1.0,99.5,0.0,0.0,0.0,0.0,7.0,36.0,116.37,22.69,0.0,0.0,5.0,16.0,59.35,3.99,0.0
44.5,1.0,99.5,0.0,0.0,0.0,0.0,4.0,15.0,58.36,1.65,0.0,0.0,8.0,32.0,111.09,6.7700000000000005,0.0
44.5,1.0,99.5,0.0,0.0,0.0,0.0,3.0,8632.0,112.03,16.87,0.0,1.0,4.0,115.0,214.52,33.8,0.0
21.5,0.0,19.5,1.0,1.0,3.0,1.0,11.0,54.0,119.89,7.48,4.0,1.0,15.0,54.0,83.93,18.259999999999998,0.0
29.5,0.0,87.0,0.0,1.0,2.0,0.0,39.0,51973.0,741.65,78.21,0.75,1.0,43.0,63764.0,742.1800000000001,92.59,0.0
44.5,1.0,99.5,0.0,0.0,0.0,0.0,1.0,127.0,190.76,39.92,0.0,0.0,11.0,210.0,403.46999999999997,69.55,1.0
44.5,1.0,99.5,0.0,0.0,0.0,0.0,14.0,70.0,138.23,21.17,0.0,1.0,32.0,20135.0,416.99,70.83,0.0
44.5,1.0,99.5,0.0,0.0,0.0,0.0,3.0,141.0,288.52,60.53,0.0,0.0,6.0,60.0,106.88,29.6,5.1
39.5,0.0,87.0,1.0,1.0,0.0,0.0,12.0,289.0,615.1,51.15,0.0,0.0,21.0,17653.0,772.07,118.67999999999999,1.1
29.5,0.0,19.5,0.0,0.0,1.0,0.0,31.0,32756.0,332.36,51.05,0.0,1.0,39.0,79862.0,436.1,28.47,0.0
29.5,0.0,112.0,0.0,0.0,1.0,0.0,14.0,26691.0,345.0,60.01,0.0,0.0,31.0,82243.0,696.48,84.58,0.0
29.5,0.0,62.0,1.0,0.0,2.0,0.0,13.0,100386.0,710.62,85.51,19.63,1.0,12.0,30640.0,580.78,81.29,1.11
44.5,1.0,99.5,0.0,0.0,0.0,0.0,2.0,17.0,24.53,7.9,0.0,0.0,7.0,46.0,105.36,19.53,0.0
44.5,1.0,99.5,0.0,0.0,0.0,0.0,0.0,0.0,0.0,0.0,0.0,0.0,3.0,8.0,7.18,0.0,0.0
44.5,1.0,99.5,0.0,0.0,0.0,0.0,5.0,26.0,58.54,5.52,0.0,0.0,7.0,22.0,81.42,7.96,0.0
44.5,1.0,99.5,0.0,0.0,0.0,0.0,6.0,142.0,248.01,45.54,0.0,1.0,6.0,15476.0,269.73,44.51,0.0
44.5,1.0,99.5,0.0,0.0,0.0,0.0,2.0,7.0,17.060000000000002,1.2,0.0,0.0,10.0,60.0,165.03,19.43,0.0
44.5,1.0,99.5,0.0,0.0,0.0,0.0,58.0,98.0,143.86,15.68,0.0,1.0,39.0,84.0,199.94,21.99,0.0
44.5,1.0,99.5,0.0,0.0,0.0,0.0,3.0,27.0,34.49,18.009999999999998,0.0,0.0,9.0,110.0,194.42000000000002,48.730000000000004,0.0
44.5,1.0,99.5,0.0,0.0,0.0,0.0,1.0,2.0,4.38,1.0,0.0,0.0,1.0,3.0,17.33,0.0,0.0
21.5,0.0,29.5,0.0,0.0,1.0,0.0,39.0,5204.0,550.9,85.94,0.4,0.0,34.0,2674.0,504.27,108.82,0.0
49.5,0.0,42.0,1.0,1.0,3.0,1.0,16.0,163.0,355.02,66.95,1.9,1.0,22.0,251.0,508.87,95.43,10.4
49.5,0.0,62.0,0.0,0.0,1.0,0.0,68.0,20172.0,1228.89,345.74,7.3,1.0,71.0,17759.0,1134.09,247.36,9.75
44.5,1.0,99.5,0.0,0.0,0.0,0.0,22.0,12918.0,665.97,76.79,20.23,1.0,9.0,24036.0,190.04,13.030000000000001,0.0
44.5,1.0,99.5,0.0,0.0,0.0,0.0,24.0,126.0,206.21,80.83,0.0,1.0,18.0,194.0,366.22,113.49,0.0
44.5,1.0,99.5,0.0,0.0,0.0,0.0,0.0,0.0,0.0,0.0,0.0,0.0,2.0,4.0,17.16,0.0,0.0
44.5,1.0,99.5,0.0,0.0,0.0,0.0,5.0,82.0,117.44,25.42,0.0,0.0,4.0,74.0,103.91,16.45,0.0
39.5,0.0,137.0,0.0,1.0,2.0,1.0,105.0,41539.0,1044.41,126.03999999999999,1.0,1.0,78.0,302.0,876.08,89.02,0.0
44.5,1.0,99.5,0.0,0.0,0.0,0.0,17.0,10643.0,267.59000000000003,46.33,0.0,0.0,15.0,135.0,313.79,69.94,0.0
49.5,0.0,62.0,1.0,0.0,2.0,0.0,12.0,30789.0,260.01,44.82,0.0,1.0,17.0,69322.0,544.09,107.91,0.55
39.5,0.0,62.0,1.0,0.0,2.0,0.0,46.0,445.0,1247.04,192.31,2.5,1.0,45.0,428.0,1116.9,148.84,0.0
70.0,0.0,29.5,1.0,0.0,1.0,0.0,7.0,3803.0,33.07,2.18,0.0,1.0,10.0,61.0,127.49,28.150000000000002,1.55
44.5,1.0,99.5,0.0,0.0,0.0,0.0,6.0,55.0,160.93,18.29,0.0,0.0,9.0,124.0,290.61,50.26,0.0
70.0,0.0,7.5,1.0,0.0,2.0,0.0,2.0,5872.0,78.00999999999999,10.66,0.0,1.0,9.0,264.0,562.13,140.78,0.0
44.5,1.0,99.5,0.0,0.0,0.0,0.0,31.0,208.0,302.63,66.54,0.0,1.0,23.0,96.0,153.01,22.83,0.0
44.5,1.0,99.5,0.0,0.0,0.0,0.0,3.0,13.0,42.07,10.450000000000001,0.0,1.0,4.0,36.0,71.31,19.23,0.0
44.5,1.0,99.5,0.0,0.0,0.0,0.0,3.0,12.0,32.63,8.35,0.0,0.0,7.0,26.0,52.29,9.53,0.0
44.5,1.0,99.5,0.0,0.0,0.0,0.0,26.0,1880.0,128.38,25.669999999999998,0.55,1.0,11.0,45.0,52.0,9.19,0.0
44.5,1.0,99.5,0.0,0.0,0.0,0.0,0.0,0.0,0.0,0.0,0.0,0.0,1.0,5.0,10.81,1.78,0.0
70.0,0.0,62.0,0.0,0.0,1.0,0.0,5.0,108.0,198.37,25.34,0.0,1.0,6.0,109.0,254.01000000000002,41.8,2.5
44.5,1.0,99.5,0.0,0.0,0.0,0.0,2.0,6.0,13.49,4.75,0.0,1.0,0.0,0.0,0.0,0.0,0.0
44.5,1.0,99.5,0.0,0.0,0.0,0.0,9.0,189.0,418.64,64.22,0.0,0.0,14.0,45805.0,489.59000000000003,65.08,2.0
29.5,0.0,87.0,1.0,1.0,2.0,1.0,3.0,147.0,324.55,61.76,0.5,0.0,2.0,64.0,139.92000000000002,17.59,0.0
44.5,1.0,99.5,0.0,0.0,0.0,0.0,8.0,89.0,241.94,34.92,0.0,0.0,31.0,38409.0,606.79,71.41,3.0
44.5,1.0,99.5,0.0,0.0,0.0,0.0,6.0,99.0,216.04,37.06,0.0,0.0,5.0,58.0,109.12,29.9,0.0
44.5,1.0,99.5,0.0,0.0,0.0,0.0,0.0,0.0,0.0,0.0,0.0,0.0,19.0,55.0,84.14,15.45,0.4
39.5,0.0,112.0,0.0,1.0,3.0,1.0,9.0,16518.0,346.5,34.84,4.29,1.0,11.0,166.0,430.14,53.53,0.4
39.5,0.0,137.0,0.0,0.0,1.0,0.0,16.0,17316.0,496.78,102.45,0.0,1.0,31.0,31800.0,984.53,195.06,1.0
44.5,1.0,99.5,0.0,0.0,0.0,0.0,27.0,374.0,1161.69,179.32,2.0,0.0,11.0,107.0,319.61,54.97,0.0
49.5,0.0,87.0,1.0,0.0,1.0,0.0,8.0,71.0,117.78,32.05,0.0,1.0,10.0,82.0,133.84,24.44,0.0
44.5,1.0,99.5,0.0,0.0,0.0,0.0,20.0,124.0,208.31,38.83,0.0,1.0,18.0,136.0,275.5,74.2,0.0
29.5,0.0,62.0,1.0,1.0,4.0,2.0,14.0,57603.0,1188.23,195.47,32.74,1.0,21.0,90831.0,1119.83,144.7,30.08
44.5,1.0,99.5,0.0,0.0,0.0,0.0,10.0,157.0,381.52,87.73,5.55,1.0,13.0,137.0,377.58,95.47,10.48
49.5,0.0,29.5,0.0,1.0,2.0,1.0,24.0,49500.0,671.87,137.42,2.5,1.0,39.0,59949.0,1343.45,272.21,9.629999999999999
44.5,1.0,99.5,0.0,0.0,0.0,0.0,26.0,19026.0,309.23,72.2,5.220000000000001,1.0,39.0,41647.0,478.18,74.36,0.0
49.5,0.0,42.0,1.0,1.0,2.0,0.0,14.0,194.0,296.92,84.32000000000001,5.99,1.0,14.0,268.0,458.23,145.75,6.94
39.5,0.0,19.5,0.0,0.0,1.0,0.0,18.0,17883.0,383.5,105.94,3.0,1.0,20.0,9646.0,338.12,79.83,3.5
70.0,0.0,42.0,1.0,0.0,1.0,0.0,15.0,80.0,155.52,18.59,3.94,1.0,18.0,106.0,182.1,22.68,2.59
49.5,0.0,62.0,0.0,0.0,2.0,1.0,11.0,136.0,326.04,30.02,1.0,1.0,8.0,85.0,274.21,21.34,1.99
44.5,1.0,99.5,0.0,0.0,0.0,0.0,21.0,25197.0,695.77,139.65,5.25,1.0,12.0,22310.0,613.33,168.17,5.1
44.5,1.0,99.5,0.0,0.0,0.0,0.0,10.0,10081.0,413.64,48.949999999999996,1.0,1.0,7.0,124.0,251.11,32.26,0.6
44.5,1.0,99.5,0.0,0.0,0.0,0.0,5.0,14923.0,232.97,18.79,0.0,0.0,5.0,73.0,128.51,19.24,0.0
59.5,0.0,19.5,0.0,0.0,3.0,1.0,32.0,198.0,330.73,94.23,2.5,1.0,29.0,359.0,695.4300000000001,156.86,2.75
29.5,0.0,62.0,0.0,1.0,2.0,1.0,7.0,15118.0,220.51,12.82,1.0,0.0,4.0,15.0,23.150000000000002,5.48,0.0
29.5,0.0,62.0,0.0,1.0,2.0,1.0,7.0,125.0,365.40000000000003,50.78,12.0,1.0,12.0,31179.0,630.84,120.98,5.63
44.5,1.0,99.5,0.0,0.0,0.0,0.0,3.0,24.0,38.17,10.64,0.0,0.0,3.0,9.0,14.32,2.5199999999999996,0.0
44.5,1.0,99.5,0.0,0.0,0.0,0.0,11.0,133.0,284.55,69.08,4.0,0.0,8.0,81.0,158.95,27.84,0.8
49.5,0.0,62.0,0.0,0.0,1.0,0.0,23.0,225.0,556.9300000000001,105.74,0.0,1.0,34.0,4446.0,805.8100000000001,160.53,3.05
44.5,1.0,99.5,0.0,0.0,0.0,0.0,3.0,14.0,55.760000000000005,13.299999999999999,0.0,1.0,2.0,6.0,39.29,1.9000000000000001,4.0
49.5,0.0,19.5,0.0,0.0,1.0,0.0,12.0,26253.0,318.85,20.2,0.75,1.0,10.0,18313.0,160.44,29.310000000000002,0.0
39.5,0.0,87.0,1.0,1.0,3.0,1.0,11.0,302.0,728.54,167.07,61.85,1.0,12.0,407.0,882.68,202.05,90.47
44.5,1.0,99.5,0.0,0.0,0.0,0.0,12.0,121.0,260.62,28.27,0.0,1.0,14.0,146.0,342.26,46.35,0.75
44.5,1.0,99.5,0.0,0.0,0.0,0.0,5.0,19.0,65.96,4.16,0.0,0.0,5.0,46.0,123.62,11.790000000000001,0.0
39.5,0.0,29.5,1.0,1.0,3.0,1.0,51.0,127383.0,1755.0,396.66,24.6,1.0,35.0,94399.0,1362.28,354.3,29.79
29.5,0.0,62.0,1.0,1.0,2.0,0.0,40.0,235921.0,2089.07,222.06,0.75,1.0,33.0,223547.0,1224.6,133.23,0.0
29.5,0.0,87.0,1.0,0.0,2.0,0.0,18.0,193.0,344.5,85.17,2.0,0.0,36.0,62474.0,689.05,139.87,1.0
44.5,1.0,99.5,0.0,0.0,0.0,0.0,14.0,111.0,292.36,26.2,0.0,1.0,16.0,266.0,680.1800000000001,71.18,3.0
44.5,1.0,99.5,0.0,0.0,0.0,0.0,6.0,11809.0,263.91,15.879999999999999,0.0,0.0,7.0,12270.0,244.22,22.12,0.0
49.5,0.0,87.0,1.0,0.0,2.0,0.0,25.0,334.0,706.26,87.24,0.0,1.0,20.0,296.0,717.32,94.49,0.99
49.5,0.0,7.5,1.0,0.0,2.0,0.0,40.0,150158.0,1317.93,121.79,6.75,1.0,44.0,158647.0,1708.63,170.05,6.4
44.5,1.0,99.5,0.0,0.0,0.0,0.0,0.0,0.0,0.0,0.0,0.0,0.0,3.0,25.0,43.730000000000004,5.91,0.0
44.5,1.0,99.5,0.0,0.0,0.0,0.0,7.0,27906.0,262.82,72.59,0.0,0.0,15.0,14166.0,360.04,86.79,0.0
49.5,0.0,62.0,1.0,0.0,1.0,0.0,15.0,41629.0,603.56,152.2,10.7,1.0,24.0,155197.0,840.9399999999999,166.02,28.45
59.5,0.0,162.0,1.0,1.0,2.0,0.0,26.0,35539.0,1096.52,160.44,0.4,1.0,19.0,379.0,1051.84,116.15,0.7
44.5,1.0,99.5,0.0,0.0,0.0,0.0,28.0,18238.0,433.0,83.82,0.0,0.0,23.0,35064.0,267.91,51.56,0.0
44.5,1.0,99.5,0.0,0.0,0.0,0.0,25.0,19579.0,695.37,105.02,0.0,1.0,13.0,114.0,353.33,53.42,0.0
29.5,0.0,42.0,0.0,0.0,1.0,0.0,4.0,29.0,53.75,12.82,0.0,1.0,10.0,71.0,143.53,23.419999999999998,0.0
44.5,1.0,99.5,0.0,0.0,0.0,0.0,26.0,119.0,134.0,39.62,0.0,1.0,20.0,91.0,108.09,30.86,0.0
39.5,0.0,62.0,1.0,1.0,4.0,2.0,12.0,72762.0,601.22,128.02,0.25,1.0,21.0,121374.0,900.24,194.85,0.0
70.0,0.0,42.0,1.0,1.0,2.0,0.0,7.0,17.0,36.15,5.48,0.0,1.0,16.0,43.0,122.44,24.04,0.0
29.5,0.0,29.5,0.0,0.0,1.0,0.0,16.0,68930.0,717.39,111.13,9.85,1.0,21.0,105961.0,848.74,116.84,20.4
49.5,0.0,19.5,1.0,0.0,1.0,0.0,15.0,4984.0,155.3,25.94,1.0,1.0,21.0,7247.0,203.88,20.78,1.55
59.5,0.0,112.0,1.0,1.0,4.0,2.0,16.0,146.0,335.71,55.43,3.4,0.0,24.0,348.0,824.04,160.15,8.24
39.5,0.0,19.5,0.0,1.0,4.0,2.0,13.0,205.0,308.45,70.16,0.55,1.0,12.0,176.0,288.58,65.36,0.0
44.5,1.0,99.5,0.0,0.0,0.0,0.0,22.0,47913.0,993.78,113.08999999999999,5.1,1.0,24.0,30280.0,1077.72,122.38,3.0
44.5,1.0,99.5,0.0,0.0,0.0,0.0,62.0,20141.0,432.43,85.53999999999999,1.29,1.0,35.0,87.0,192.44,54.98,0.0
49.5,0.0,42.0,0.0,0.0,1.0,0.0,18.0,161.0,358.24,33.0,0.0,1.0,23.0,192.0,454.94,55.73,0.0
29.5,0.0,62.0,0.0,0.0,1.0,0.0,9.0,45837.0,214.02,37.82,2.75,1.0,11.0,30830.0,374.88,63.58,19.62
49.5,0.0,137.0,1.0,1.0,0.0,0.0,28.0,56232.0,682.3199999999999,133.51,11.7,1.0,22.0,44688.0,695.63,175.22,21.8
44.5,1.0,99.5,0.0,0.0,0.0,0.0,13.0,132.0,333.94,64.59,2.0,1.0,18.0,225.0,419.76,87.02,0.0
44.5,1.0,99.5,0.0,0.0,0.0,0.0,4.0,229.0,585.59,91.34,0.0,0.0,0.0,0.0,0.0,0.0,0.0
44.5,1.0,99.5,0.0,0.0,0.0,0.0,2.0,6.0,12.09,1.35,0.0,0.0,15.0,9186.0,188.83,22.6,0.0
49.5,0.0,62.0,1.0,0.0,4.0,2.0,33.0,150229.0,1499.85,320.84,3.05,1.0,25.0,83869.0,934.86,230.61,6.1
49.5,0.0,42.0,0.0,0.0,1.0,0.0,12.0,17231.0,298.52,64.26,6.29,1.0,28.0,47986.0,642.45,130.8,1.15
44.5,1.0,99.5,0.0,0.0,0.0,0.0,7.0,32.0,75.19,5.84,0.0,1.0,8.0,119.0,272.64,52.03,0.0
49.5,0.0,112.0,0.0,0.0,1.0,0.0,17.0,24559.0,446.45,72.08,1.0,1.0,20.0,36804.0,391.99,32.17,3.0
44.5,1.0,99.5,0.0,0.0,0.0,0.0,5.0,23.0,50.64,9.959999999999999,0.0,0.0,4.0,44.0,71.18,21.75,0.0
39.5,0.0,29.5,0.0,0.0,2.0,0.0,24.0,198.0,339.79,69.58,4.0,1.0,9.0,110.0,164.92,27.45,0.0
44.5,1.0,99.5,0.0,0.0,0.0,0.0,5.0,54.0,145.41,20.59,0.0,1.0,0.0,0.0,0.0,0.0,0.0
49.5,0.0,62.0,0.0,0.0,1.0,0.0,28.0,20698.0,277.9,58.95,0.0,1.0,12.0,9663.0,110.32000000000001,23.35,0.0
44.5,1.0,99.5,0.0,0.0,0.0,0.0,27.0,68.0,188.29,26.48,0.0,1.0,6.0,19.0,52.6,10.75,0.0
49.5,0.0,62.0,0.0,0.0,1.0,0.0,15.0,323.0,575.36,133.43,3.0,1.0,19.0,514.0,905.17,220.67,2.2
44.5,1.0,99.5,0.0,0.0,0.0,0.0,5.0,171.0,410.8,67.58,0.0,1.0,9.0,53028.0,440.83,60.5,0.0
44.5,1.0,99.5,0.0,0.0,0.0,0.0,38.0,16565.0,207.17000000000002,29.66,0.0,1.0,45.0,11022.0,357.92,77.33,2.0
49.5,0.0,87.0,0.0,0.0,1.0,0.0,21.0,121069.0,494.43,60.36,0.0,0.0,20.0,75127.0,615.58,113.53999999999999,0.0
44.5,1.0,99.5,0.0,0.0,0.0,0.0,6.0,174.0,351.54,69.11,4.0,1.0,20.0,237.0,488.77,87.37,4.3
44.5,1.0,99.5,0.0,0.0,0.0,0.0,28.0,125214.0,870.88,68.29,0.0,1.0,40.0,116980.0,1498.02,163.1,1.0
44.5,1.0,99.5,0.0,0.0,0.0,0.0,7.0,26.0,75.78,12.0,0.0,1.0,15.0,11810.0,245.87,50.9,1.75
59.5,0.0,162.0,1.0,1.0,2.0,0.0,21.0,72741.0,941.5,52.12,0.4,1.0,38.0,138958.0,1731.05,187.77,2.0
44.5,1.0,99.5,0.0,0.0,0.0,0.0,19.0,79.0,177.28,21.4,0.0,1.0,26.0,86.0,194.6,19.54,0.0
44.5,1.0,99.5,0.0,0.0,0.0,0.0,5.0,60.0,133.42000000000002,30.069999999999997,0.0,0.0,10.0,253.0,587.05,98.33,0.0
44.5,1.0,99.5,0.0,0.0,0.0,0.0,16.0,275.0,547.26,97.92999999999999,0.0,1.0,17.0,242.0,469.77,88.86,0.0
39.5,0.0,42.0,0.0,0.0,2.0,0.0,18.0,40.0,81.24000000000001,6.67,0.0,1.0,19.0,50.0,90.66,9.74,0.0
44.5,1.0,99.5,0.0,0.0,0.0,0.0,14.0,267.0,761.35,104.77,0.5,0.0,13.0,239.0,689.3100000000001,132.11,2.9
29.5,0.0,87.0,1.0,0.0,2.0,0.0,10.0,82.0,279.68,24.76,0.5,1.0,8.0,58.0,197.69,17.44,0.0
44.5,1.0,99.5,0.0,0.0,0.0,0.0,2.0,15.0,36.83,9.35,0.0,0.0,4.0,27.0,44.9,3.07,0.0
59.5,0.0,7.5,0.0,1.0,2.0,1.0,8.0,129.0,270.86,40.31,0.0,1.0,12.0,151.0,295.56,75.42,14.63
44.5,1.0,99.5,0.0,0.0,0.0,0.0,97.0,90232.0,957.72,93.51,3.1,1.0,36.0,24326.0,728.42,61.5,0.0
44.5,1.0,99.5,0.0,0.0,0.0,0.0,9.0,2075.0,87.49,16.87,0.0,1.0,7.0,40.0,54.96,27.5,0.0
44.5,1.0,99.5,0.0,0.0,0.0,0.0,20.0,238.0,359.45,90.8,2.5,1.0,17.0,155.0,315.83,52.55,0.0
29.5,0.0,42.0,1.0,1.0,0.0,0.0,11.0,308.0,609.97,93.09,21.46,1.0,8.0,327.0,800.12,104.58,22.86
44.5,1.0,99.5,0.0,0.0,0.0,0.0,18.0,22568.0,329.78,63.99,3.0,0.0,11.0,98.0,232.65,37.04,1.25
49.5,0.0,87.0,0.0,0.0,1.0,0.0,3.0,7.0,11.040000000000001,0.94,0.0,1.0,3.0,11.0,22.65,1.54,0.0
49.5,0.0,62.0,1.0,0.0,1.0,0.0,8.0,67.0,179.99,20.31,0.0,1.0,8.0,40738.0,348.35,34.31,0.0
70.0,0.0,112.0,0.0,0.0,1.0,0.0,9.0,68.0,172.47,26.919999999999998,0.0,0.0,8.0,59.0,150.0,18.81,0.0
49.5,0.0,112.0,0.0,1.0,3.0,1.0,8.0,11783.0,251.52,59.870000000000005,0.0,1.0,15.0,9059.0,609.15,238.0,2.0
44.5,1.0,99.5,0.0,0.0,0.0,0.0,7.0,42.0,100.11,16.64,0.0,0.0,7.0,182.0,309.66,70.92,0.0
44.5,1.0,99.5,0.0,0.0,0.0,0.0,17.0,55222.0,439.45,64.46,0.0,1.0,19.0,86760.0,473.5,34.52,0.0
49.5,0.0,62.0,1.0,0.0,1.0,0.0,3.0,11.0,29.78,15.11,0.0,0.0,3.0,15.0,29.72,5.87,0.0
44.5,1.0,99.5,0.0,0.0,0.0,0.0,3.0,12771.0,141.65,35.48,2.5,0.0,6.0,25549.0,258.19,45.14,0.0
44.5,1.0,99.5,0.0,0.0,0.0,0.0,8.0,4438.0,103.82,41.37,5.0,1.0,3.0,150.0,347.32,73.2,1.99
44.5,1.0,99.5,0.0,0.0,0.0,0.0,5.0,30.0,75.86,4.5600000000000005,0.0,0.0,1.0,4.0,21.459999999999997,0.0,0.0
49.5,0.0,87.0,1.0,1.0,2.0,0.0,21.0,84364.0,867.32,175.98,0.0,1.0,19.0,91302.0,817.35,120.24,0.0
44.5,1.0,99.5,0.0,0.0,0.0,0.0,25.0,62832.0,491.24,63.300000000000004,1.0,1.0,17.0,20540.0,351.78000000000003,44.39,5.79
49.5,0.0,7.5,1.0,0.0,2.0,0.0,24.0,94681.0,1276.34,102.71,0.0,1.0,30.0,76204.0,1553.01,92.94,0.0
44.5,1.0,99.5,0.0,0.0,0.0,0.0,4.0,15.0,14.13,2.98,0.0,0.0,2.0,9.0,14.4,8.47,0.0
44.5,1.0,99.5,0.0,0.0,0.0,0.0,17.0,74843.0,530.66,49.06,0.0,1.0,33.0,150452.0,969.03,94.2,0.0
49.5,0.0,87.0,1.0,1.0,3.0,1.0,10.0,142.0,325.75,56.07,0.0,1.0,22.0,74655.0,759.5,96.77,0.0
44.5,1.0,99.5,0.0,0.0,0.0,0.0,3.0,46.0,139.22,7.06,2.0,0.0,2.0,83.0,167.52,37.17,0.0
29.5,0.0,137.0,1.0,0.0,4.0,2.0,17.0,67284.0,1093.38,129.83,26.3,1.0,24.0,94966.0,1600.43,229.58,5.7
49.5,0.0,19.5,0.0,0.0,4.0,2.0,17.0,306.0,430.58,62.49,0.0,1.0,16.0,236.0,255.03,41.55,0.0
49.5,0.0,7.5,1.0,1.0,3.0,1.0,17.0,20604.0,413.58,88.27,0.0,1.0,18.0,33933.0,446.78,57.95,1.0
59.5,0.0,42.0,1.0,1.0,0.0,0.0,22.0,117.0,171.15,57.57,2.5,0.0,18.0,92.0,174.72,55.89,0.0
29.5,0.0,42.0,0.0,0.0,3.0,2.0,12.0,207.0,347.17,80.62,0.0,1.0,11.0,224.0,402.4,123.37,0.0
44.5,1.0,99.5,0.0,0.0,0.0,0.0,2.0,57.0,69.28,32.330000000000005,0.0,0.0,3.0,104.0,192.71,68.49,1.6
49.5,0.0,7.5,0.0,0.0,1.0,0.0,38.0,18260.0,907.2,218.65,2.0,1.0,33.0,45799.0,1482.43,366.35,2.6
39.5,0.0,275.0,1.0,1.0,3.0,1.0,10.0,319.0,1116.44,91.46,0.0,1.0,13.0,468.0,1739.19,150.25,0.6000000000000001
44.5,1.0,99.5,0.0,0.0,0.0,0.0,0.0,0.0,0.0,0.0,0.0,1.0,0.0,0.0,0.0,0.0,0.0
29.5,0.0,62.0,1.0,1.0,2.0,1.0,7.0,44776.0,396.42,20.56,0.0,1.0,11.0,72490.0,561.1,41.91,0.0
44.5,1.0,99.5,0.0,0.0,0.0,0.0,3.0,36.0,78.73,23.34,0.0,0.0,5.0,28057.0,247.77,40.04,0.0
49.5,0.0,42.0,1.0,1.0,3.0,1.0,7.0,33.0,102.27,7.21,0.0,1.0,8.0,54.0,104.05,31.28,0.0
44.5,1.0,99.5,0.0,0.0,0.0,0.0,1.0,5.0,7.65,0.91,0.0,0.0,5.0,27.0,53.730000000000004,8.77,0.0
44.5,1.0,99.5,0.0,0.0,0.0,0.0,30.0,58124.0,439.81,19.38,0.0,1.0,34.0,46281.0,572.09,54.63,0.0
44.5,1.0,99.5,0.0,0.0,0.0,0.0,4.0,50.0,72.08,5.68,0.0,0.0,4.0,32.0,77.65,5.36,0.0
49.5,0.0,7.5,1.0,0.0,1.0,0.0,38.0,28229.0,812.28,146.0,0.75,0.0,65.0,110173.0,1443.2,259.33,4.15
44.5,1.0,99.5,0.0,0.0,0.0,0.0,74.0,58436.0,559.02,122.4,7.5,1.0,69.0,77915.0,642.99,140.45,0.0
49.5,0.0,187.0,1.0,1.0,2.0,1.0,5.0,170.0,390.56,81.83,0.5,1.0,12.0,372.0,838.53,178.71,0.0
49.5,0.0,137.0,1.0,1.0,3.0,1.0,9.0,10604.0,289.27,37.51,0.0,1.0,13.0,9213.0,591.69,61.489999999999995,0.0
44.5,1.0,99.5,0.0,0.0,0.0,0.0,5.0,85.0,152.6,17.17,0.0,1.0,7.0,141.0,233.44,20.22,0.0
49.5,0.0,29.5,0.0,0.0,2.0,1.0,59.0,36744.0,1013.57,193.74,2.94,1.0,21.0,46356.0,548.73,126.57,4.3
49.5,0.0,137.0,1.0,0.0,0.0,0.0,17.0,33388.0,1937.44,202.81,5.55,1.0,16.0,15489.0,1966.15,175.1,9.2
59.5,0.0,112.0,0.0,1.0,2.0,0.0,21.0,100545.0,919.29,78.35,0.0,1.0,16.0,28864.0,830.58,116.1,0.0
44.5,1.0,99.5,0.0,0.0,0.0,0.0,0.0,0.0,0.0,0.0,0.0,1.0,0.0,0.0,0.0,0.0,0.0
29.5,0.0,62.0,1.0,1.0,4.0,2.0,22.0,133125.0,725.55,68.36,8.85,1.0,15.0,92996.0,700.53,82.83,29.65
39.5,0.0,137.0,1.0,1.0,4.0,2.0,20.0,108298.0,1107.3700000000001,189.29,15.24,1.0,23.0,65297.0,1735.6200000000001,222.58,10.74
29.5,0.0,62.0,1.0,1.0,2.0,0.0,10.0,48806.0,580.79,59.76,0.0,1.0,8.0,14157.0,421.72,47.48,0.0
44.5,1.0,99.5,0.0,0.0,0.0,0.0,1.0,1.0,3.39,0.0,0.0,0.0,1.0,1.0,3.99,0.0,0.0
44.5,1.0,99.5,0.0,0.0,0.0,0.0,15.0,66261.0,411.86,73.57000000000001,7.95,1.0,14.0,67518.0,408.84000000000003,74.9,1.75
44.5,1.0,99.5,0.0,0.0,0.0,0.0,0.0,0.0,0.0,0.0,0.0,0.0,2.0,73.0,212.62,33.28,0.0
44.5,1.0,99.5,0.0,0.0,0.0,0.0,3.0,7.0,24.810000000000002,4.08,0.0,0.0,2.0,6.0,11.39,0.2,0.0
49.5,0.0,42.0,1.0,0.0,2.0,0.0,14.0,11682.0,288.0,58.0,0.0,1.0,12.0,80.0,177.09,45.23,0.0
44.5,1.0,99.5,0.0,0.0,0.0,0.0,11.0,225.0,477.68,98.56,3.0,1.0,20.0,237.0,542.47,99.4,1.11
39.5,0.0,87.0,1.0,0.0,1.0,0.0,15.0,165.0,314.34000000000003,51.12,1.75,0.0,12.0,172.0,329.77,48.9,0.0
49.5,0.0,225.0,1.0,1.0,2.0,0.0,14.0,222.0,575.93,64.75,0.0,1.0,19.0,182.0,527.45,63.24,1.0
39.5,0.0,137.0,1.0,1.0,0.0,0.0,10.0,286.0,781.28,103.34,0.75,1.0,6.0,150.0,449.19,56.76,0.0
29.5,0.0,29.5,0.0,0.0,2.0,0.0,5.0,6141.0,202.43,15.76,0.0,1.0,14.0,68.0,133.13,28.82,0.0
44.5,1.0,99.5,0.0,0.0,0.0,0.0,0.0,0.0,0.0,0.0,0.0,0.0,4.0,30.0,176.96,37.31,0.0
29.5,0.0,62.0,1.0,0.0,1.0,0.0,10.0,211.0,639.91,81.64,7.4,1.0,11.0,190.0,610.22,69.3,0.0
59.5,0.0,62.0,1.0,1.0,2.0,1.0,27.0,129.0,272.08,29.68,3.5,1.0,24.0,149.0,377.95,50.27,4.25
39.5,0.0,62.0,1.0,0.0,1.0,0.0,11.0,6577.0,141.83,28.28,0.0,0.0,4.0,55.0,91.05,19.11,0.0
59.5,0.0,42.0,0.0,0.0,1.0,0.0,24.0,321.0,564.01,146.85,5.25,1.0,34.0,443.0,706.51,212.4,3.55
49.5,0.0,137.0,1.0,1.0,2.0,0.0,6.0,117.0,236.87,45.76,0.0,1.0,10.0,284.0,636.32,97.29,4.0
44.5,1.0,99.5,0.0,0.0,0.0,0.0,9.0,31.0,87.75,6.81,0.0,1.0,5.0,25.0,76.16,6.63,0.0
49.5,0.0,62.0,0.0,0.0,1.0,0.0,9.0,12902.0,392.39,65.58,5.0,1.0,12.0,72570.0,744.97,117.75,4.0
39.5,0.0,7.5,1.0,0.0,1.0,0.0,53.0,135994.0,1775.98,363.09,10.69,1.0,61.0,127465.0,2267.43,626.52,3.5
29.5,0.0,7.5,0.0,0.0,1.0,0.0,11.0,79.0,198.45000000000002,26.73,0.0,0.0,13.0,97.0,261.22,40.69,0.0
44.5,1.0,99.5,0.0,0.0,0.0,0.0,13.0,110.0,284.86,25.05,0.0,1.0,10.0,141.0,296.24,25.93,0.0
44.5,1.0,99.5,0.0,0.0,0.0,0.0,0.0,0.0,0.0,0.0,0.0,0.0,8.0,40.0,184.82,9.43,0.0
49.5,0.0,87.0,1.0,0.0,3.0,1.0,16.0,53.0,99.01,14.69,0.0,1.0,18.0,20402.0,227.27,32.47,0.0
49.5,0.0,62.0,1.0,1.0,3.0,1.0,10.0,224.0,574.65,88.41,3.0,1.0,8.0,147.0,349.93,56.19,1.3
39.5,0.0,7.5,1.0,0.0,2.0,0.0,21.0,22024.0,400.06,51.15,0.0,1.0,20.0,76875.0,470.08,56.54,0.0
44.5,1.0,99.5,0.0,0.0,0.0,0.0,5.0,84.0,201.98000000000002,29.58,11.75,1.0,9.0,131.0,346.23,44.92,11.45
49.5,0.0,112.0,1.0,1.0,2.0,1.0,13.0,37127.0,316.57,49.14,0.0,1.0,14.0,49723.0,318.82,22.990000000000002,0.0
44.5,1.0,99.5,0.0,0.0,0.0,0.0,4.0,18.0,42.78,5.59,0.0,0.0,6.0,30.0,45.99,13.18,0.0
44.5,1.0,99.5,0.0,0.0,0.0,0.0,8.0,66.0,83.86,28.85,0.0,1.0,8.0,94.0,108.1,39.48,0.0
44.5,1.0,99.5,0.0,0.0,0.0,0.0,1.0,35.0,35.17,12.29,0.0,0.0,7.0,7869.0,483.72,126.11,3.5
39.5,0.0,42.0,0.0,0.0,0.0,0.0,12.0,275.0,447.24,126.08,2.5,1.0,10.0,31398.0,421.37,103.11,1.0
44.5,1.0,99.5,0.0,0.0,0.0,0.0,30.0,507.0,1190.59,237.02,19.79,1.0,28.0,498.0,1274.68,175.8,5.35
49.5,0.0,62.0,1.0,0.0,2.0,0.0,14.0,189.0,476.73,93.16,0.0,1.0,17.0,296.0,751.95,150.96,0.4
44.5,1.0,99.5,0.0,0.0,0.0,0.0,2.0,17.0,33.12,9.870000000000001,0.0,0.0,5.0,12.0,26.3,7.78,0.0
44.5,1.0,99.5,0.0,0.0,0.0,0.0,3.0,9.0,29.94,6.91,0.0,0.0,2.0,23.0,80.78,18.55,0.0
29.5,0.0,42.0,1.0,0.0,2.0,0.0,21.0,12178.0,224.49,36.36,0.0,1.0,19.0,36739.0,301.01,52.56,3.75
44.5,1.0,99.5,0.0,0.0,0.0,0.0,10.0,88.0,140.0,28.04,0.0,1.0,1.0,29.0,58.35,17.52,0.0
44.5,1.0,99.5,0.0,0.0,0.0,0.0,4.0,37.0,90.95,12.74,0.0,0.0,6.0,71.0,169.35,14.15,0.0
44.5,1.0,99.5,0.0,0.0,0.0,0.0,5.0,44.0,111.43,12.03,0.0,0.0,5.0,275.0,896.74,94.98,0.0
49.5,0.0,187.0,1.0,0.0,1.0,0.0,28.0,18300.0,1820.92,157.52,3.4,0.0,35.0,45234.0,2380.88,220.1,10.75
44.5,1.0,99.5,0.0,0.0,0.0,0.0,15.0,263.0,450.48,91.45,0.0,1.0,20.0,299.0,502.84,94.39,0.0
44.5,1.0,99.5,0.0,0.0,0.0,0.0,9.0,38.0,88.46000000000001,15.28,0.0,1.0,7.0,24.0,72.45,7.5,0.0
59.5,0.0,42.0,1.0,1.0,2.0,0.0,17.0,160.0,356.26,158.92,0.5,1.0,23.0,11003.0,295.86,67.62,0.0
44.5,1.0,99.5,0.0,0.0,0.0,0.0,5.0,6549.0,82.13,21.33,0.0,1.0,5.0,71.0,170.17000000000002,23.200000000000003,0.0
44.5,1.0,99.5,0.0,0.0,0.0,0.0,15.0,267.0,451.46,104.33,0.2,0.0,9.0,121.0,187.25,44.54,0.0
39.5,0.0,162.0,1.0,1.0,0.0,0.0,21.0,141184.0,912.28,93.95,9.23,1.0,32.0,276561.0,1560.48,136.6,4.55
49.5,0.0,62.0,0.0,0.0,1.0,0.0,15.0,20333.0,304.76,26.919999999999998,0.0,1.0,24.0,65094.0,720.26,75.15,5.0
44.5,1.0,99.5,0.0,0.0,0.0,0.0,8.0,67.0,111.37,31.33,0.0,1.0,4.0,26.0,53.07,16.43,0.0
44.5,1.0,99.5,0.0,0.0,0.0,0.0,1.0,7.0,17.38,4.7,0.0,1.0,1.0,4.0,25.77,3.29,0.0
39.5,0.0,42.0,1.0,1.0,3.0,1.0,13.0,77861.0,490.39,167.79,0.0,1.0,13.0,14750.0,545.03,225.09,6.35
44.5,1.0,99.5,0.0,0.0,0.0,0.0,0.0,0.0,0.0,0.0,0.0,0.0,1.0,3.0,8.969999999999999,1.23,0.0
44.5,1.0,99.5,0.0,0.0,0.0,0.0,6.0,56.0,149.91,37.2,6.0,0.0,2.0,6.0,23.3,0.69,0.0
44.5,1.0,99.5,0.0,0.0,0.0,0.0,4.0,10.0,33.870000000000005,14.97,0.0,0.0,16.0,44821.0,544.46,68.15,0.0
39.5,0.0,42.0,0.0,0.0,3.0,1.0,19.0,26274.0,728.12,140.62,2.5,1.0,21.0,24679.0,888.27,123.02,0.75
29.5,0.0,7.5,0.0,0.0,3.0,1.0,7.0,257.0,534.95,78.95,0.0,1.0,10.0,127.0,336.53,40.97,0.0
44.5,1.0,99.5,0.0,0.0,0.0,0.0,7.0,85.0,234.62,25.1,0.0,0.0,5.0,35.0,92.45,4.5,0.0
21.5,0.0,225.0,0.0,1.0,2.0,0.0,6.0,25902.0,125.87,13.15,0.0,1.0,5.0,18.0,47.57,4.73,0.0
44.5,1.0,99.5,0.0,0.0,0.0,0.0,5.0,52.0,136.64000000000001,21.68,0.0,1.0,1.0,28.0,76.38,5.42,0.0
59.5,0.0,29.5,1.0,1.0,2.0,0.0,25.0,203.0,425.43,92.25,7.0,0.0,17.0,76.0,162.52,36.91,1.0
49.5,0.0,275.0,1.0,1.0,2.0,0.0,28.0,587.0,1752.32,305.65999999999997,1.1,1.0,44.0,676.0,2110.02,281.57,0.0
49.5,0.0,62.0,1.0,0.0,1.0,0.0,5.0,28.0,74.39,3.48,0.0,1.0,7.0,36.0,75.92,11.35,0.0
21.5,0.0,29.5,0.0,0.0,1.0,0.0,6.0,22.0,45.48,7.43,0.0,0.0,1.0,1.0,2.99,0.0,0.0
39.5,0.0,275.0,1.0,1.0,3.0,1.0,5.0,32634.0,237.26,11.52,0.0,1.0,5.0,119.0,449.31,37.0,0.0
44.5,1.0,99.5,0.0,0.0,0.0,0.0,2.0,43.0,115.27,8.5,0.0,0.0,0.0,0.0,0.0,0.0,0.0
39.5,0.0,42.0,0.0,0.0,3.0,2.0,25.0,90143.0,795.72,88.12,1.0,1.0,27.0,120501.0,1283.54,193.08,2.2
49.5,0.0,62.0,0.0,0.0,1.0,0.0,15.0,4321.0,292.69,44.73,4.0,1.0,12.0,6482.0,214.27,35.19,0.0
59.5,0.0,42.0,0.0,0.0,2.0,0.0,23.0,14449.0,646.83,149.51,3.5,1.0,32.0,52970.0,765.04,115.47,1.5
44.5,1.0,99.5,0.0,0.0,0.0,0.0,6.0,43.0,103.14,5.1899999999999995,0.0,1.0,10.0,76.0,145.46,17.830000000000002,0.0
44.5,1.0,99.5,0.0,0.0,0.0,0.0,17.0,90602.0,764.54,99.03,0.0,1.0,25.0,130848.0,1268.35,133.13,0.0
44.5,1.0,99.5,0.0,0.0,0.0,0.0,12.0,61585.0,509.06,67.86,0.0,1.0,20.0,61660.0,706.61,141.92,11.74
44.5,1.0,99.5,0.0,0.0,0.0,0.0,1.0,4.0,8.98,0.98,0.0,0.0,3.0,26.0,47.58,15.530000000000001,0.0
70.0,0.0,7.5,1.0,1.0,2.0,0.0,8.0,62.0,175.23,22.84,0.0,0.0,1.0,6.0,19.54,2.58,0.0
44.5,1.0,99.5,0.0,0.0,0.0,0.0,5.0,13138.0,231.88,45.69,0.0,0.0,2.0,10519.0,25.990000000000002,2.34,0.0
44.5,1.0,99.5,0.0,0.0,0.0,0.0,9.0,28601.0,453.74,38.07,0.0,1.0,12.0,52385.0,490.01,47.44,0.0
29.5,0.0,19.5,1.0,0.0,4.0,2.0,17.0,152.0,224.86,47.21,0.0,0.0,7.0,101.0,151.45,24.53,0.0
49.5,0.0,162.0,0.0,0.0,1.0,0.0,18.0,65097.0,718.52,66.15,1.19,1.0,20.0,23202.0,1141.6100000000001,127.14,7.49
39.5,0.0,87.0,1.0,1.0,2.0,0.0,14.0,27541.0,726.89,38.01,0.0,1.0,18.0,27132.0,1225.1100000000001,83.2,0.0
44.5,1.0,99.5,0.0,0.0,0.0,0.0,10.0,65277.0,748.4,71.15,2.0,1.0,18.0,52798.0,941.1,102.86,1.5
39.5,0.0,162.0,1.0,1.0,3.0,1.0,12.0,203.0,451.32,130.01,0.0,1.0,19.0,260.0,508.57,195.59,1.5
44.5,1.0,99.5,0.0,0.0,0.0,0.0,4.0,5625.0,40.85,4.909999999999999,0.0,1.0,9.0,130.0,272.04,56.04,2.0
59.5,0.0,87.0,1.0,1.0,4.0,2.0,13.0,257.0,470.17,149.84,3.25,1.0,13.0,30936.0,601.78,157.38,2.2
39.5,0.0,42.0,1.0,1.0,2.0,0.0,10.0,239.0,526.08,94.97,0.0,1.0,10.0,265.0,598.11,103.79,4.4
44.5,1.0,99.5,0.0,0.0,0.0,0.0,7.0,135.0,246.24,33.53,3.0,0.0,8.0,120.0,151.2,35.26,0.0
44.5,1.0,99.5,0.0,0.0,0.0,0.0,9.0,12900.0,433.62,50.87,0.0,1.0,2.0,7.0,28.25,0.0,0.0
44.5,1.0,99.5,0.0,0.0,0.0,0.0,5.0,27.0,59.3,10.049999999999999,0.0,1.0,1.0,7.0,13.81,1.3399999999999999,0.0
44.5,1.0,99.5,0.0,0.0,0.0,0.0,12.0,202.0,323.52,63.47,0.0,1.0,22.0,287.0,567.73,138.41,3.0
39.5,0.0,62.0,1.0,0.0,3.0,1.0,6.0,121.0,273.56,39.02,0.0,0.0,4.0,44.0,84.17,5.41,1.5
44.5,1.0,99.5,0.0,0.0,0.0,0.0,3.0,19.0,86.91,1.38,0.0,1.0,3.0,48.0,212.26999999999998,41.22,0.0
44.5,1.0,99.5,0.0,0.0,0.0,0.0,44.0,57460.0,916.87,118.75,14.39,1.0,48.0,86739.0,980.77,136.01,24.04
44.5,1.0,99.5,0.0,0.0,0.0,0.0,37.0,12798.0,1071.56,219.9,9.25,1.0,43.0,23287.0,1378.08,172.37,3.29
39.5,0.0,162.0,0.0,0.0,1.0,0.0,25.0,61549.0,1246.03,306.13,9.5,1.0,30.0,46534.0,1483.83,356.01,16.14
49.5,0.0,137.0,1.0,1.0,3.0,1.0,83.0,693.0,1899.16,220.0,4.34,1.0,91.0,14233.0,2638.78,332.04,23.45
44.5,1.0,99.5,0.0,0.0,0.0,0.0,28.0,8650.0,345.46,48.68,5.7,1.0,27.0,73.0,210.28,28.22,1.39
39.5,0.0,42.0,1.0,0.0,2.0,1.0,22.0,127452.0,1120.58,196.7,26.28,1.0,23.0,100932.0,1615.1,276.09,69.87
49.5,0.0,7.5,0.0,0.0,1.0,0.0,16.0,122.0,213.8,43.81,0.0,1.0,28.0,182.0,406.14,78.71000000000001,0.0
29.5,0.0,62.0,1.0,0.0,2.0,0.0,16.0,10596.0,290.02,28.22,0.0,1.0,23.0,126.0,342.69,33.47,0.0
49.5,0.0,42.0,1.0,0.0,2.0,0.0,26.0,9907.0,405.81,62.26,0.0,1.0,23.0,20704.0,291.40999999999997,39.26,0.0
49.5,0.0,87.0,1.0,0.0,2.0,0.0,17.0,392.0,475.47,107.89,0.0,1.0,19.0,574.0,875.6,188.51,3.84
29.5,0.0,42.0,0.0,0.0,3.0,1.0,15.0,70.0,115.62,18.32,0.0,1.0,13.0,62.0,147.99,15.37,1.0
44.5,1.0,99.5,0.0,0.0,0.0,0.0,23.0,693.0,1101.08,228.47,9.75,1.0,24.0,578.0,816.73,138.65,1.0
44.5,1.0,99.5,0.0,0.0,0.0,0.0,2.0,12.0,42.27,0.99,0.0,0.0,1.0,11.0,37.75,23.32,0.0
44.5,1.0,99.5,0.0,0.0,0.0,0.0,2.0,12.0,29.41,6.0,0.0,1.0,2.0,5.0,9.04,1.37,0.0
49.5,0.0,62.0,1.0,1.0,3.0,1.0,18.0,56583.0,821.79,123.63,5.0,1.0,25.0,126956.0,1222.6200000000001,159.12,33.089999999999996
44.5,1.0,99.5,0.0,0.0,0.0,0.0,1.0,5.0,5.75,0.0,0.0,0.0,0.0,0.0,0.0,0.0,0.0
44.5,1.0,99.5,0.0,0.0,0.0,0.0,16.0,48132.0,294.06,25.45,0.0,1.0,13.0,81855.0,320.0,25.31,0.0
44.5,1.0,99.5,0.0,0.0,0.0,0.0,13.0,212.0,313.67,60.63,0.75,0.0,9.0,4659.0,79.05,27.36,0.0
44.5,1.0,99.5,0.0,0.0,0.0,0.0,27.0,10349.0,955.34,219.53,2.5,1.0,12.0,4755.0,472.54,133.15,0.0
44.5,1.0,99.5,0.0,0.0,0.0,0.0,0.0,0.0,0.0,0.0,0.0,0.0,0.0,0.0,0.0,0.0,0.0
49.5,0.0,62.0,0.0,0.0,2.0,0.0,17.0,141.0,383.06,77.45,0.0,1.0,24.0,282.0,581.25,138.31,2.5
44.5,1.0,99.5,0.0,0.0,0.0,0.0,8.0,46.0,60.2,11.31,0.0,1.0,6.0,19.0,28.82,3.2199999999999998,0.0
44.5,1.0,99.5,0.0,0.0,0.0,0.0,12.0,154.0,265.38,49.99,1.0,1.0,19.0,289.0,578.91,150.49,0.0
44.5,1.0,99.5,0.0,0.0,0.0,0.0,12.0,90.0,206.51,41.589999999999996,2.5,1.0,9.0,69.0,152.34,18.53,0.0
44.5,1.0,99.5,0.0,0.0,0.0,0.0,7.0,22.0,62.36,9.3,0.0,0.0,13.0,42.0,136.14000000000001,16.59,0.0
44.5,1.0,99.5,0.0,0.0,0.0,0.0,10.0,86.0,184.58,25.759999999999998,0.0,1.0,17.0,300.0,664.52,124.06,1.75
44.5,1.0,99.5,0.0,0.0,0.0,0.0,8.0,55.0,62.83,12.04,0.0,1.0,7.0,88.0,195.21,67.89,0.0
44.5,1.0,99.5,0.0,0.0,0.0,0.0,2.0,15.0,25.36,14.94,0.0,0.0,7.0,57.0,131.05,30.72,0.0
39.5,0.0,62.0,1.0,0.0,1.0,0.0,17.0,215350.0,751.92,67.32,3.5,1.0,15.0,219092.0,665.25,44.39,10.94
44.5,1.0,99.5,0.0,0.0,0.0,0.0,28.0,43028.0,510.69,64.88,10.1,1.0,25.0,21574.0,638.24,79.44,2.0
44.5,1.0,99.5,0.0,0.0,0.0,0.0,19.0,109.0,217.35,49.97,0.0,1.0,7.0,27.0,47.94,2.94,0.0
44.5,1.0,99.5,0.0,0.0,0.0,0.0,8.0,59.0,141.0,38.71,0.0,1.0,22.0,178.0,388.57,78.78999999999999,0.0
44.5,1.0,99.5,0.0,0.0,0.0,0.0,5.0,34.0,115.87,21.25,0.0,0.0,5.0,51667.0,169.5,3.92,0.0
44.5,1.0,99.5,0.0,0.0,0.0,0.0,0.0,0.0,0.0,0.0,0.0,0.0,6.0,142.0,268.43,54.26,0.0
49.5,0.0,137.0,1.0,1.0,0.0,0.0,29.0,183660.0,1244.27,171.81,6.0,1.0,38.0,177381.0,1947.41,375.45,4.5
21.5,0.0,7.5,0.0,0.0,1.0,0.0,9.0,75.0,196.66,24.65,0.0,1.0,3.0,62.0,135.64000000000001,17.31,0.0
39.5,0.0,225.0,1.0,1.0,3.0,1.0,14.0,6640.0,906.88,123.10000000000001,0.0,1.0,13.0,16100.0,868.23,82.93,0.0
29.5,0.0,42.0,0.0,1.0,0.0,0.0,28.0,48955.0,600.65,96.67,0.0,1.0,24.0,60571.0,926.17,105.18,0.0
39.5,0.0,62.0,1.0,0.0,1.0,0.0,13.0,109.0,252.53,32.379999999999995,0.5,1.0,12.0,10495.0,402.4,56.58,0.0
44.5,1.0,99.5,0.0,0.0,0.0,0.0,7.0,69.0,169.91,11.92,0.0,0.0,2.0,15.0,48.99,11.46,0.0
49.5,0.0,7.5,0.0,1.0,2.0,1.0,3.0,52.0,101.84,19.33,0.0,1.0,2.0,23.0,43.82,9.06,0.0
29.5,0.0,29.5,0.0,0.0,3.0,2.0,17.0,61713.0,1748.56,285.73,3.05,1.0,27.0,100007.0,2324.91,408.0,3.55
44.5,1.0,99.5,0.0,0.0,0.0,0.0,17.0,96868.0,297.14,0.8099999999999999,0.0,0.0,8.0,74445.0,157.7,0.08,0.0
44.5,1.0,99.5,0.0,0.0,0.0,0.0,1.0,5.0,3.31,0.2,0.0,0.0,3.0,26.0,56.25,3.68,0.0
59.5,0.0,87.0,1.0,1.0,2.0,0.0,6.0,93.0,224.53,36.24,0.0,0.0,3.0,81.0,186.76,40.57,0.0
59.5,0.0,19.5,1.0,1.0,2.0,0.0,8.0,101.0,266.46,56.44,2.0,0.0,10.0,102.0,237.6,44.22,0.0
70.0,0.0,87.0,1.0,1.0,2.0,1.0,15.0,9330.0,261.97,53.38,0.0,1.0,26.0,17006.0,614.46,105.31,0.0
49.5,0.0,62.0,1.0,0.0,1.0,0.0,14.0,139.0,376.6,67.41,2.5,1.0,15.0,152.0,398.09,73.14,0.0
44.5,1.0,99.5,0.0,0.0,0.0,0.0,4.0,18.0,39.53,5.239999999999999,0.0,0.0,2.0,25.0,36.26,10.78,1.25
44.5,1.0,99.5,0.0,0.0,0.0,0.0,4.0,54.0,95.5,25.35,0.0,0.0,8.0,85.0,203.84,56.76,0.0
44.5,1.0,99.5,0.0,0.0,0.0,0.0,2.0,13.0,14.05,2.64,0.0,0.0,3.0,24.0,65.82000000000001,7.8,0.0
39.5,0.0,19.5,0.0,0.0,2.0,0.0,24.0,272.0,460.93,33.39,1.5,1.0,17.0,193.0,324.86,54.06,0.0
29.5,0.0,225.0,1.0,1.0,0.0,0.0,3.0,119.0,263.34000000000003,20.57,0.0,1.0,16.0,518.0,1412.22,169.12,2.25
29.5,0.0,42.0,1.0,1.0,3.0,1.0,13.0,169.0,381.76,62.97,0.0,1.0,11.0,455.0,1082.14,171.35,0.55
21.5,0.0,275.0,0.0,0.0,1.0,0.0,45.0,74023.0,1448.06,174.39,4.0,1.0,55.0,106050.0,1468.93,169.10999999999999,1.5
44.5,1.0,99.5,0.0,0.0,0.0,0.0,14.0,6194.0,452.83,93.54,3.9,1.0,12.0,14120.0,636.8100000000001,135.73,7.55
44.5,1.0,99.5,0.0,0.0,0.0,0.0,12.0,57.0,186.52,26.57,1.0,1.0,22.0,111.0,334.73,49.49,9.72
21.5,0.0,62.0,0.0,0.0,1.0,0.0,30.0,288.0,721.86,75.08,0.0,1.0,40.0,263.0,781.25,94.49,3.0
70.0,0.0,42.0,1.0,1.0,2.0,0.0,25.0,83596.0,710.27,104.75,3.0,1.0,28.0,82980.0,1020.04,132.07,4.5
29.5,0.0,7.5,1.0,0.0,3.0,2.0,8.0,90.0,153.29,43.97,2.05,1.0,18.0,156.0,271.69,58.24,11.4
59.5,0.0,187.0,1.0,0.0,1.0,0.0,8.0,56.0,128.65,9.1,1.0,1.0,8.0,46.0,88.08,10.34,2.85
44.5,1.0,99.5,0.0,0.0,0.0,0.0,5.0,26.0,48.61,5.75,0.0,0.0,12.0,75.0,150.54,26.69,0.0
49.5,0.0,62.0,0.0,0.0,2.0,0.0,9.0,8335.0,290.54,91.63,2.5,1.0,5.0,15557.0,219.64000000000001,37.510000000000005,0.0
49.5,0.0,42.0,1.0,0.0,2.0,0.0,10.0,156.0,574.13,103.72,1.0,1.0,9.0,167.0,433.56,71.05,1.0
39.5,0.0,162.0,1.0,0.0,2.0,0.0,7.0,360.0,867.08,150.38,2.5,1.0,10.0,331.0,816.97,180.94,0.0
44.5,1.0,99.5,0.0,0.0,0.0,0.0,2.0,63.0,140.68,54.68,0.0,0.0,4.0,38.0,110.0,17.16,0.0
44.5,1.0,99.5,0.0,0.0,0.0,0.0,22.0,330.0,922.87,158.3,4.0,1.0,19.0,291.0,954.0500000000001,146.92,3.0
44.5,1.0,99.5,0.0,0.0,0.0,0.0,7.0,211.0,312.41,57.31,0.0,0.0,5.0,219.0,518.92,109.2,0.0
59.5,0.0,42.0,1.0,1.0,2.0,0.0,17.0,25384.0,236.92,76.08,0.95,1.0,21.0,46894.0,303.18,83.02,1.4
44.5,1.0,99.5,0.0,0.0,0.0,0.0,5.0,44.0,101.67,13.0,0.0,1.0,2.0,40.0,75.55,21.86,0.0
70.0,0.0,19.5,1.0,0.0,1.0,0.0,16.0,90.0,207.06,30.82,0.0,1.0,18.0,98.0,212.12,40.82,0.0
59.5,0.0,42.0,1.0,1.0,2.0,1.0,7.0,128.0,263.4,49.839999999999996,1.5,1.0,6.0,72.0,179.66,39.64,0.0
39.5,0.0,87.0,1.0,0.0,1.0,0.0,16.0,125.0,245.07,19.37,0.0,0.0,22.0,42171.0,646.91,48.97,3.0
49.5,0.0,62.0,1.0,0.0,1.0,0.0,64.0,568.0,1047.59,191.6,10.0,1.0,62.0,662.0,1004.26,249.2,0.2
49.5,0.0,87.0,1.0,1.0,0.0,0.0,6.0,38.0,99.92,37.43,2.0,0.0,3.0,18.0,48.92,19.88,0.0
44.5,1.0,99.5,0.0,0.0,0.0,0.0,4.0,39.0,133.92000000000002,12.05,10.0,1.0,0.0,0.0,0.0,0.0,0.0
44.5,1.0,99.5,0.0,0.0,0.0,0.0,1.0,8.0,24.509999999999998,1.23,0.0,0.0,7.0,34.0,122.17,16.27,0.0
59.5,0.0,42.0,1.0,1.0,4.0,2.0,6.0,112.0,187.10999999999999,52.83,2.5,1.0,11.0,178.0,309.49,102.65,0.4
39.5,0.0,112.0,0.0,1.0,0.0,0.0,26.0,476.0,1075.09,146.47,0.75,1.0,21.0,340.0,752.48,119.47,0.0
44.5,1.0,99.5,0.0,0.0,0.0,0.0,20.0,24048.0,211.81,14.27,5.04,1.0,8.0,12843.0,293.47,36.34,0.0
44.5,1.0,99.5,0.0,0.0,0.0,0.0,23.0,303.0,686.41,140.1,1.35,0.0,30.0,338.0,746.15,145.84,0.0
44.5,1.0,99.5,0.0,0.0,0.0,0.0,20.0,85397.0,542.76,60.6,0.0,1.0,31.0,43006.0,1200.91,186.23000000000002,0.0
29.5,0.0,87.0,0.0,0.0,3.0,1.0,13.0,6359.0,190.8,19.93,0.0,1.0,30.0,20807.0,516.36,58.78,0.0
44.5,1.0,99.5,0.0,0.0,0.0,0.0,10.0,20258.0,311.5,23.28,0.0,1.0,3.0,11.0,49.760000000000005,10.39,0.0
44.5,1.0,99.5,0.0,0.0,0.0,0.0,3.0,21108.0,64.99000000000001,1.0,0.0,0.0,2.0,13476.0,30.08,0.02,0.0
49.5,0.0,62.0,1.0,1.0,2.0,0.0,23.0,72521.0,1403.8500000000001,157.76,2.25,1.0,24.0,76185.0,1622.02,228.54,2.3
70.0,0.0,112.0,1.0,1.0,3.0,1.0,44.0,84809.0,826.46,125.96,2.7,1.0,48.0,60158.0,1069.6100000000001,158.60999999999999,4.32
44.5,1.0,99.5,0.0,0.0,0.0,0.0,2.0,22.0,47.31,6.63,0.0,0.0,2.0,34.0,93.33,6.84,0.0
59.5,0.0,112.0,1.0,1.0,2.0,0.0,10.0,232.0,561.6,60.660000000000004,0.0,1.0,10.0,212.0,438.8,53.51,0.0
44.5,1.0,99.5,0.0,0.0,0.0,0.0,0.0,0.0,0.0,0.0,0.0,0.0,1.0,3.0,3.0,1.47,0.0
70.0,0.0,29.5,1.0,1.0,2.0,1.0,8.0,111.0,217.78,62.76,1.0,1.0,8.0,123.0,252.06,64.74,1.0
21.5,0.0,42.0,0.0,1.0,3.0,1.0,24.0,24087.0,690.18,121.88,0.0,1.0,17.0,19894.0,690.34,125.52,0.0
39.5,0.0,87.0,1.0,1.0,0.0,0.0,20.0,329.0,1049.35,84.78,0.0,1.0,34.0,12389.0,1639.09,158.7,0.0
44.5,1.0,99.5,0.0,0.0,0.0,0.0,2.0,36.0,105.7,12.56,0.0,0.0,3.0,92.0,230.41,24.96,0.2
44.5,1.0,99.5,0.0,0.0,0.0,0.0,4.0,7316.0,139.32,22.83,0.0,0.0,3.0,36.0,73.36,15.07,0.0
44.5,1.0,99.5,0.0,0.0,0.0,0.0,6.0,172.0,293.04,65.96,0.0,0.0,10.0,206.0,423.09,98.63,0.0
44.5,1.0,99.5,0.0,0.0,0.0,0.0,22.0,143.0,240.85,33.27,0.0,1.0,4.0,30.0,74.01,13.93,0.0
44.5,1.0,99.5,0.0,0.0,0.0,0.0,6.0,39.0,45.43,31.77,2.5,0.0,8.0,45.0,58.03,22.19,0.0
39.5,0.0,62.0,1.0,1.0,3.0,1.0,33.0,76461.0,727.34,151.18,2.9,1.0,35.0,56126.0,813.63,200.0,6.7
49.5,0.0,87.0,1.0,0.0,2.0,0.0,13.0,453.0,1192.79,288.31,16.5,1.0,13.0,261.0,981.41,146.64,12.0
44.5,1.0,99.5,0.0,0.0,0.0,0.0,2.0,100.0,224.99,28.07,1.0499999999999998,0.0,5.0,201.0,573.5,71.77,10.49
49.5,0.0,137.0,1.0,0.0,0.0,0.0,9.0,151.0,321.40000000000003,68.93,0.75,1.0,5.0,14150.0,144.78,27.12,0.0
44.5,1.0,99.5,0.0,0.0,0.0,0.0,3.0,36.0,74.57000000000001,14.51,0.0,1.0,9.0,105.0,169.09,35.93,0.0
44.5,1.0,99.5,0.0,0.0,0.0,0.0,0.0,0.0,0.0,0.0,0.0,0.0,3.0,13.0,36.519999999999996,13.13,0.0
44.5,1.0,99.5,0.0,0.0,0.0,0.0,33.0,14661.0,498.29,76.52,3.75,1.0,37.0,17784.0,733.48,145.6,9.75
39.5,0.0,275.0,1.0,1.0,3.0,1.0,34.0,32363.0,708.59,94.93,2.5,1.0,33.0,16043.0,792.83,124.29,7.68
39.5,0.0,42.0,0.0,0.0,2.0,0.0,19.0,41849.0,835.53,158.36,1.0,1.0,20.0,21020.0,961.41,161.8,3.55
39.5,0.0,162.0,1.0,0.0,1.0,0.0,14.0,12856.0,485.5,64.17999999999999,6.0,1.0,29.0,353.0,909.18,106.5,4.99
49.5,0.0,87.0,1.0,1.0,2.0,0.0,26.0,67684.0,1334.98,300.18,7.85,1.0,23.0,99232.0,1885.39,396.18,5.5
49.5,0.0,42.0,1.0,0.0,2.0,0.0,2.0,15.0,22.72,6.46,1.29,1.0,13.0,10354.0,279.69,44.38,1.11
49.5,0.0,87.0,1.0,0.0,1.0,0.0,18.0,140.0,355.24,73.75,0.0,1.0,24.0,2606.0,325.37,42.019999999999996,0.0
70.0,0.0,42.0,1.0,1.0,2.0,1.0,22.0,344.0,801.0600000000001,124.85,0.5,1.0,22.0,442.0,968.25,155.71,5.75
44.5,1.0,99.5,0.0,0.0,0.0,0.0,3.0,13.0,18.759999999999998,2.38,0.0,0.0,4.0,37.0,38.96,17.060000000000002,0.0
21.5,0.0,62.0,0.0,0.0,1.0,0.0,14.0,147.0,310.68,67.94,0.4,1.0,32.0,27588.0,445.66,89.6,0.0
44.5,1.0,99.5,0.0,0.0,0.0,0.0,15.0,98.0,151.16,22.9,0.0,1.0,16.0,129.0,225.35,25.41,0.0
29.5,0.0,87.0,1.0,0.0,4.0,2.0,22.0,132847.0,1108.29,153.47,35.85,1.0,40.0,275425.0,1848.15,212.08,41.08
49.5,0.0,42.0,0.0,0.0,4.0,2.0,35.0,117583.0,1684.13,239.37,16.5,1.0,34.0,75712.0,1587.84,189.45000000000002,26.490000000000002
44.5,1.0,99.5,0.0,0.0,0.0,0.0,11.0,195.0,709.55,108.08,8.45,1.0,29.0,10510.0,1438.2,233.48,29.89
70.0,0.0,19.5,1.0,1.0,2.0,0.0,5.0,65.0,88.19,25.94,0.0,1.0,6.0,66.0,92.35,21.57,0.0
70.0,0.0,62.0,0.0,0.0,1.0,0.0,4.0,94.0,117.34,25.53,0.0,1.0,9.0,152.0,190.56,50.99,0.0
44.5,1.0,99.5,0.0,0.0,0.0,0.0,1.0,2.0,8.379999999999999,0.0,0.0,0.0,7.0,106.0,242.12,57.7,0.0
44.5,1.0,99.5,0.0,0.0,0.0,0.0,22.0,27452.0,1674.28,169.27,0.2,1.0,10.0,12093.0,964.73,99.43,6.55
44.5,1.0,99.5,0.0,0.0,0.0,0.0,3.0,14.0,28.12,4.52,0.0,1.0,0.0,0.0,0.0,0.0,0.0
49.5,0.0,7.5,1.0,1.0,0.0,0.0,31.0,100790.0,825.09,192.43,32.129999999999995,1.0,38.0,81276.0,1549.99,466.17,32.49
49.5,0.0,87.0,1.0,1.0,3.0,1.0,18.0,167.0,401.19,68.16,0.0,0.0,10.0,70.0,151.62,13.61,2.5
39.5,0.0,62.0,1.0,1.0,4.0,2.0,8.0,15307.0,1445.6000000000001,169.98,0.0,1.0,12.0,41890.0,1971.91,248.4,0.0
44.5,1.0,99.5,0.0,0.0,0.0,0.0,18.0,14798.0,649.5,123.39,0.0,1.0,24.0,15192.0,672.85,149.67,0.0
44.5,1.0,99.5,0.0,0.0,0.0,0.0,25.0,423.0,791.44,154.32999999999998,1.0,1.0,25.0,514.0,1023.69,192.5,1.5
44.5,1.0,99.5,0.0,0.0,0.0,0.0,6.0,12885.0,595.32,71.77,2.0,1.0,9.0,333.0,845.44,106.95,1.45
49.5,0.0,42.0,1.0,0.0,1.0,0.0,8.0,28441.0,481.90000000000003,61.85,0.0,1.0,4.0,159.0,381.01,32.91,0.5
44.5,1.0,99.5,0.0,0.0,0.0,0.0,17.0,3289.0,139.97,22.240000000000002,3.0,1.0,37.0,81935.0,505.31,27.45,1.0
21.5,0.0,7.5,0.0,0.0,2.0,1.0,9.0,150.0,333.04,58.25,0.0,0.0,13.0,235.0,646.0,78.16,0.0
59.5,0.0,42.0,1.0,1.0,2.0,1.0,10.0,198.0,407.09,67.92,0.4,1.0,11.0,192.0,410.47,79.62,0.0
49.5,0.0,29.5,0.0,0.0,1.0,0.0,23.0,53661.0,596.17,107.65,4.6,1.0,25.0,34706.0,806.08,242.55,39.16
44.5,1.0,99.5,0.0,0.0,0.0,0.0,11.0,66.0,147.7,27.49,0.0,1.0,13.0,37.0,97.61,8.86,0.0
49.5,0.0,62.0,1.0,0.0,1.0,0.0,8.0,28100.0,343.89,67.85,3.0,1.0,7.0,25055.0,374.06,73.81,2.0
39.5,0.0,87.0,1.0,0.0,3.0,1.0,28.0,68492.0,926.67,141.89,9.0,0.0,56.0,102016.0,1417.24,231.49,0.0
44.5,1.0,99.5,0.0,0.0,0.0,0.0,1.0,1725.0,3.9,0.01,0.0,0.0,2.0,5.0,15.94,0.0,0.0
70.0,0.0,42.0,1.0,0.0,2.0,0.0,20.0,227.0,517.58,72.66,1.0,1.0,23.0,282.0,594.48,92.42,0.0
44.5,1.0,99.5,0.0,0.0,0.0,0.0,10.0,10127.0,120.86,8.31,1.0,1.0,2.0,12.0,27.29,4.39,0.0
39.5,0.0,62.0,1.0,1.0,3.0,1.0,8.0,52.0,120.13,18.48,1.5,1.0,10.0,6560.0,144.64,9.41,0.0
49.5,0.0,62.0,1.0,1.0,2.0,0.0,19.0,9831.0,417.15000000000003,116.92999999999999,24.34,1.0,25.0,385.0,879.2,217.75,45.3
39.5,0.0,42.0,0.0,0.0,1.0,0.0,8.0,25777.0,124.56,11.49,0.0,1.0,17.0,35608.0,737.2,167.38,0.0
21.5,0.0,7.5,0.0,0.0,2.0,1.0,11.0,9580.0,134.6,7.87,0.0,1.0,21.0,9247.0,398.77,56.08,1.0
49.5,0.0,29.5,1.0,0.0,2.0,0.0,12.0,150.0,337.44,47.59,0.0,1.0,20.0,37428.0,838.66,114.35,2.79
44.5,1.0,99.5,0.0,0.0,0.0,0.0,20.0,9975.0,548.24,99.73,5.79,1.0,12.0,4783.0,300.04,115.64,0.0
49.5,0.0,42.0,1.0,1.0,0.0,0.0,9.0,48.0,115.99000000000001,9.56,0.0,1.0,11.0,106.0,232.77,25.64,0.0
39.5,0.0,87.0,1.0,0.0,2.0,0.0,15.0,59709.0,420.35,32.94,0.0,1.0,13.0,19376.0,505.77,65.85,0.5
59.5,0.0,42.0,0.0,1.0,3.0,1.0,20.0,46041.0,524.91,57.35,2.75,0.0,17.0,29739.0,513.83,65.91,9.9
44.5,1.0,99.5,0.0,0.0,0.0,0.0,10.0,31.0,176.37,16.13,0.0,0.0,0.0,0.0,0.0,0.0,0.0
49.5,0.0,62.0,1.0,1.0,2.0,0.0,19.0,88864.0,581.12,45.13,0.0,1.0,21.0,38501.0,641.95,75.91,2.0
21.5,0.0,7.5,0.0,0.0,0.0,0.0,15.0,105.0,195.05,41.0,0.0,1.0,20.0,169.0,409.63,74.13,8.79
49.5,0.0,19.5,0.0,0.0,2.0,0.0,6.0,40.0,85.5,15.139999999999999,0.0,1.0,7.0,116.0,258.26,45.28,0.0
44.5,1.0,99.5,0.0,0.0,0.0,0.0,19.0,114.0,388.88,52.69,0.0,1.0,18.0,131.0,386.81,39.17,0.0
39.5,0.0,62.0,0.0,0.0,2.0,0.0,22.0,27484.0,412.69,51.14,2.65,0.0,22.0,28431.0,429.57,62.34,0.0
29.5,0.0,7.5,1.0,1.0,2.0,1.0,29.0,11091.0,456.01,67.76,0.0,1.0,33.0,53658.0,520.2,66.23,0.0
49.5,0.0,62.0,1.0,1.0,2.0,0.0,15.0,77828.0,776.55,190.81,3.9,1.0,17.0,105103.0,678.19,148.29,4.75
49.5,0.0,162.0,1.0,1.0,2.0,0.0,13.0,345.0,658.75,81.14,1.0,1.0,5.0,79.0,137.18,13.270000000000001,0.0
44.5,1.0,99.5,0.0,0.0,0.0,0.0,4.0,26.0,69.53,12.09,0.0,1.0,9.0,62.0,137.76,19.25,0.0
44.5,1.0,99.5,0.0,0.0,0.0,0.0,23.0,283.0,502.07,71.64,0.0,1.0,19.0,149.0,231.72,35.45,0.0
44.5,1.0,99.5,0.0,0.0,0.0,0.0,5.0,52.0,104.91,19.46,2.25,0.0,17.0,48295.0,708.88,198.29,11.73
59.5,0.0,42.0,0.0,0.0,2.0,0.0,16.0,5103.0,209.71,45.69,0.0,0.0,6.0,28.0,85.85,14.67,0.0
44.5,1.0,99.5,0.0,0.0,0.0,0.0,12.0,93.0,235.01,40.82,0.0,1.0,7.0,41.0,117.59,16.29,0.0
21.5,0.0,42.0,0.0,0.0,1.0,0.0,14.0,171.0,328.69,84.47,1.0,1.0,22.0,121.0,266.96,49.61,0.55
39.5,0.0,62.0,1.0,1.0,2.0,0.0,14.0,38088.0,535.18,89.19,0.0,1.0,17.0,36302.0,874.29,163.51,4.0
44.5,1.0,99.5,0.0,0.0,0.0,0.0,13.0,35247.0,596.28,126.25,0.0,1.0,22.0,48820.0,1239.75,189.46,0.0
44.5,1.0,99.5,0.0,0.0,0.0,0.0,1.0,2.0,2.19,0.79,0.0,0.0,2.0,4.0,10.45,5.01,0.0
44.5,1.0,99.5,0.0,0.0,0.0,0.0,3.0,13.0,45.11,5.25,0.0,0.0,7.0,82.0,225.2,23.54,0.0
44.5,1.0,99.5,0.0,0.0,0.0,0.0,8.0,9005.0,153.42000000000002,19.55,0.0,1.0,17.0,5836.0,228.16,44.45,0.0
59.5,0.0,19.5,1.0,1.0,2.0,0.0,17.0,10584.0,604.36,71.61,0.0,1.0,24.0,311.0,404.29,146.59,2.25
44.5,1.0,99.5,0.0,0.0,0.0,0.0,3.0,28.0,108.93,9.21,0.0,0.0,0.0,0.0,0.0,0.0,0.0
44.5,1.0,99.5,0.0,0.0,0.0,0.0,5.0,61.0,160.09,19.63,0.0,0.0,13.0,106.0,273.93,34.17,0.0
44.5,1.0,99.5,0.0,0.0,0.0,0.0,6.0,158.0,217.51,59.769999999999996,0.0,1.0,8.0,141.0,210.94,60.41,16.990000000000002
44.5,1.0,99.5,0.0,0.0,0.0,0.0,0.0,0.0,0.0,0.0,0.0,0.0,8.0,30.0,110.33,51.7,2.0
70.0,0.0,42.0,1.0,0.0,1.0,0.0,8.0,64.0,173.23,17.24,0.0,1.0,9.0,73.0,204.29,18.36,0.0
29.5,0.0,87.0,0.0,0.0,1.0,0.0,16.0,191.0,378.81,33.97,0.0,1.0,12.0,211.0,436.51,33.4,0.0
44.5,1.0,99.5,0.0,0.0,0.0,0.0,1.0,3.0,1.67,0.62,0.0,0.0,9.0,12660.0,85.39,12.89,2.0
70.0,0.0,19.5,1.0,1.0,2.0,1.0,13.0,52.0,109.43,26.65,0.0,0.0,14.0,24025.0,239.03,50.99,0.0
39.5,0.0,42.0,0.0,1.0,0.0,0.0,12.0,12927.0,384.49,74.92,0.55,0.0,2.0,22.0,65.84,3.26,0.0
39.5,0.0,62.0,1.0,0.0,4.0,2.0,14.0,41178.0,516.99,73.66,0.0,1.0,10.0,37151.0,548.3,64.6,1.0
49.5,0.0,19.5,0.0,0.0,1.0,0.0,21.0,15184.0,531.1,111.03,1.5,1.0,25.0,14943.0,500.33,112.46000000000001,2.5
49.5,0.0,62.0,0.0,0.0,1.0,0.0,21.0,205.0,479.94,58.4,0.75,1.0,26.0,340.0,864.75,103.0,0.0
44.5,1.0,99.5,0.0,0.0,0.0,0.0,4.0,28245.0,111.49,10.709999999999999,0.0,0.0,1.0,19603.0,42.91,0.01,0.0
44.5,1.0,99.5,0.0,0.0,0.0,0.0,11.0,8063.0,113.19,16.259999999999998,0.0,1.0,17.0,223.0,565.3,73.54,1.0
49.5,0.0,137.0,0.0,0.0,1.0,0.0,1.0,9.0,15.45,3.0700000000000003,0.0,1.0,2.0,2.0,5.99,0.29,0.0
39.5,0.0,19.5,0.0,0.0,1.0,0.0,25.0,47013.0,852.64,155.65,7.5,1.0,32.0,76611.0,1093.92,177.81,2.5
44.5,1.0,99.5,0.0,0.0,0.0,0.0,0.0,0.0,0.0,0.0,0.0,1.0,0.0,0.0,0.0,0.0,0.0
44.5,1.0,99.5,0.0,0.0,0.0,0.0,0.0,0.0,0.0,0.0,0.0,0.0,3.0,40.0,123.78,16.759999999999998,0.0
44.5,1.0,99.5,0.0,0.0,0.0,0.0,17.0,154.0,181.71,39.64,6.99,1.0,17.0,130.0,139.36,38.52,0.0
44.5,1.0,99.5,0.0,0.0,0.0,0.0,4.0,53.0,97.28,15.51,0.0,0.0,8.0,64.0,116.66,12.69,1.0
49.5,0.0,112.0,1.0,0.0,1.0,0.0,14.0,67787.0,374.67,22.3,0.0,1.0,26.0,78100.0,977.91,116.77,0.6
44.5,1.0,99.5,0.0,0.0,0.0,0.0,1.0,2.0,8.94,0.47,0.0,0.0,7.0,80.0,180.17000000000002,41.46,0.0
70.0,0.0,19.5,1.0,0.0,2.0,0.0,25.0,96.0,137.12,28.2,3.0,1.0,12.0,40.0,36.91,3.7800000000000002,0.0
21.5,0.0,7.5,0.0,0.0,1.0,0.0,6.0,128.0,302.37,38.16,0.0,1.0,15.0,422.0,751.95,154.84,4.0
44.5,1.0,99.5,0.0,0.0,0.0,0.0,16.0,265.0,490.45,107.86,0.0,0.0,18.0,4948.0,364.75,87.28,1.11
44.5,1.0,99.5,0.0,0.0,0.0,0.0,2.0,6.0,4.92,1.1300000000000001,0.0,0.0,4.0,15.0,57.51,1.9100000000000001,0.0
44.5,1.0,99.5,0.0,0.0,0.0,0.0,3.0,51.0,87.76,15.1,0.0,0.0,1.0,37.0,49.61,18.16,0.0
29.5,0.0,42.0,0.0,0.0,2.0,0.0,7.0,249.0,582.15,103.55,0.75,0.0,5.0,58.0,193.57,31.87,0.0
39.5,0.0,29.5,1.0,0.0,2.0,0.0,22.0,37516.0,523.75,60.0,0.0,1.0,28.0,25227.0,1113.21,197.09,0.0
44.5,1.0,99.5,0.0,0.0,0.0,0.0,14.0,44016.0,279.63,40.46,3.0,0.0,14.0,26304.0,341.75,53.68,5.35
44.5,1.0,99.5,0.0,0.0,0.0,0.0,5.0,70.0,149.36,16.64,0.0,0.0,5.0,21.0,51.56,5.1,0.0
49.5,0.0,19.5,1.0,0.0,2.0,0.0,25.0,24959.0,231.22,38.41,0.0,1.0,34.0,42787.0,462.62,126.05,2.0
70.0,0.0,42.0,1.0,0.0,2.0,0.0,8.0,164.0,331.24,71.57000000000001,0.0,1.0,11.0,24916.0,444.02,63.29,1.25
44.5,1.0,99.5,0.0,0.0,0.0,0.0,1.0,3.0,5.49,0.8800000000000001,0.0,1.0,11.0,70603.0,617.54,114.46000000000001,13.15
44.5,1.0,99.5,0.0,0.0,0.0,0.0,41.0,441.0,1135.74,99.07000000000001,0.0,1.0,31.0,21024.0,602.51,45.51,0.0
44.5,1.0,99.5,0.0,0.0,0.0,0.0,8.0,95.0,154.71,51.07,1.0,0.0,6.0,16.0,26.34,4.3,0.5
29.5,0.0,112.0,0.0,0.0,1.0,0.0,15.0,131.0,360.32,57.9,0.75,1.0,20.0,186.0,597.13,79.42,0.0
49.5,0.0,62.0,0.0,0.0,1.0,0.0,25.0,39073.0,829.66,153.85,4.3,1.0,22.0,39756.0,774.85,121.52,13.25
44.5,1.0,99.5,0.0,0.0,0.0,0.0,9.0,25208.0,455.61,62.89,0.0,1.0,9.0,101.0,298.03000000000003,49.53,0.0
49.5,0.0,62.0,0.0,0.0,2.0,1.0,13.0,11597.0,511.13,69.03,2.5,1.0,16.0,261.0,736.26,70.64,5.6
44.5,1.0,99.5,0.0,0.0,0.0,0.0,1.0,8.0,31.25,5.47,0.0,0.0,3.0,7.0,59.589999999999996,15.94,0.0
39.5,0.0,112.0,1.0,1.0,4.0,2.0,4.0,88.0,242.81,35.84,0.0,1.0,6.0,120.0,270.3,55.46,0.0
44.5,1.0,99.5,0.0,0.0,0.0,0.0,11.0,8400.0,251.5,22.23,0.0,0.0,7.0,42.0,93.5,15.18,0.0
49.5,0.0,87.0,1.0,1.0,0.0,0.0,12.0,228.0,616.97,85.0,0.0,1.0,10.0,225.0,594.61,111.21,0.0
44.5,1.0,99.5,0.0,0.0,0.0,0.0,6.0,15990.0,109.76,2.24,0.0,1.0,8.0,16812.0,320.64,17.919999999999998,0.0
21.5,0.0,62.0,0.0,0.0,2.0,0.0,5.0,62.0,102.3,19.169999999999998,0.0,1.0,6.0,179.0,310.54,49.57,0.0
44.5,1.0,99.5,0.0,0.0,0.0,0.0,21.0,11892.0,254.26,19.24,0.0,1.0,31.0,11877.0,452.24,72.29,0.0
44.5,1.0,99.5,0.0,0.0,0.0,0.0,4.0,106.0,198.70000000000002,17.38,0.0,1.0,10.0,187.0,494.05,84.4,0.0
29.5,0.0,162.0,1.0,0.0,2.0,0.0,16.0,40421.0,1415.94,174.02,4.5,1.0,17.0,41896.0,1877.3500000000001,260.62,0.0
21.5,0.0,42.0,0.0,0.0,2.0,0.0,17.0,17419.0,414.62,75.9,5.5,1.0,34.0,41426.0,948.38,154.68,7.09
39.5,0.0,62.0,0.0,0.0,3.0,2.0,7.0,70.0,165.9,30.76,0.0,1.0,9.0,47.0,122.7,19.76,0.0
39.5,0.0,62.0,1.0,1.0,3.0,1.0,14.0,20980.0,380.87,27.0,0.0,1.0,19.0,34563.0,393.73,40.23,1.0
39.5,0.0,7.5,0.0,0.0,2.0,0.0,14.0,11900.0,549.26,118.36,2.5,1.0,19.0,453.0,1300.03,178.79,3.0
44.5,1.0,99.5,0.0,0.0,0.0,0.0,6.0,112.0,254.75,42.17,0.0,0.0,5.0,129.0,244.23000000000002,43.64,12.6
29.5,0.0,29.5,0.0,0.0,3.0,1.0,13.0,229.0,511.93,96.28999999999999,3.0,1.0,13.0,9714.0,628.03,124.33,2.3
44.5,1.0,99.5,0.0,0.0,0.0,0.0,3.0,92.0,229.21,45.43,1.0,1.0,8.0,8445.0,154.37,31.6,0.0
39.5,0.0,87.0,1.0,1.0,2.0,1.0,7.0,14159.0,329.69,27.52,7.05,1.0,13.0,63981.0,614.17,52.81,17.85
44.5,1.0,99.5,0.0,0.0,0.0,0.0,11.0,40070.0,661.8,71.98,4.6,0.0,13.0,63485.0,746.13,76.49,2.15
49.5,0.0,162.0,1.0,0.0,1.0,0.0,19.0,116599.0,1319.69,104.99,2.5,1.0,16.0,22876.0,1294.46,99.49,0.0
44.5,1.0,99.5,0.0,0.0,0.0,0.0,0.0,0.0,0.0,0.0,0.0,1.0,0.0,0.0,0.0,0.0,0.0
44.5,1.0,99.5,0.0,0.0,0.0,0.0,0.0,0.0,0.0,0.0,0.0,0.0,2.0,41.0,90.09,9.71,0.0
44.5,1.0,99.5,0.0,0.0,0.0,0.0,2.0,46.0,91.12,18.14,0.0,0.0,2.0,10.0,36.05,1.69,0.0
49.5,0.0,137.0,0.0,0.0,1.0,0.0,6.0,99.0,337.35,16.759999999999998,0.0,1.0,7.0,113.0,423.01,38.02,0.0
44.5,1.0,99.5,0.0,0.0,0.0,0.0,26.0,147301.0,998.36,113.54,0.0,1.0,28.0,70088.0,1126.57,149.11,0.0
44.5,1.0,99.5,0.0,0.0,0.0,0.0,26.0,63827.0,790.69,117.21,0.0,1.0,23.0,32767.0,693.99,144.94,0.0
39.5,0.0,62.0,1.0,1.0,0.0,0.0,10.0,30487.0,706.31,146.45,6.85,1.0,17.0,29762.0,1353.58,258.94,3.4899999999999998
44.5,1.0,99.5,0.0,0.0,0.0,0.0,12.0,88.0,168.15,32.32,0.0,0.0,13.0,111.0,189.35,22.79,0.0
49.5,0.0,87.0,1.0,1.0,4.0,2.0,14.0,330.0,1024.3,103.73,4.75,0.0,20.0,353.0,936.0,121.61,1.4
44.5,1.0,99.5,0.0,0.0,0.0,0.0,2.0,25.0,58.29,6.51,0.0,1.0,1.0,83.0,150.35,27.41,0.0
44.5,1.0,99.5,0.0,0.0,0.0,0.0,7.0,51.0,70.11,23.05,0.0,0.0,12.0,33554.0,173.4,35.79,6.5
44.5,1.0,99.5,0.0,0.0,0.0,0.0,4.0,65.0,145.31,31.830000000000002,0.0,0.0,7.0,181.0,530.77,153.11,0.0
44.5,1.0,99.5,0.0,0.0,0.0,0.0,9.0,130.0,367.5,64.3,0.0,1.0,10.0,89.0,292.19,69.27,0.0
39.5,0.0,29.5,1.0,1.0,0.0,0.0,10.0,26053.0,319.34000000000003,63.65,0.0,1.0,6.0,112.0,215.28,55.84,0.0
44.5,1.0,99.5,0.0,0.0,0.0,0.0,3.0,6.0,13.3,0.24,0.0,0.0,17.0,135.0,173.46,31.09,0.0
44.5,1.0,99.5,0.0,0.0,0.0,0.0,2.0,2.0,6.49,1.0899999999999999,0.0,1.0,4.0,85.0,207.47,34.53,4.55
39.5,0.0,62.0,1.0,0.0,1.0,0.0,5.0,71.0,322.24,31.95,10.5,0.0,5.0,18.0,72.37,6.29,0.0
44.5,1.0,99.5,0.0,0.0,0.0,0.0,5.0,15488.0,231.64000000000001,22.13,0.0,1.0,8.0,9413.0,241.82,36.06,0.0
44.5,1.0,99.5,0.0,0.0,0.0,0.0,1.0,1.0,5.88,0.0,0.0,0.0,4.0,43.0,136.33,20.02,0.0
44.5,1.0,99.5,0.0,0.0,0.0,0.0,7.0,130.0,258.73,55.95,3.0,0.0,16.0,167.0,459.39,122.58,7.0
29.5,0.0,29.5,0.0,0.0,3.0,2.0,16.0,390.0,799.55,203.32,5.75,1.0,13.0,288.0,597.21,147.04,3.4
39.5,0.0,7.5,1.0,1.0,3.0,1.0,1.0,4.0,13.98,2.38,0.0,1.0,0.0,0.0,0.0,0.0,0.0
39.5,0.0,62.0,1.0,1.0,0.0,0.0,22.0,47944.0,759.98,86.9,9.35,1.0,21.0,73700.0,1035.71,148.54,12.95
44.5,1.0,99.5,0.0,0.0,0.0,0.0,5.0,131.0,302.63,64.25,0.0,0.0,7.0,199.0,446.13,88.61,0.0
49.5,0.0,29.5,0.0,0.0,1.0,0.0,29.0,54799.0,630.34,115.85,2.0,0.0,35.0,84406.0,905.79,115.99,0.0
59.5,0.0,162.0,0.0,0.0,1.0,0.0,30.0,58398.0,495.36,53.07,0.0,0.0,43.0,92805.0,796.02,75.23,0.0
39.5,0.0,137.0,1.0,1.0,2.0,0.0,17.0,11039.0,1120.46,97.2,0.0,1.0,13.0,16030.0,1161.47,83.21,0.0
44.5,1.0,99.5,0.0,0.0,0.0,0.0,0.0,0.0,0.0,0.0,0.0,0.0,0.0,0.0,0.0,0.0,0.0
49.5,0.0,42.0,0.0,0.0,1.0,0.0,26.0,263.0,518.85,65.47,3.45,1.0,34.0,450.0,969.21,158.32,2.39
70.0,0.0,19.5,1.0,0.0,1.0,0.0,14.0,7687.0,270.67,78.47,3.05,1.0,16.0,14445.0,324.84,68.57,12.3
44.5,1.0,99.5,0.0,0.0,0.0,0.0,11.0,80.0,135.01,27.4,0.55,0.0,12.0,4993.0,143.11,22.46,0.0
44.5,1.0,99.5,0.0,0.0,0.0,0.0,1.0,15.0,39.25,7.5,0.0,0.0,8.0,95.0,263.3,34.0,0.0
44.5,1.0,99.5,0.0,0.0,0.0,0.0,0.0,0.0,0.0,0.0,0.0,0.0,1.0,4547.0,10.0,0.14,0.0
70.0,0.0,62.0,1.0,1.0,2.0,0.0,12.0,244.0,1103.35,88.57,0.0,1.0,14.0,308.0,687.58,144.77,0.0
49.5,0.0,137.0,1.0,1.0,3.0,1.0,25.0,77010.0,795.51,136.81,34.09,1.0,36.0,104116.0,1141.45,205.31,49.23
44.5,1.0,99.5,0.0,0.0,0.0,0.0,0.0,0.0,0.0,0.0,0.0,0.0,2.0,9.0,10.45,2.22,0.0
70.0,0.0,62.0,1.0,0.0,2.0,0.0,15.0,29493.0,556.92,54.23,0.0,1.0,28.0,67173.0,928.35,79.17999999999999,0.0
49.5,0.0,29.5,0.0,0.0,1.0,0.0,10.0,56.0,139.99,34.22,0.0,1.0,15.0,65.0,175.24,27.72,0.0
44.5,1.0,99.5,0.0,0.0,0.0,0.0,1.0,7.0,6.98,2.1,0.0,0.0,0.0,0.0,0.0,0.0,0.0
29.5,0.0,42.0,0.0,0.0,2.0,1.0,19.0,49127.0,728.3,137.31,2.5,1.0,19.0,41651.0,912.44,154.35,0.0
44.5,1.0,99.5,0.0,0.0,0.0,0.0,15.0,237.0,458.87,82.45,0.0,1.0,18.0,255.0,534.04,87.73,0.0
70.0,0.0,42.0,0.0,1.0,2.0,1.0,18.0,213.0,355.61,53.55,2.5,1.0,29.0,341.0,547.87,94.85,0.0
44.5,1.0,99.5,0.0,0.0,0.0,0.0,7.0,54.0,140.7,8.21,0.0,0.0,8.0,61.0,272.71000000000004,18.66,0.0
39.5,0.0,19.5,0.0,0.0,1.0,0.0,20.0,102.0,265.1,54.63,0.0,1.0,14.0,68.0,179.44,33.54,0.0
49.5,0.0,62.0,1.0,1.0,2.0,0.0,15.0,372.0,852.36,163.9,16.8,1.0,23.0,26829.0,1316.35,239.19,18.54
44.5,1.0,99.5,0.0,0.0,0.0,0.0,24.0,34984.0,361.1,41.61,1.6,1.0,33.0,12307.0,401.58,47.66,3.0
49.5,0.0,7.5,1.0,1.0,2.0,1.0,8.0,172.0,398.48,92.86,17.98,1.0,8.0,177.0,376.22,86.23,0.0
49.5,0.0,62.0,1.0,0.0,2.0,0.0,24.0,118785.0,783.78,111.98,5.0,1.0,19.0,65205.0,707.61,108.85,9.15
44.5,1.0,99.5,0.0,0.0,0.0,0.0,3.0,362.0,682.44,199.62,1.55,0.0,4.0,390.0,620.01,205.71,16.22
39.5,0.0,19.5,0.0,0.0,4.0,2.0,19.0,36623.0,566.05,123.62,8.85,1.0,18.0,22977.0,521.02,139.12,9.65
44.5,1.0,99.5,0.0,0.0,0.0,0.0,5.0,103.0,153.95,49.38999999999999,0.0,0.0,4.0,99.0,202.74,25.38,0.0
44.5,1.0,99.5,0.0,0.0,0.0,0.0,2.0,159.0,289.9,46.63,3.35,1.0,9.0,326.0,676.33,126.05,0.5
44.5,1.0,99.5,0.0,0.0,0.0,0.0,8.0,26.0,113.58,9.94,0.0,0.0,13.0,49.0,143.28,17.7,1.85
44.5,1.0,99.5,0.0,0.0,0.0,0.0,6.0,80.0,198.56,40.94,0.0,0.0,4.0,61.0,116.13,28.85,0.0
44.5,1.0,99.5,0.0,0.0,0.0,0.0,1.0,5.0,14.96,1.3900000000000001,0.0,0.0,6.0,55.0,184.92,21.21,0.0
44.5,1.0,99.5,0.0,0.0,0.0,0.0,4.0,49.0,157.84,14.540000000000001,0.0,1.0,1.0,1.0,2.5,0.49,0.0
39.5,0.0,42.0,1.0,1.0,0.0,0.0,11.0,83983.0,503.04,106.91,7.58,1.0,6.0,27526.0,261.06,59.14,5.2
39.5,0.0,19.5,1.0,0.0,3.0,1.0,23.0,40350.0,1076.13,264.59999999999997,17.0,1.0,23.0,26485.0,1157.04,248.15,16.64
29.5,0.0,62.0,1.0,1.0,0.0,0.0,7.0,80.0,176.0,22.74,0.0,1.0,12.0,111.0,285.81,54.22,0.0
49.5,0.0,275.0,1.0,1.0,2.0,0.0,9.0,56.0,161.65,6.03,4.5,0.0,6.0,40.0,152.44,9.65,2.4
39.5,0.0,62.0,1.0,1.0,0.0,0.0,19.0,86.0,265.72,36.62,0.0,0.0,6.0,20.0,136.79,2.33,0.0
44.5,1.0,99.5,0.0,0.0,0.0,0.0,1.0,1.0,5.49,0.0,1.0,0.0,1.0,1.0,4.19,0.0,0.0
44.5,1.0,99.5,0.0,0.0,0.0,0.0,3.0,28.0,53.77,10.57,0.0,1.0,5.0,70.0,123.24,30.189999999999998,0.0
70.0,0.0,42.0,1.0,0.0,1.0,0.0,10.0,15051.0,366.16,28.82,0.5,1.0,15.0,34827.0,469.98,34.27,1.0
44.5,1.0,99.5,0.0,0.0,0.0,0.0,3.0,57.0,151.31,9.18,0.0,0.0,2.0,55.0,154.44,25.55,0.0
49.5,0.0,87.0,1.0,0.0,2.0,0.0,5.0,175.0,476.15000000000003,94.91,5.5,1.0,8.0,270.0,709.91,145.66,3.0
44.5,1.0,99.5,0.0,0.0,0.0,0.0,28.0,286.0,657.8100000000001,105.11,0.0,1.0,44.0,15374.0,743.05,98.96,0.0
59.5,0.0,87.0,1.0,0.0,1.0,0.0,15.0,53542.0,869.39,85.75,20.85,1.0,24.0,80016.0,1187.72,141.92000000000002,27.84
44.5,1.0,99.5,0.0,0.0,0.0,0.0,6.0,45.0,135.04,15.34,0.0,0.0,7.0,82.0,244.94,23.37,0.0
49.5,0.0,42.0,0.0,0.0,1.0,0.0,9.0,48.0,70.57,26.07,6.5,0.0,11.0,42.0,77.99,37.89,3.2
44.5,1.0,99.5,0.0,0.0,0.0,0.0,0.0,0.0,0.0,0.0,0.0,0.0,1.0,41.0,68.88,32.129999999999995,0.0
44.5,1.0,99.5,0.0,0.0,0.0,0.0,7.0,134.0,306.72,87.26,0.0,1.0,5.0,120.0,297.54,80.81,0.0
70.0,0.0,42.0,0.0,0.0,2.0,0.0,6.0,117.0,187.0,35.62,3.5,1.0,8.0,130.0,200.36,38.98,1.5
44.5,1.0,99.5,0.0,0.0,0.0,0.0,1.0,14.0,67.44,1.82,0.0,0.0,3.0,31.0,129.78,13.92,0.0
44.5,1.0,99.5,0.0,0.0,0.0,0.0,3.0,14.0,23.060000000000002,10.16,0.0,0.0,5.0,18.0,59.22,16.98,0.0
39.5,0.0,87.0,1.0,1.0,3.0,1.0,19.0,703.0,1705.85,287.02,1.25,1.0,17.0,789.0,1918.79,295.16,4.25
44.5,1.0,99.5,0.0,0.0,0.0,0.0,14.0,10360.0,280.91,69.24,0.0,0.0,4.0,5323.0,56.69,7.91,0.0
70.0,0.0,62.0,1.0,1.0,2.0,0.0,12.0,20911.0,274.18,89.9,12.15,1.0,19.0,32878.0,464.65,108.46,13.35
44.5,1.0,99.5,0.0,0.0,0.0,0.0,47.0,197474.0,1414.06,220.59,7.15,1.0,24.0,93141.0,955.85,156.05,0.0
29.5,0.0,7.5,1.0,1.0,4.0,2.0,18.0,24364.0,1042.45,237.57,12.0,1.0,9.0,255.0,544.09,115.74,0.0
29.5,0.0,42.0,1.0,0.0,2.0,0.0,9.0,80.0,151.67,76.59,9.0,0.0,5.0,135.0,250.04,104.26,5.0
49.5,0.0,87.0,1.0,1.0,0.0,0.0,26.0,60676.0,1189.51,205.85,38.1,0.0,19.0,53535.0,850.88,147.02,20.95
49.5,0.0,87.0,1.0,0.0,2.0,0.0,9.0,124.0,232.16,221.52,26.65,0.0,9.0,28581.0,96.15,26.89,0.0
49.5,0.0,29.5,1.0,1.0,2.0,0.0,13.0,234.0,382.83,106.53999999999999,0.0,1.0,11.0,194.0,309.98,105.01,0.0
44.5,1.0,99.5,0.0,0.0,0.0,0.0,0.0,0.0,0.0,0.0,0.0,0.0,8.0,9211.0,421.28000000000003,75.66,1.55
44.5,1.0,99.5,0.0,0.0,0.0,0.0,6.0,106.0,127.96000000000001,40.35,0.0,1.0,9.0,104.0,145.60999999999999,35.83,0.0
44.5,1.0,99.5,0.0,0.0,0.0,0.0,0.0,0.0,0.0,0.0,0.0,0.0,3.0,19.0,50.03,8.99,0.0
29.5,0.0,42.0,1.0,1.0,2.0,0.0,19.0,147607.0,715.87,92.66,0.0,1.0,19.0,117725.0,809.22,117.2,5.5
44.5,1.0,99.5,0.0,0.0,0.0,0.0,4.0,152.0,394.44,37.17,0.0,1.0,5.0,204.0,551.4,48.28,1.99
39.5,0.0,87.0,1.0,0.0,3.0,1.0,8.0,10013.0,158.32,34.78,3.0,1.0,8.0,74.0,158.8,61.230000000000004,0.75
49.5,0.0,87.0,1.0,1.0,2.0,0.0,17.0,293.0,896.85,109.5,0.5,0.0,22.0,485.0,1389.8600000000001,216.92,0.4
44.5,1.0,99.5,0.0,0.0,0.0,0.0,10.0,99.0,168.36,31.69,2.9,0.0,11.0,136.0,237.74,34.51,1.4
39.5,0.0,42.0,1.0,1.0,0.0,0.0,8.0,35.0,92.13,22.82,0.0,1.0,19.0,21552.0,1593.25,281.54,61.42
29.5,0.0,7.5,0.0,0.0,0.0,0.0,8.0,135.0,211.1,65.9,0.0,0.0,7.0,85.0,195.32,39.28,0.0
39.5,0.0,7.5,0.0,0.0,1.0,0.0,5.0,21168.0,230.81,35.26,0.0,1.0,10.0,18433.0,332.65000000000003,52.52,0.0
29.5,0.0,62.0,1.0,1.0,3.0,1.0,13.0,167.0,457.03000000000003,38.23,0.0,1.0,12.0,123.0,307.44,33.38,0.0
44.5,1.0,99.5,0.0,0.0,0.0,0.0,19.0,11704.0,289.49,37.95,0.0,0.0,15.0,10347.0,221.26,7.73,0.0
29.5,0.0,62.0,0.0,0.0,1.0,0.0,13.0,222.0,538.49,66.07,1.0,1.0,15.0,319.0,747.75,124.81,0.0
49.5,0.0,162.0,1.0,1.0,2.0,0.0,13.0,405.0,968.87,172.8,8.15,1.0,13.0,382.0,847.4300000000001,168.85,0.0
44.5,1.0,99.5,0.0,0.0,0.0,0.0,0.0,0.0,0.0,0.0,0.0,0.0,0.0,0.0,0.0,0.0,0.0
44.5,1.0,99.5,0.0,0.0,0.0,0.0,7.0,41.0,108.9,7.92,0.0,1.0,5.0,22.0,69.81,0.3,0.0
44.5,1.0,99.5,0.0,0.0,0.0,0.0,3.0,28.0,71.52,10.9,0.0,0.0,7.0,41.0,112.98,20.52,0.0
44.5,1.0,99.5,0.0,0.0,0.0,0.0,24.0,42971.0,522.96,87.76,0.0,1.0,32.0,18661.0,599.47,102.56,3.25
29.5,0.0,19.5,0.0,0.0,1.0,0.0,11.0,120.0,376.74,40.02,0.0,1.0,5.0,26911.0,117.42,10.99,0.0
44.5,1.0,99.5,0.0,0.0,0.0,0.0,8.0,292.0,592.3100000000001,209.81,2.55,1.0,12.0,332.0,633.59,200.55,0.0
44.5,1.0,99.5,0.0,0.0,0.0,0.0,5.0,38.0,95.8,6.46,0.0,0.0,11.0,20779.0,320.74,35.089999999999996,0.0
44.5,1.0,99.5,0.0,0.0,0.0,0.0,6.0,91.0,142.96,23.85,0.0,1.0,11.0,5020.0,281.36,38.48,0.0
44.5,1.0,99.5,0.0,0.0,0.0,0.0,5.0,45.0,104.01,6.25,0.0,0.0,7.0,176.0,461.04,70.48,0.0
39.5,0.0,29.5,1.0,1.0,2.0,0.0,7.0,88.0,296.29,28.14,0.0,1.0,15.0,175.0,564.77,39.44,0.2
29.5,0.0,62.0,0.0,0.0,1.0,0.0,9.0,7590.0,269.05,16.94,2.0,1.0,9.0,115.0,263.04,29.419999999999998,2.4
44.5,1.0,99.5,0.0,0.0,0.0,0.0,3.0,14.0,37.7,6.96,0.0,0.0,5.0,28.0,89.97,18.17,0.0
44.5,1.0,99.5,0.0,0.0,0.0,0.0,7.0,59.0,93.6,15.92,0.0,1.0,11.0,155.0,259.23,48.59,2.0
49.5,0.0,7.5,0.0,0.0,1.0,0.0,29.0,50479.0,1159.1200000000001,290.87,3.0,1.0,29.0,32327.0,1361.56,355.1,1.55
39.5,0.0,19.5,1.0,0.0,1.0,0.0,11.0,392.0,843.94,134.63,15.64,1.0,13.0,405.0,896.0,154.4,9.65
21.5,0.0,19.5,0.0,0.0,2.0,0.0,7.0,218.0,391.3,70.73,0.0,1.0,15.0,381.0,948.79,121.47,0.35
44.5,1.0,99.5,0.0,0.0,0.0,0.0,15.0,402.0,750.71,150.57,2.5,1.0,16.0,435.0,810.0600000000001,193.34,0.5
70.0,0.0,137.0,1.0,1.0,2.0,0.0,16.0,11348.0,475.14,132.31,5.85,1.0,4.0,74.0,173.82,46.82,3.0
44.5,1.0,99.5,0.0,0.0,0.0,0.0,7.0,70.0,327.61,24.16,1.5,1.0,4.0,26.0,127.47,28.37,0.0
44.5,1.0,99.5,0.0,0.0,0.0,0.0,6.0,102.0,187.56,21.1,0.0,0.0,1.0,9095.0,20.0,0.91,0.0
49.5,0.0,42.0,1.0,1.0,4.0,2.0,8.0,206.0,383.35,87.92,6.75,1.0,10.0,112.0,217.6,50.49,2.0
44.5,1.0,99.5,0.0,0.0,0.0,0.0,7.0,10140.0,324.68,88.66,0.0,0.0,10.0,7376.0,523.47,112.9,0.0
39.5,0.0,87.0,1.0,1.0,0.0,0.0,7.0,177.0,368.57,90.94,0.0,1.0,8.0,171.0,387.34000000000003,77.33,0.0
44.5,1.0,99.5,0.0,0.0,0.0,0.0,5.0,42.0,79.69,15.280000000000001,2.0,0.0,4.0,18.0,35.25,16.5,0.0
44.5,1.0,99.5,0.0,0.0,0.0,0.0,10.0,295.0,871.41,110.54,2.45,0.0,12.0,355.0,1115.53,154.2,13.02
44.5,1.0,99.5,0.0,0.0,0.0,0.0,17.0,425.0,846.67,249.29,6.95,1.0,21.0,535.0,1056.01,332.51,21.3
49.5,0.0,62.0,0.0,0.0,1.0,0.0,16.0,10492.0,492.97,127.39999999999999,0.0,1.0,16.0,33680.0,958.45,276.82,0.0
44.5,1.0,99.5,0.0,0.0,0.0,0.0,0.0,0.0,0.0,0.0,0.0,0.0,0.0,0.0,0.0,0.0,0.0
44.5,1.0,99.5,0.0,0.0,0.0,0.0,15.0,19054.0,343.8,99.28,0.0,1.0,18.0,16040.0,416.02,69.24,0.0
44.5,1.0,99.5,0.0,0.0,0.0,0.0,8.0,176.0,376.72,52.8,0.0,0.0,8.0,181.0,429.88,45.06,0.0
44.5,1.0,99.5,0.0,0.0,0.0,0.0,7.0,174.0,366.44,75.17,2.5,1.0,8.0,19114.0,328.1,34.91,0.0
44.5,1.0,99.5,0.0,0.0,0.0,0.0,3.0,12483.0,216.64,29.18,0.0,0.0,2.0,6906.0,64.97,10.790000000000001,0.0
44.5,1.0,99.5,0.0,0.0,0.0,0.0,6.0,71.0,123.95,58.300000000000004,2.5,1.0,11.0,15209.0,263.35,92.63,0.7
29.5,0.0,162.0,1.0,0.0,1.0,0.0,6.0,123.0,321.67,35.03,3.35,1.0,6.0,102.0,286.85,32.37,0.0
49.5,0.0,162.0,0.0,0.0,3.0,1.0,10.0,9860.0,91.27,8.53,0.0,1.0,6.0,23.0,30.93,7.26,0.0
44.5,1.0,99.5,0.0,0.0,0.0,0.0,9.0,84.0,161.59,41.06,0.0,0.0,3.0,49.0,121.35,21.44,0.0
44.5,1.0,99.5,0.0,0.0,0.0,0.0,3.0,35.0,65.1,9.49,12.0,1.0,32.0,14388.0,924.27,166.22,1.0
44.5,1.0,99.5,0.0,0.0,0.0,0.0,19.0,288.0,656.76,75.47,0.0,1.0,19.0,280.0,625.83,94.92,0.0
44.5,1.0,99.5,0.0,0.0,0.0,0.0,3.0,114.0,214.19,62.77,1.75,1.0,3.0,7536.0,275.84,78.98,1.5
44.5,1.0,99.5,0.0,0.0,0.0,0.0,15.0,254.0,527.98,86.96,0.0,1.0,17.0,259.0,536.33,67.41,0.4
44.5,1.0,99.5,0.0,0.0,0.0,0.0,22.0,47962.0,558.94,80.5,3.5,1.0,15.0,62326.0,372.33,51.35,9.11
44.5,1.0,99.5,0.0,0.0,0.0,0.0,5.0,56.0,131.85,16.47,0.0,1.0,4.0,29.0,68.01,3.55,0.0
29.5,0.0,137.0,1.0,0.0,2.0,0.0,8.0,28875.0,512.21,51.12,1.0,1.0,8.0,18082.0,382.15,30.990000000000002,3.0
49.5,0.0,42.0,1.0,1.0,2.0,1.0,7.0,133.0,352.45,42.3,0.0,1.0,10.0,110.0,297.01,55.730000000000004,2.0
44.5,1.0,99.5,0.0,0.0,0.0,0.0,9.0,36.0,56.23,7.65,0.0,1.0,3.0,15.0,14.39,2.27,0.0
44.5,1.0,99.5,0.0,0.0,0.0,0.0,1.0,35.0,56.769999999999996,11.5,0.0,0.0,6.0,101.0,207.94,40.92,0.0
44.5,1.0,99.5,0.0,0.0,0.0,0.0,9.0,190.0,317.93,52.76,0.0,1.0,17.0,18991.0,413.25,48.14,0.0
49.5,0.0,87.0,1.0,0.0,1.0,0.0,12.0,23013.0,573.87,75.18,19.04,1.0,23.0,78834.0,661.83,85.53,4.5
49.5,0.0,42.0,1.0,1.0,4.0,2.0,10.0,332.0,753.5600000000001,169.09,5.0,1.0,14.0,35515.0,1027.1,212.43,3.69
44.5,1.0,99.5,0.0,0.0,0.0,0.0,5.0,218.0,553.99,77.37,0.0,1.0,5.0,147.0,323.66,63.4,0.0
29.5,0.0,42.0,1.0,0.0,1.0,0.0,17.0,15778.0,364.0,55.11,0.0,1.0,22.0,22803.0,425.29,54.93,0.0
44.5,1.0,99.5,0.0,0.0,0.0,0.0,5.0,69.0,97.6,17.96,0.0,0.0,15.0,115.0,168.77,48.43,0.0
44.5,1.0,99.5,0.0,0.0,0.0,0.0,2.0,9.0,28.85,12.219999999999999,0.0,0.0,3.0,52.0,92.23,24.16,0.0
44.5,1.0,99.5,0.0,0.0,0.0,0.0,2.0,88.0,245.36,30.82,3.0,0.0,0.0,0.0,0.0,0.0,0.0
44.5,1.0,99.5,0.0,0.0,0.0,0.0,2.0,25.0,73.97,13.22,0.0,0.0,3.0,26.0,92.16,9.33,0.0
44.5,1.0,99.5,0.0,0.0,0.0,0.0,6.0,31.0,73.49,8.22,0.0,1.0,11.0,71.0,152.46,29.44,0.0
29.5,0.0,42.0,1.0,1.0,0.0,0.0,4.0,17.0,18.900000000000002,3.33,0.0,0.0,8.0,251.0,473.07,66.22,0.0
44.5,1.0,99.5,0.0,0.0,0.0,0.0,14.0,5619.0,240.91,20.84,1.25,1.0,10.0,3047.0,139.96,2.73,0.0
29.5,0.0,42.0,1.0,0.0,2.0,0.0,4.0,62.0,175.97,24.59,0.0,1.0,9.0,74.0,231.63,30.400000000000002,0.4
44.5,1.0,99.5,0.0,0.0,0.0,0.0,16.0,119.0,292.63,48.33,1.0,1.0,8.0,84.0,202.85,42.300000000000004,0.0
49.5,0.0,112.0,1.0,1.0,2.0,0.0,5.0,131.0,333.01,79.28,9.25,1.0,10.0,188.0,576.61,81.17,6.85
29.5,0.0,62.0,0.0,0.0,1.0,0.0,22.0,186.0,503.29,65.75,0.0,1.0,22.0,13999.0,671.52,41.79,0.0
49.5,0.0,19.5,0.0,0.0,2.0,0.0,14.0,173.0,508.25,53.79,2.5,1.0,5.0,101.0,290.87,40.12,0.0
44.5,1.0,99.5,0.0,0.0,0.0,0.0,0.0,0.0,0.0,0.0,0.0,0.0,6.0,13752.0,91.63,15.25,0.0
44.5,1.0,99.5,0.0,0.0,0.0,0.0,14.0,12907.0,563.84,106.76,14.79,1.0,27.0,27371.0,1697.76,222.84,19.58
44.5,1.0,99.5,0.0,0.0,0.0,0.0,5.0,145.0,169.43,61.25,0.0,0.0,7.0,256.0,307.15,70.91,0.0
44.5,1.0,99.5,0.0,0.0,0.0,0.0,0.0,0.0,0.0,0.0,0.0,0.0,0.0,0.0,0.0,0.0,0.0
44.5,1.0,99.5,0.0,0.0,0.0,0.0,4.0,72.0,120.4,20.37,0.0,0.0,3.0,79.0,152.51,21.04,0.0
44.5,1.0,99.5,0.0,0.0,0.0,0.0,8.0,236.0,484.9,108.54,2.05,0.0,21.0,333.0,869.36,141.1,1.0
44.5,1.0,99.5,0.0,0.0,0.0,0.0,0.0,0.0,0.0,0.0,0.0,0.0,4.0,52.0,141.93,11.48,0.0
44.5,1.0,99.5,0.0,0.0,0.0,0.0,8.0,114.0,311.35,29.09,0.0,1.0,7.0,84.0,228.77,34.6,0.0
44.5,1.0,99.5,0.0,0.0,0.0,0.0,2.0,106.0,241.89000000000001,21.68,0.75,1.0,8.0,21831.0,854.96,86.06,0.0
44.5,1.0,99.5,0.0,0.0,0.0,0.0,3.0,38.0,102.24000000000001,9.959999999999999,0.0,1.0,5.0,68.0,151.7,27.47,0.0
44.5,1.0,99.5,0.0,0.0,0.0,0.0,7.0,23.0,37.89,16.24,2.5,1.0,5.0,25.0,64.4,7.859999999999999,2.19
44.5,1.0,99.5,0.0,0.0,0.0,0.0,6.0,23.0,43.28,10.57,0.0,0.0,10.0,104.0,232.26,29.35,84.44
44.5,1.0,99.5,0.0,0.0,0.0,0.0,20.0,354.0,636.68,95.96,10.5,1.0,14.0,324.0,613.34,105.24,4.5
21.5,0.0,7.5,0.0,0.0,1.0,0.0,28.0,7464.0,369.2,72.72,5.7,0.0,31.0,3333.0,466.82,92.0,1.0
49.5,0.0,19.5,0.0,0.0,2.0,0.0,20.0,13234.0,717.59,230.22,8.0,1.0,12.0,8906.0,620.71,182.03,0.0
49.5,0.0,42.0,0.0,0.0,1.0,0.0,41.0,56420.0,783.94,121.43,1.5,0.0,33.0,24841.0,628.48,123.24000000000001,0.0
44.5,1.0,99.5,0.0,0.0,0.0,0.0,23.0,11740.0,460.5,70.12,0.0,1.0,22.0,154.0,413.5,89.42,0.0
44.5,1.0,99.5,0.0,0.0,0.0,0.0,9.0,189.0,503.65,91.87,3.35,1.0,17.0,206.0,687.44,101.33,3.99
49.5,0.0,29.5,1.0,1.0,2.0,1.0,35.0,4611.0,211.91,24.56,5.0,1.0,26.0,10276.0,466.12,67.77,5.0
39.5,0.0,42.0,1.0,1.0,2.0,0.0,26.0,20089.0,1330.32,319.11,4.6,1.0,37.0,47158.0,1196.91,222.42,8.4
44.5,1.0,99.5,0.0,0.0,0.0,0.0,6.0,128.0,205.95000000000002,51.0,0.0,0.0,2.0,64.0,106.39,21.9,0.0
44.5,1.0,99.5,0.0,0.0,0.0,0.0,1.0,1.0,0.67,0.0,0.0,0.0,1.0,25.0,26.89,6.55,0.0
29.5,0.0,29.5,0.0,0.0,3.0,2.0,8.0,201.0,344.53000000000003,72.37,0.0,0.0,14.0,163.0,355.1,87.84,0.0
44.5,1.0,99.5,0.0,0.0,0.0,0.0,5.0,27.0,73.56,8.49,0.0,1.0,2.0,12.0,22.33,2.25,0.0
44.5,1.0,99.5,0.0,0.0,0.0,0.0,0.0,0.0,0.0,0.0,0.0,0.0,1.0,46.0,84.82000000000001,7.72,0.0
44.5,1.0,99.5,0.0,0.0,0.0,0.0,3.0,6.0,13.61,8.64,0.0,0.0,6.0,43.0,56.72,9.41,0.0
44.5,1.0,99.5,0.0,0.0,0.0,0.0,21.0,56088.0,642.23,123.92,14.379999999999999,1.0,23.0,55455.0,746.35,192.54,53.93
44.5,1.0,99.5,0.0,0.0,0.0,0.0,2.0,11.0,26.65,3.94,0.0,0.0,5.0,81.0,165.76,31.5,0.0
39.5,0.0,29.5,0.0,0.0,1.0,0.0,9.0,80.0,113.87,46.82,0.0,0.0,3.0,20.0,52.45,2.87,0.0
49.5,0.0,19.5,0.0,0.0,1.0,0.0,10.0,103.0,297.14,44.41,8.0,1.0,13.0,154.0,473.57,59.05,16.0
44.5,1.0,99.5,0.0,0.0,0.0,0.0,23.0,56928.0,963.15,177.62,12.22,0.0,28.0,87842.0,928.91,180.88,13.15
39.5,0.0,42.0,0.0,0.0,2.0,1.0,12.0,514.0,969.92,219.84,2.5,1.0,11.0,535.0,981.47,232.18,0.0
44.5,1.0,99.5,0.0,0.0,0.0,0.0,17.0,12978.0,436.6,99.28,7.9,1.0,20.0,47732.0,775.33,163.64,33.3
44.5,1.0,99.5,0.0,0.0,0.0,0.0,0.0,0.0,0.0,0.0,0.0,0.0,0.0,0.0,0.0,0.0,0.0
49.5,0.0,7.5,1.0,1.0,4.0,2.0,19.0,49537.0,741.8000000000001,301.09,19.69,1.0,41.0,53955.0,1113.2,335.9,3.0
44.5,1.0,99.5,0.0,0.0,0.0,0.0,10.0,5580.0,449.5,122.39,4.8,1.0,7.0,31165.0,259.07,64.93,1.0
21.5,0.0,62.0,0.0,0.0,3.0,1.0,12.0,37527.0,329.48,62.1,0.5,1.0,12.0,32102.0,321.75,58.54,5.0
44.5,1.0,99.5,0.0,0.0,0.0,0.0,27.0,252.0,473.84000000000003,77.4,0.0,1.0,31.0,373.0,661.91,106.06,0.0
44.5,1.0,99.5,0.0,0.0,0.0,0.0,1.0,2.0,6.71,0.27,0.0,0.0,3.0,36.0,75.94,11.73,0.0
49.5,0.0,187.0,1.0,0.0,3.0,1.0,15.0,24209.0,592.36,50.3,0.0,0.0,15.0,116554.0,549.98,32.29,0.0
44.5,1.0,99.5,0.0,0.0,0.0,0.0,11.0,219.0,705.71,72.71,0.0,1.0,11.0,15891.0,555.7,50.230000000000004,0.0
44.5,1.0,99.5,0.0,0.0,0.0,0.0,24.0,275.0,541.01,141.12,4.0,1.0,17.0,227.0,430.45,131.6,2.0
29.5,0.0,87.0,1.0,1.0,4.0,2.0,9.0,25275.0,564.06,59.11,12.15,1.0,18.0,95135.0,828.34,124.91,10.290000000000001
44.5,1.0,99.5,0.0,0.0,0.0,0.0,19.0,39335.0,650.65,85.41,0.0,0.0,17.0,9638.0,945.41,162.86,1.84
49.5,0.0,112.0,1.0,1.0,2.0,0.0,17.0,29214.0,774.12,116.73,14.43,1.0,24.0,39880.0,895.6800000000001,66.67,6.15
49.5,0.0,19.5,1.0,0.0,2.0,0.0,5.0,91.0,230.34,22.02,0.0,0.0,9.0,69.0,178.66,13.18,0.0
44.5,1.0,99.5,0.0,0.0,0.0,0.0,11.0,328.0,654.87,131.06,0.0,1.0,10.0,373.0,906.1,187.24,0.5
29.5,0.0,7.5,0.0,0.0,2.0,0.0,21.0,25664.0,397.57,67.46,0.0,1.0,22.0,116.0,302.66,53.65,0.0
21.5,0.0,62.0,1.0,1.0,3.0,1.0,16.0,298.0,796.08,36.07,0.0,1.0,15.0,348.0,740.53,78.92,1.4
44.5,1.0,99.5,0.0,0.0,0.0,0.0,6.0,88.0,175.91,32.21,0.0,1.0,15.0,151.0,265.54,82.83,0.0
49.5,0.0,7.5,0.0,0.0,1.0,0.0,19.0,16907.0,668.54,185.19,7.25,1.0,20.0,68252.0,861.08,179.67,12.35
44.5,1.0,99.5,0.0,0.0,0.0,0.0,2.0,10.0,33.82,13.88,0.0,0.0,4.0,98.0,268.37,37.12,0.9
39.5,0.0,137.0,1.0,1.0,0.0,0.0,8.0,85.0,237.6,25.92,0.0,1.0,6.0,15042.0,171.87,11.17,0.0
21.5,0.0,19.5,1.0,0.0,2.0,0.0,26.0,120.0,294.13,42.87,0.0,1.0,6.0,52.0,146.83,14.64,0.0
44.5,1.0,99.5,0.0,0.0,0.0,0.0,2.0,4.0,14.509999999999998,0.6,0.0,0.0,1.0,4.0,17.51,1.35,0.0
44.5,1.0,99.5,0.0,0.0,0.0,0.0,8.0,30.0,70.72,5.89,0.0,0.0,9.0,31.0,71.02,8.629999999999999,0.0
44.5,1.0,99.5,0.0,0.0,0.0,0.0,27.0,16306.0,546.96,100.87,0.0,1.0,43.0,30161.0,870.44,182.23,10.42
49.5,0.0,62.0,1.0,0.0,1.0,0.0,10.0,21645.0,447.42,77.33,3.5,0.0,19.0,48087.0,616.4300000000001,83.32,2.0
49.5,0.0,19.5,0.0,1.0,4.0,2.0,12.0,136.0,328.59000000000003,52.35,0.0,1.0,14.0,212.0,486.51,73.54,1.0
49.5,0.0,87.0,1.0,1.0,3.0,1.0,8.0,67460.0,535.4,36.24,0.55,1.0,10.0,48994.0,822.42,38.5,1.0
44.5,1.0,99.5,0.0,0.0,0.0,0.0,5.0,11351.0,191.98,49.37,1.5,0.0,8.0,112.0,286.87,36.97,0.0
44.5,1.0,99.5,0.0,0.0,0.0,0.0,1.0,3.0,27.979999999999997,0.35,0.0,0.0,3.0,10.0,82.64999999999999,5.949999999999999,0.0
70.0,0.0,87.0,1.0,1.0,2.0,0.0,15.0,32791.0,225.59,28.87,0.0,1.0,16.0,149.0,261.23,37.16,3.6
70.0,0.0,162.0,1.0,0.0,2.0,0.0,7.0,133.0,354.65,43.36,0.0,1.0,2.0,75.0,157.89,27.27,0.0
21.5,0.0,42.0,1.0,0.0,4.0,2.0,16.0,28640.0,406.79,141.45,14.39,1.0,43.0,82371.0,1260.54,347.0,27.35
44.5,1.0,99.5,0.0,0.0,0.0,0.0,6.0,46.0,97.3,25.45,0.0,0.0,9.0,81.0,248.99,36.29,0.0
39.5,0.0,29.5,1.0,0.0,1.0,0.0,14.0,58.0,109.62,45.24,0.0,0.0,12.0,42.0,36.45,10.04,0.0
44.5,1.0,99.5,0.0,0.0,0.0,0.0,5.0,8.0,17.66,1.71,0.0,0.0,10.0,14963.0,178.15,13.3,0.0
44.5,1.0,99.5,0.0,0.0,0.0,0.0,1.0,19.0,35.08,10.030000000000001,1.0,0.0,3.0,14.0,32.44,5.88,0.0
70.0,0.0,19.5,1.0,1.0,2.0,1.0,9.0,2498.0,331.4,75.95,9.98,1.0,11.0,3086.0,288.72,54.84,0.0
44.5,1.0,99.5,0.0,0.0,0.0,0.0,2.0,14.0,27.08,2.08,0.0,1.0,8.0,67.0,128.95,29.970000000000002,1.1
44.5,1.0,99.5,0.0,0.0,0.0,0.0,15.0,16191.0,211.0,56.6,0.75,1.0,20.0,10733.0,663.94,165.87,0.0
70.0,0.0,29.5,0.0,0.0,1.0,0.0,9.0,121.0,252.62,23.48,0.0,1.0,13.0,128.0,216.01,35.04,2.0
49.5,0.0,112.0,1.0,0.0,1.0,0.0,22.0,25619.0,662.64,142.92,3.5,1.0,19.0,360.0,697.53,175.19,0.0
44.5,1.0,99.5,0.0,0.0,0.0,0.0,2.0,61.0,138.86,25.72,1.0,0.0,2.0,51.0,90.27,19.54,0.65
49.5,0.0,62.0,1.0,0.0,1.0,0.0,10.0,185.0,426.37,23.95,0.0,1.0,13.0,181.0,480.37,39.28,0.0
49.5,0.0,19.5,0.0,0.0,1.0,0.0,13.0,206.0,542.32,62.34,0.0,1.0,8.0,246.0,552.98,58.09,0.0
44.5,1.0,99.5,0.0,0.0,0.0,0.0,2.0,18.0,53.37,9.98,0.0,0.0,0.0,0.0,0.0,0.0,0.0
44.5,1.0,99.5,0.0,0.0,0.0,0.0,8.0,9985.0,183.51,35.95,0.0,0.0,19.0,22722.0,358.45,112.84,0.0
49.5,0.0,187.0,0.0,0.0,3.0,1.0,13.0,301.0,839.95,81.48,1.0,1.0,16.0,353.0,862.98,108.6,0.0
49.5,0.0,62.0,1.0,0.0,2.0,0.0,9.0,152.0,328.74,117.27,24.650000000000002,1.0,11.0,23281.0,413.12,144.54,14.5
44.5,1.0,99.5,0.0,0.0,0.0,0.0,6.0,95.0,243.58,50.46,0.0,1.0,8.0,142.0,410.7,35.22,0.0
29.5,0.0,7.5,1.0,1.0,2.0,0.0,15.0,19852.0,419.28000000000003,172.16,19.65,1.0,18.0,33691.0,647.93,189.24,13.23
44.5,1.0,99.5,0.0,0.0,0.0,0.0,5.0,29.0,80.16,6.51,0.0,1.0,4.0,36.0,64.9,11.74,0.0
44.5,1.0,99.5,0.0,0.0,0.0,0.0,7.0,79.0,183.35,19.14,0.0,0.0,5.0,68.0,162.19,20.259999999999998,0.0
49.5,0.0,19.5,0.0,0.0,1.0,0.0,13.0,57.0,97.21,6.94,0.0,1.0,18.0,79.0,121.52,9.32,0.0
44.5,1.0,99.5,0.0,0.0,0.0,0.0,5.0,26664.0,351.56,28.61,0.0,0.0,2.0,10073.0,37.48,2.6799999999999997,0.0
44.5,1.0,99.5,0.0,0.0,0.0,0.0,3.0,20.0,23.58,2.09,0.0,0.0,0.0,0.0,0.0,0.0,0.0
44.5,1.0,99.5,0.0,0.0,0.0,0.0,0.0,0.0,0.0,0.0,0.0,0.0,4.0,9.0,23.63,2.04,0.0
70.0,0.0,42.0,1.0,1.0,2.0,0.0,9.0,32776.0,442.23,37.0,10.25,1.0,22.0,50754.0,787.84,85.15,0.0
49.5,0.0,87.0,1.0,1.0,2.0,0.0,3.0,27791.0,66.57,1.34,0.0,1.0,2.0,14093.0,150.39000000000001,17.35,0.0
59.5,0.0,42.0,1.0,1.0,2.0,1.0,4.0,26.0,32.97,16.7,0.5,1.0,10.0,46.0,104.51,39.36,1.05
39.5,0.0,62.0,0.0,0.0,1.0,0.0,12.0,175.0,303.35,90.64,1.75,1.0,20.0,325.0,587.32,171.97,14.48
44.5,1.0,99.5,0.0,0.0,0.0,0.0,35.0,80323.0,875.56,188.64,0.0,1.0,38.0,82503.0,848.41,186.79,2.15
44.5,1.0,99.5,0.0,0.0,0.0,0.0,16.0,63.0,162.82,18.919999999999998,2.5,1.0,18.0,134.0,273.54,41.67,0.0
44.5,1.0,99.5,0.0,0.0,0.0,0.0,2.0,77.0,130.96,19.849999999999998,0.0,0.0,3.0,98.0,154.49,31.22,0.0
49.5,0.0,62.0,1.0,0.0,2.0,0.0,44.0,76126.0,858.44,84.88,0.0,1.0,59.0,100428.0,937.73,75.45,0.75
39.5,0.0,62.0,1.0,0.0,2.0,0.0,4.0,14527.0,141.34,10.93,0.0,1.0,12.0,73507.0,487.55,55.25,0.0
44.5,1.0,99.5,0.0,0.0,0.0,0.0,21.0,8893.0,494.86,71.15,1.0,1.0,27.0,220.0,471.02,72.35,0.0
44.5,1.0,99.5,0.0,0.0,0.0,0.0,0.0,0.0,0.0,0.0,0.0,0.0,2.0,9.0,16.580000000000002,3.49,0.0
39.5,0.0,62.0,0.0,0.0,1.0,0.0,33.0,42769.0,936.85,151.13,0.0,1.0,34.0,15095.0,1053.8,172.49,0.75
44.5,1.0,99.5,0.0,0.0,0.0,0.0,5.0,24.0,50.120000000000005,10.26,0.0,1.0,1.0,27.0,56.32,8.31,0.0
39.5,0.0,87.0,1.0,1.0,2.0,0.0,12.0,186.0,415.7,46.81,0.35,1.0,8.0,227.0,612.26,81.47,0.0
44.5,1.0,99.5,0.0,0.0,0.0,0.0,9.0,158.0,366.05,65.91,1.0,0.0,16.0,435.0,894.26,168.79,0.0
44.5,1.0,99.5,0.0,0.0,0.0,0.0,5.0,157.0,332.1,54.85,4.8,0.0,1.0,58.0,102.9,16.44,0.0
39.5,0.0,112.0,1.0,1.0,2.0,0.0,12.0,54125.0,229.07999999999998,8.33,0.0,1.0,12.0,50958.0,214.92,12.969999999999999,0.0
44.5,1.0,99.5,0.0,0.0,0.0,0.0,2.0,11.0,10.76,7.41,0.0,1.0,2.0,4351.0,20.0,0.01,0.0
29.5,0.0,62.0,0.0,0.0,1.0,0.0,13.0,127.0,378.29,50.66,0.0,1.0,11.0,79.0,294.95,29.64,0.0
44.5,1.0,99.5,0.0,0.0,0.0,0.0,6.0,15586.0,134.1,4.8,0.0,0.0,1.0,1.0,9.99,0.0,0.0
44.5,1.0,99.5,0.0,0.0,0.0,0.0,4.0,20.0,53.599999999999994,1.95,0.0,0.0,7.0,56.0,115.09,10.93,0.0
44.5,1.0,99.5,0.0,0.0,0.0,0.0,0.0,0.0,0.0,0.0,0.0,0.0,6.0,78.0,192.24,27.59,0.0
44.5,1.0,99.5,0.0,0.0,0.0,0.0,14.0,137.0,255.53,37.84,0.3,0.0,12.0,49.0,129.54,26.24,0.0
44.5,1.0,99.5,0.0,0.0,0.0,0.0,20.0,2429.0,528.84,92.4,0.0,1.0,21.0,197.0,440.21,94.51,0.0
49.5,0.0,62.0,1.0,1.0,4.0,2.0,16.0,14349.0,387.02,192.7,9.0,1.0,14.0,339.0,635.75,154.62,3.4
44.5,1.0,99.5,0.0,0.0,0.0,0.0,0.0,0.0,0.0,0.0,0.0,0.0,0.0,0.0,0.0,0.0,0.0
44.5,1.0,99.5,0.0,0.0,0.0,0.0,7.0,38.0,118.19,14.059999999999999,0.0,1.0,7.0,51.0,128.56,17.55,0.75
39.5,0.0,42.0,0.0,0.0,1.0,0.0,3.0,41.0,173.84,10.25,0.0,0.0,3.0,59.0,271.3,25.69,0.0
44.5,1.0,99.5,0.0,0.0,0.0,0.0,13.0,81.0,233.33,32.57,0.0,1.0,6.0,33.0,80.32000000000001,3.67,0.0
44.5,1.0,99.5,0.0,0.0,0.0,0.0,2.0,7.0,17.6,0.2,0.0,0.0,2.0,14.0,43.540000000000006,19.6,0.0
44.5,1.0,99.5,0.0,0.0,0.0,0.0,14.0,244.0,402.2,78.47,4.29,1.0,6.0,80.0,138.21,23.77,0.0
44.5,1.0,99.5,0.0,0.0,0.0,0.0,12.0,278.0,572.51,66.46,0.0,1.0,9.0,159.0,373.2,34.1,0.0
39.5,0.0,87.0,0.0,0.0,1.0,0.0,36.0,35126.0,1478.46,169.9,4.75,1.0,41.0,42978.0,1647.46,171.84,12.99
49.5,0.0,42.0,1.0,1.0,2.0,0.0,17.0,125.0,333.56,46.51,0.0,1.0,23.0,141.0,356.37,59.96,2.5
29.5,0.0,62.0,1.0,1.0,0.0,0.0,8.0,21705.0,263.9,45.449999999999996,22.45,0.0,12.0,56198.0,477.69,65.51,21.05
44.5,1.0,99.5,0.0,0.0,0.0,0.0,8.0,24.0,75.61,8.6,0.0,0.0,14.0,83.0,167.83,12.24,0.0
49.5,0.0,187.0,0.0,0.0,1.0,0.0,7.0,67.0,152.3,26.6,0.0,1.0,11.0,102.0,272.51,60.68,0.0
44.5,1.0,99.5,0.0,0.0,0.0,0.0,3.0,27.0,81.22,6.6,0.0,0.0,4.0,76.0,167.64,21.24,0.0
44.5,1.0,99.5,0.0,0.0,0.0,0.0,9.0,89.0,144.35,36.66,1.8,1.0,4.0,61.0,102.09,22.18,0.0
59.5,0.0,112.0,1.0,1.0,3.0,1.0,18.0,306.0,776.52,114.42,0.0,0.0,15.0,412.0,1346.01,169.60999999999999,14.98
44.5,1.0,99.5,0.0,0.0,0.0,0.0,1.0,2.0,16.98,0.0,0.0,0.0,2.0,30.0,50.75,9.45,0.0
44.5,1.0,99.5,0.0,0.0,0.0,0.0,6.0,115.0,229.47,21.91,0.0,0.0,18.0,438.0,828.74,155.32,0.0
44.5,1.0,99.5,0.0,0.0,0.0,0.0,4.0,163.0,572.26,40.53,1.05,1.0,5.0,92.0,288.22,22.439999999999998,0.0
44.5,1.0,99.5,0.0,0.0,0.0,0.0,5.0,25.0,161.22,8.370000000000001,0.0,1.0,6.0,26.0,151.7,15.25,0.0
29.5,0.0,87.0,0.0,0.0,1.0,0.0,9.0,99.0,189.11,20.04,0.0,0.0,12.0,8790.0,234.43,14.79,0.0
59.5,0.0,42.0,1.0,0.0,2.0,0.0,13.0,70401.0,466.41,37.18,1.0,0.0,18.0,97205.0,837.34,107.33,9.290000000000001
21.5,0.0,62.0,0.0,0.0,3.0,1.0,7.0,150.0,229.29,96.51,5.0,1.0,10.0,112.0,205.86,71.7,0.0
44.5,1.0,99.5,0.0,0.0,0.0,0.0,3.0,19.0,23.9,9.37,0.0,0.0,7.0,72.0,76.63,35.94,0.0
44.5,1.0,99.5,0.0,0.0,0.0,0.0,8.0,55.0,113.1,20.85,0.0,0.0,14.0,91.0,166.38,22.39,0.0
39.5,0.0,19.5,0.0,0.0,1.0,0.0,18.0,267.0,552.71,97.03,0.0,1.0,21.0,137.0,323.57,63.980000000000004,0.0
49.5,0.0,42.0,1.0,0.0,3.0,1.0,11.0,71.0,180.17,68.2,2.5,0.0,17.0,127.0,366.58,36.32,0.0
21.5,0.0,29.5,1.0,0.0,2.0,0.0,17.0,58267.0,511.39,167.37,15.35,0.0,16.0,62876.0,433.55,81.47,7.25
44.5,1.0,99.5,0.0,0.0,0.0,0.0,13.0,78939.0,637.01,81.95,2.5,1.0,9.0,33358.0,593.13,91.97,0.0
44.5,1.0,99.5,0.0,0.0,0.0,0.0,0.0,0.0,0.0,0.0,0.0,0.0,0.0,0.0,0.0,0.0,0.0
44.5,1.0,99.5,0.0,0.0,0.0,0.0,1.0,1.0,1.0,0.0,0.0,0.0,7.0,35.0,58.12,11.62,0.0
44.5,1.0,99.5,0.0,0.0,0.0,0.0,0.0,0.0,0.0,0.0,0.0,0.0,12.0,27221.0,410.79,96.74,0.0
39.5,0.0,42.0,0.0,0.0,2.0,0.0,7.0,2505.0,706.33,116.23,0.0,1.0,4.0,6.0,92.76,0.0,0.0
29.5,0.0,87.0,0.0,0.0,2.0,0.0,9.0,88.0,183.29,32.96,0.0,1.0,5.0,55.0,144.71,34.93,0.0
44.5,1.0,99.5,0.0,0.0,0.0,0.0,0.0,0.0,0.0,0.0,0.0,0.0,3.0,31.0,41.68,10.83,0.0
44.5,1.0,99.5,0.0,0.0,0.0,0.0,2.0,11.0,48.23,11.86,0.0,1.0,8.0,87.0,230.48,52.84,0.0
44.5,1.0,99.5,0.0,0.0,0.0,0.0,18.0,89.0,210.06,12.5,0.0,1.0,27.0,250.0,609.0600000000001,120.14,1.99
44.5,1.0,99.5,0.0,0.0,0.0,0.0,8.0,89.0,103.91,18.9,0.0,0.0,10.0,66.0,136.17,18.23,3.0
49.5,0.0,29.5,0.0,0.0,1.0,0.0,10.0,375.0,578.8,182.63,5.0,1.0,11.0,355.0,547.02,183.4,0.0
39.5,0.0,137.0,1.0,1.0,0.0,0.0,8.0,346.0,717.4,149.34,1.0,1.0,13.0,357.0,721.75,142.56,0.0
44.5,1.0,99.5,0.0,0.0,0.0,0.0,1.0,16.0,31.93,13.81,0.0,0.0,8.0,38680.0,368.16,88.24,1.75
44.5,1.0,99.5,0.0,0.0,0.0,0.0,23.0,310.0,546.82,152.96,2.5,1.0,18.0,13212.0,453.88,103.67999999999999,8.33
49.5,0.0,42.0,1.0,1.0,0.0,0.0,15.0,177.0,353.42,133.53,16.79,1.0,18.0,36683.0,619.84,189.67,14.89
44.5,1.0,99.5,0.0,0.0,0.0,0.0,7.0,149.0,350.64,54.91,0.0,1.0,10.0,191.0,287.06,65.98,1.0
21.5,0.0,7.5,0.0,0.0,1.0,0.0,12.0,9711.0,173.41,30.52,2.5,1.0,17.0,27259.0,288.78000000000003,60.63,0.0
29.5,0.0,87.0,1.0,1.0,3.0,1.0,7.0,309.0,657.92,86.5,0.75,1.0,10.0,17831.0,644.84,117.95,4.29
49.5,0.0,62.0,1.0,1.0,4.0,2.0,47.0,81596.0,839.07,188.21,8.39,0.0,75.0,109206.0,1444.09,251.84,0.0
44.5,1.0,99.5,0.0,0.0,0.0,0.0,2.0,15.0,29.02,5.7,0.0,0.0,18.0,36776.0,509.27,86.27,0.0
44.5,1.0,99.5,0.0,0.0,0.0,0.0,1.0,3.0,16.35,0.0,0.0,0.0,2.0,6.0,48.28,4.26,0.0
59.5,0.0,29.5,1.0,1.0,2.0,0.0,6.0,35751.0,341.49,123.92,14.25,1.0,8.0,29923.0,401.13,77.15,3.0
49.5,0.0,62.0,1.0,0.0,1.0,0.0,8.0,138.0,251.42,48.78,2.5,1.0,7.0,142.0,286.67,70.06,0.0
29.5,0.0,7.5,0.0,0.0,2.0,1.0,13.0,13679.0,411.72,107.76,11.0,1.0,25.0,11916.0,630.25,123.12,1.55
44.5,1.0,99.5,0.0,0.0,0.0,0.0,2.0,29.0,80.64,9.86,0.0,0.0,1.0,13.0,39.77,1.08,0.0
29.5,0.0,42.0,0.0,0.0,1.0,0.0,17.0,577.0,781.62,165.45,4.8,1.0,18.0,470.0,709.3100000000001,117.09,1.0
44.5,1.0,99.5,0.0,0.0,0.0,0.0,2.0,36.0,80.88,12.18,0.0,0.0,7.0,55.0,158.54,17.78,0.75
29.5,0.0,42.0,0.0,0.0,2.0,0.0,18.0,217.0,671.42,96.27,4.0,1.0,17.0,113.0,278.89,60.91,0.0
39.5,0.0,19.5,0.0,0.0,1.0,0.0,59.0,84064.0,1383.04,324.76,5.1,1.0,54.0,91990.0,1567.53,357.48,4.390000000000001
70.0,0.0,87.0,1.0,1.0,2.0,0.0,14.0,12688.0,738.1,216.54,2.0,1.0,5.0,90.0,165.98,50.78,0.0
49.5,0.0,87.0,1.0,1.0,2.0,0.0,7.0,168.0,240.38,45.65,10.5,1.0,8.0,249.0,360.54,64.13,0.0
44.5,1.0,99.5,0.0,0.0,0.0,0.0,0.0,0.0,0.0,0.0,0.0,0.0,1.0,2.0,4.99,0.49,0.0
44.5,1.0,99.5,0.0,0.0,0.0,0.0,8.0,97.0,233.53,39.72,4.35,0.0,1.0,19.0,29.28,8.83,0.0
49.5,0.0,42.0,1.0,1.0,3.0,1.0,21.0,35.0,53.79,7.15,0.0,0.0,32.0,4591.0,98.0,18.22,0.0
44.5,1.0,99.5,0.0,0.0,0.0,0.0,10.0,46.0,82.61,12.61,0.0,1.0,10.0,79.0,173.01,33.86,0.0
44.5,1.0,99.5,0.0,0.0,0.0,0.0,7.0,98.0,113.59,20.71,0.0,0.0,4.0,19.0,31.55,4.3100000000000005,0.0
29.5,0.0,87.0,0.0,0.0,1.0,0.0,4.0,166.0,369.3,86.98,0.0,1.0,6.0,161.0,369.7,78.27,0.0
49.5,0.0,62.0,1.0,1.0,2.0,0.0,11.0,77502.0,612.6800000000001,53.9,0.0,1.0,13.0,71057.0,1106.55,145.99,0.4
44.5,1.0,99.5,0.0,0.0,0.0,0.0,13.0,20397.0,281.75,39.4,2.79,1.0,18.0,42892.0,497.53000000000003,90.81,2.0
44.5,1.0,99.5,0.0,0.0,0.0,0.0,4.0,17.0,78.47,6.32,0.0,0.0,2.0,56.0,173.53,20.94,8.38
49.5,0.0,62.0,1.0,0.0,1.0,0.0,10.0,211.0,302.1,109.57,0.0,1.0,11.0,232.0,404.0,117.54,2.5
44.5,1.0,99.5,0.0,0.0,0.0,0.0,24.0,525.0,1105.41,247.08,4.5,1.0,12.0,503.0,1082.93,295.68,0.0
44.5,1.0,99.5,0.0,0.0,0.0,0.0,11.0,106.0,259.38,23.47,0.0,0.0,14.0,6761.0,353.97,36.78,0.0
44.5,1.0,99.5,0.0,0.0,0.0,0.0,1.0,1.0,0.99,0.3,0.0,0.0,1.0,4.0,10.74,5.04,0.0
39.5,0.0,137.0,1.0,1.0,0.0,0.0,12.0,75325.0,762.44,97.31,17.4,1.0,12.0,43821.0,453.21000000000004,79.52,12.3
44.5,1.0,99.5,0.0,0.0,0.0,0.0,15.0,16927.0,292.12,47.46,2.75,1.0,13.0,3483.0,409.13,95.12,7.23
44.5,1.0,99.5,0.0,0.0,0.0,0.0,6.0,87.0,254.56,44.85,0.0,0.0,4.0,79.0,213.91,58.95,0.0
44.5,1.0,99.5,0.0,0.0,0.0,0.0,1.0,2.0,2.3600000000000003,0.22,0.0,0.0,3.0,13.0,26.89,3.29,0.0
44.5,1.0,99.5,0.0,0.0,0.0,0.0,2.0,59.0,160.89,68.34,0.0,0.0,2.0,128.0,215.64,63.14,0.0
44.5,1.0,99.5,0.0,0.0,0.0,0.0,12.0,194.0,479.9,34.58,1.55,0.0,20.0,250.0,598.23,82.87,0.6
44.5,1.0,99.5,0.0,0.0,0.0,0.0,1.0,3.0,9.48,0.59,0.0,0.0,2.0,18.0,41.0,7.930000000000001,0.0
70.0,0.0,29.5,0.0,0.0,2.0,0.0,23.0,51741.0,653.74,53.99,3.0,0.0,18.0,33666.0,487.64,44.79,1.0
44.5,1.0,99.5,0.0,0.0,0.0,0.0,0.0,0.0,0.0,0.0,0.0,0.0,2.0,20.0,67.92,4.93,0.0
39.5,0.0,42.0,0.0,0.0,1.0,0.0,7.0,367.0,964.3100000000001,132.33,10.27,1.0,12.0,10419.0,925.26,105.38,0.0
70.0,0.0,7.5,0.0,0.0,1.0,0.0,5.0,121.0,199.98,44.48,1.0,1.0,4.0,53.0,108.59,23.12,0.0
49.5,0.0,29.5,1.0,0.0,1.0,0.0,7.0,24838.0,287.88,42.04,0.0,1.0,8.0,37505.0,458.52,67.09,0.0
44.5,1.0,99.5,0.0,0.0,0.0,0.0,4.0,35.0,73.47,9.79,0.0,0.0,7.0,12154.0,235.95,29.14,0.0
44.5,1.0,99.5,0.0,0.0,0.0,0.0,0.0,0.0,0.0,0.0,0.0,0.0,0.0,0.0,0.0,0.0,0.0
44.5,1.0,99.5,0.0,0.0,0.0,0.0,14.0,139.0,295.48,50.65,0.0,1.0,15.0,106.0,251.47,25.69,0.5
29.5,0.0,42.0,0.0,0.0,1.0,0.0,11.0,88.0,174.81,32.73,0.0,1.0,13.0,14050.0,318.59000000000003,52.88,0.0
39.5,0.0,42.0,1.0,0.0,4.0,0.0,32.0,126895.0,852.03,177.57,12.1,1.0,35.0,146019.0,1034.13,204.33,8.9
44.5,1.0,99.5,0.0,0.0,0.0,0.0,6.0,49.0,131.2,35.85,5.5,1.0,21.0,27564.0,747.03,150.24,18.99
21.5,0.0,42.0,0.0,0.0,1.0,0.0,13.0,62.0,99.95,29.66,0.0,1.0,0.0,0.0,0.0,0.0,0.0
44.5,1.0,99.5,0.0,0.0,0.0,0.0,1.0,8.0,9.89,2.18,0.0,1.0,1.0,6.0,37.82,6.52,0.0
44.5,1.0,99.5,0.0,0.0,0.0,0.0,4.0,74.0,121.51,53.53,4.0,0.0,6.0,172.0,328.98,117.51,0.0
44.5,1.0,99.5,0.0,0.0,0.0,0.0,14.0,22159.0,481.81,32.78,2.0,1.0,17.0,13944.0,539.68,72.85,0.0
49.5,0.0,62.0,1.0,1.0,4.0,2.0,12.0,27454.0,436.53000000000003,51.88,0.25,0.0,14.0,44066.0,702.51,112.9,2.8
44.5,1.0,99.5,0.0,0.0,0.0,0.0,5.0,13.0,37.73,3.1799999999999997,0.0,0.0,6.0,44.0,104.06,7.01,0.0
44.5,1.0,99.5,0.0,0.0,0.0,0.0,21.0,196.0,333.41,74.42,0.0,1.0,55.0,424.0,760.24,122.39,0.0
49.5,0.0,62.0,1.0,0.0,1.0,0.0,11.0,107.0,278.77,20.29,0.0,0.0,7.0,63.0,182.19,10.39,0.0
39.5,0.0,87.0,0.0,1.0,2.0,1.0,2.0,7.0,17.58,2.71,0.0,1.0,2.0,46.0,126.39,14.629999999999999,0.0
49.5,0.0,42.0,0.0,0.0,1.0,0.0,17.0,14330.0,238.53,56.19,0.0,1.0,18.0,19991.0,293.49,79.26,0.0
39.5,0.0,87.0,0.0,0.0,1.0,0.0,7.0,20305.0,309.67,109.87,2.5,1.0,4.0,6478.0,117.82,37.54,2.25
49.5,0.0,87.0,1.0,1.0,2.0,0.0,14.0,37555.0,677.72,101.58,14.45,1.0,19.0,92521.0,743.53,87.9,17.14
44.5,1.0,99.5,0.0,0.0,0.0,0.0,1.0,16.0,42.980000000000004,13.02,0.0,0.0,5.0,73.0,176.77,53.5,0.5
44.5,1.0,99.5,0.0,0.0,0.0,0.0,7.0,56.0,77.05,17.56,0.0,0.0,4.0,28.0,42.11,7.08,0.0
44.5,1.0,99.5,0.0,0.0,0.0,0.0,9.0,102.0,140.04,23.66,0.0,1.0,13.0,168.0,215.37,45.980000000000004,0.0
39.5,0.0,42.0,1.0,1.0,0.0,0.0,6.0,13392.0,443.78000000000003,67.97,4.52,1.0,9.0,29224.0,444.15,74.92,1.0
49.5,0.0,62.0,1.0,0.0,3.0,1.0,11.0,110.0,355.21,32.7,0.0,0.0,26.0,263.0,628.69,110.52,0.0
29.5,0.0,19.5,0.0,0.0,1.0,0.0,21.0,66294.0,591.8,72.76,1.25,1.0,14.0,27827.0,334.08,43.02,0.0
29.5,0.0,137.0,1.0,0.0,4.0,2.0,5.0,11480.0,377.81,35.6,2.0,1.0,5.0,15955.0,349.51,35.26,0.0
44.5,1.0,99.5,0.0,0.0,0.0,0.0,4.0,70.0,150.19,57.650000000000006,0.0,1.0,4.0,69.0,166.07,120.49000000000001,1.0
44.5,1.0,99.5,0.0,0.0,0.0,0.0,20.0,143.0,229.24,37.01,0.0,0.0,18.0,185.0,254.23,40.589999999999996,0.0
44.5,1.0,99.5,0.0,0.0,0.0,0.0,10.0,8443.0,336.06,41.28,0.0,0.0,9.0,19364.0,255.21,46.18,0.0
44.5,1.0,99.5,0.0,0.0,0.0,0.0,3.0,41.0,144.77,7.82,0.0,0.0,0.0,0.0,0.0,0.0,0.0
44.5,1.0,99.5,0.0,0.0,0.0,0.0,2.0,11.0,19.65,1.36,0.0,0.0,6.0,188.0,322.64,49.34,0.0
44.5,1.0,99.5,0.0,0.0,0.0,0.0,5.0,33.0,42.07,11.6,0.0,0.0,4.0,15.0,18.74,6.1,1.0
39.5,0.0,162.0,0.0,0.0,2.0,0.0,6.0,21.0,84.0,0.79,0.0,1.0,16.0,51.0,226.73,10.04,0.0
39.5,0.0,62.0,1.0,0.0,2.0,0.0,4.0,51.0,144.44,23.73,0.0,1.0,3.0,59.0,154.63,38.21,13.89
44.5,1.0,99.5,0.0,0.0,0.0,0.0,19.0,143.0,265.23,52.36,0.0,1.0,28.0,248.0,522.0,88.66,0.0
29.5,0.0,42.0,1.0,1.0,3.0,1.0,6.0,88.0,289.9,38.17,0.5,1.0,10.0,59.0,248.69,33.21,0.0
44.5,1.0,99.5,0.0,0.0,0.0,0.0,16.0,128.0,353.63,62.4,2.35,1.0,9.0,144.0,346.81,151.95,1.0
49.5,0.0,62.0,1.0,0.0,1.0,0.0,10.0,95.0,205.32,42.49,0.0,1.0,16.0,268.0,719.99,106.46000000000001,0.0
39.5,0.0,62.0,1.0,1.0,2.0,0.0,18.0,105418.0,981.57,143.17,58.83,1.0,9.0,77.0,306.06,36.04,0.0
44.5,1.0,99.5,0.0,0.0,0.0,0.0,22.0,20632.0,558.54,71.55,2.5,0.0,9.0,7394.0,341.27,45.29,1.99
44.5,1.0,99.5,0.0,0.0,0.0,0.0,15.0,48168.0,385.42,41.23,0.0,1.0,9.0,111.0,299.74,42.73,4.5
44.5,1.0,99.5,0.0,0.0,0.0,0.0,2.0,12.0,32.58,2.2,0.0,0.0,3.0,28.0,61.519999999999996,3.82,0.0
49.5,0.0,62.0,0.0,0.0,1.0,0.0,8.0,110.0,189.10999999999999,36.95,0.0,1.0,4.0,39.0,75.50999999999999,7.73,0.0
39.5,0.0,42.0,1.0,1.0,3.0,1.0,6.0,112.0,198.3,58.96,0.0,0.0,9.0,85.0,134.57,27.9,0.0
70.0,0.0,19.5,1.0,1.0,2.0,0.0,9.0,48.0,85.74,15.81,0.0,0.0,9.0,63.0,105.07000000000001,16.12,0.0
70.0,0.0,42.0,1.0,0.0,1.0,0.0,8.0,202.0,283.01,77.48,0.0,1.0,18.0,293.0,419.95,98.77,0.0
44.5,1.0,99.5,0.0,0.0,0.0,0.0,22.0,52906.0,895.07,142.76,0.0,1.0,16.0,69529.0,569.78,77.75,0.0
44.5,1.0,99.5,0.0,0.0,0.0,0.0,3.0,93.0,304.49,49.05,0.0,0.0,4.0,132.0,372.95,53.54,0.0
44.5,1.0,99.5,0.0,0.0,0.0,0.0,9.0,204.0,517.18,65.98,0.0,1.0,11.0,328.0,830.9300000000001,95.26,1.99
49.5,0.0,42.0,0.0,0.0,1.0,0.0,10.0,178.0,395.37,74.8,0.0,0.0,7.0,94.0,219.54,41.35,0.0
49.5,0.0,62.0,1.0,1.0,4.0,2.0,8.0,16739.0,279.94,48.06,0.0,1.0,10.0,11758.0,440.79,38.85,1.1
44.5,1.0,99.5,0.0,0.0,0.0,0.0,7.0,47.0,132.94,16.6,0.0,1.0,5.0,57.0,185.21,45.42,2.0
44.5,1.0,99.5,0.0,0.0,0.0,0.0,2.0,5.0,28.630000000000003,1.12,0.0,0.0,6.0,11568.0,92.99,6.33,0.0
44.5,1.0,99.5,0.0,0.0,0.0,0.0,18.0,173.0,316.25,111.48,0.0,1.0,16.0,158.0,268.44,79.16,0.0
44.5,1.0,99.5,0.0,0.0,0.0,0.0,13.0,21615.0,619.34,91.58,2.5,1.0,33.0,29395.0,998.2,161.72,11.25
44.5,1.0,99.5,0.0,0.0,0.0,0.0,0.0,0.0,0.0,0.0,0.0,0.0,1.0,4.0,6.5,1.3800000000000001,0.0
44.5,1.0,99.5,0.0,0.0,0.0,0.0,5.0,21.0,100.02,22.01,0.0,0.0,3.0,53.0,134.57,47.71,0.0
44.5,1.0,99.5,0.0,0.0,0.0,0.0,8.0,229.0,409.73,94.38,0.0,0.0,6.0,125.0,241.18,67.91,0.0
44.5,1.0,99.5,0.0,0.0,0.0,0.0,3.0,8167.0,87.18,19.83,0.0,0.0,13.0,20578.0,431.1,50.22,0.0
44.5,1.0,99.5,0.0,0.0,0.0,0.0,5.0,41.0,111.58,10.89,3.5,1.0,2.0,11.0,22.86,3.22,0.0
21.5,0.0,7.5,0.0,0.0,1.0,0.0,17.0,128.0,225.16,43.62,2.0,1.0,16.0,134.0,252.23000000000002,37.21,0.0
44.5,1.0,99.5,0.0,0.0,0.0,0.0,12.0,73.0,143.0,30.54,0.0,1.0,18.0,186.0,359.45,83.89,0.0
59.5,0.0,42.0,0.0,0.0,2.0,0.0,7.0,9353.0,244.4,40.59,1.75,1.0,4.0,177.0,452.48,80.39,0.0
70.0,0.0,62.0,1.0,1.0,2.0,0.0,8.0,170.0,463.33,23.5,1.65,1.0,9.0,267.0,807.51,79.05,5.9
44.5,1.0,99.5,0.0,0.0,0.0,0.0,0.0,0.0,0.0,0.0,0.0,0.0,4.0,40.0,46.86,4.45,2.0
44.5,1.0,99.5,0.0,0.0,0.0,0.0,4.0,109.0,162.61,20.3,0.0,0.0,2.0,11.0,25.97,1.3699999999999999,0.0
21.5,0.0,42.0,0.0,0.0,1.0,0.0,13.0,81763.0,408.99,13.72,0.0,1.0,23.0,79626.0,656.6,44.13,0.0
44.5,1.0,99.5,0.0,0.0,0.0,0.0,6.0,56.0,102.44,29.15,0.0,0.0,13.0,12910.0,223.9,49.13,2.4
44.5,1.0,99.5,0.0,0.0,0.0,0.0,22.0,50056.0,584.0500000000001,70.92,2.0,1.0,31.0,74486.0,1045.13,82.77,1.0
44.5,1.0,99.5,0.0,0.0,0.0,0.0,13.0,30765.0,474.3,57.16,0.75,1.0,4.0,87.0,229.85,26.71,0.0
44.5,1.0,99.5,0.0,0.0,0.0,0.0,8.0,41.0,88.17999999999999,10.34,0.0,1.0,7.0,58.0,184.04,34.11,0.0
44.5,1.0,99.5,0.0,0.0,0.0,0.0,6.0,41.0,90.14,15.73,0.0,0.0,7.0,71.0,115.41,19.84,0.0
44.5,1.0,99.5,0.0,0.0,0.0,0.0,5.0,79.0,201.35,44.79,3.05,0.0,7.0,115.0,342.02,54.14,0.0
29.5,0.0,62.0,1.0,1.0,3.0,1.0,10.0,66.0,143.99,40.64,2.5,1.0,14.0,127.0,262.11,57.1,0.0
49.5,0.0,62.0,1.0,0.0,2.0,0.0,12.0,46274.0,751.43,155.51,12.05,1.0,13.0,61289.0,856.92,169.10999999999999,22.169999999999998
44.5,1.0,99.5,0.0,0.0,0.0,0.0,2.0,59.0,151.76,19.31,1.0,1.0,6.0,125.0,286.45,44.68,2.0
44.5,1.0,99.5,0.0,0.0,0.0,0.0,19.0,127.0,222.37,35.64,1.5,0.0,21.0,22343.0,258.79,40.61,1.0
49.5,0.0,42.0,0.0,0.0,1.0,0.0,15.0,10831.0,348.96,28.52,0.0,0.0,25.0,29953.0,578.54,56.83,2.69
44.5,1.0,99.5,0.0,0.0,0.0,0.0,1.0,34.0,66.32000000000001,8.58,0.0,1.0,1.0,3.0,26.97,0.0,0.0
44.5,1.0,99.5,0.0,0.0,0.0,0.0,2.0,34.0,56.88,13.47,0.0,1.0,4.0,173.0,366.37,95.13,12.79
44.5,1.0,99.5,0.0,0.0,0.0,0.0,7.0,29.0,88.76,11.18,0.0,1.0,5.0,16.0,40.99,5.42,0.0
39.5,0.0,162.0,1.0,1.0,2.0,1.0,17.0,40822.0,781.1,121.07000000000001,0.0,1.0,18.0,17096.0,652.49,101.03,0.0
44.5,1.0,99.5,0.0,0.0,0.0,0.0,0.0,0.0,0.0,0.0,0.0,1.0,0.0,0.0,0.0,0.0,0.0
44.5,1.0,99.5,0.0,0.0,0.0,0.0,5.0,16.0,57.3,5.7,0.0,0.0,8.0,72.0,200.62,23.79,0.0
44.5,1.0,99.5,0.0,0.0,0.0,0.0,9.0,93.0,182.0,39.31,0.0,1.0,11.0,102.0,219.4,20.36,0.0
44.5,1.0,99.5,0.0,0.0,0.0,0.0,8.0,79.0,122.62,33.93,4.84,1.0,9.0,85.0,147.76,34.0,13.93
44.5,1.0,99.5,0.0,0.0,0.0,0.0,4.0,53.0,108.5,25.299999999999997,0.0,0.0,6.0,107.0,254.43,36.87,0.0
44.5,1.0,99.5,0.0,0.0,0.0,0.0,2.0,6.0,10.61,0.98,0.0,1.0,2.0,51.0,97.9,22.66,0.0
44.5,1.0,99.5,0.0,0.0,0.0,0.0,9.0,166.0,422.56,41.64,0.0,1.0,11.0,177.0,382.34000000000003,45.7,0.0
49.5,0.0,19.5,0.0,0.0,3.0,1.0,9.0,5037.0,364.15,56.51,0.0,1.0,11.0,6716.0,714.08,139.69,0.0
70.0,0.0,42.0,1.0,1.0,2.0,0.0,8.0,151.0,319.04,48.5,1.5,1.0,10.0,232.0,489.34000000000003,70.75,10.48
29.5,0.0,62.0,1.0,0.0,1.0,0.0,4.0,171.0,262.67,121.89,36.39,0.0,5.0,163.0,265.61,116.13,52.19
44.5,1.0,99.5,0.0,0.0,0.0,0.0,5.0,24.0,83.51,7.38,0.0,0.0,5.0,53.0,109.46000000000001,33.28,0.0
49.5,0.0,62.0,1.0,0.0,1.0,0.0,8.0,103.0,213.78,61.9,0.0,1.0,7.0,103.0,218.52,81.02,0.0
44.5,1.0,99.5,0.0,0.0,0.0,0.0,36.0,163.0,319.85,54.45,0.0,1.0,44.0,103416.0,730.04,101.07,0.0
44.5,1.0,99.5,0.0,0.0,0.0,0.0,0.0,0.0,0.0,0.0,0.0,0.0,0.0,0.0,0.0,0.0,0.0
49.5,0.0,62.0,1.0,1.0,2.0,0.0,7.0,25673.0,465.26,53.29,6.25,1.0,9.0,29689.0,508.24,73.4,1.0
39.5,0.0,62.0,0.0,0.0,3.0,1.0,11.0,51.0,94.27,21.580000000000002,0.0,1.0,9.0,87.0,198.53,39.52,0.0
44.5,1.0,99.5,0.0,0.0,0.0,0.0,10.0,223.0,698.84,97.45,5.3,1.0,3.0,20.0,50.9,7.63,0.0
49.5,0.0,87.0,1.0,0.0,2.0,0.0,9.0,15537.0,266.09,41.17,1.0,1.0,2.0,46.0,88.61,13.18,0.0
44.5,1.0,99.5,0.0,0.0,0.0,0.0,0.0,0.0,0.0,0.0,0.0,0.0,0.0,0.0,0.0,0.0,0.0
44.5,1.0,99.5,0.0,0.0,0.0,0.0,5.0,109.0,336.67,46.12,4.35,1.0,12.0,225.0,705.12,89.87,2.0
44.5,1.0,99.5,0.0,0.0,0.0,0.0,5.0,116.0,194.45000000000002,26.88,0.0,0.0,7.0,150.0,221.53,57.39,2.0
44.5,1.0,99.5,0.0,0.0,0.0,0.0,3.0,14.0,29.96,7.52,0.0,0.0,1.0,10.0,12.67,5.13,0.0
39.5,0.0,7.5,0.0,1.0,3.0,1.0,16.0,184.0,405.47,95.98,8.0,1.0,30.0,485.0,760.78,187.42,0.0
39.5,0.0,29.5,1.0,0.0,1.0,0.0,6.0,190.0,398.43,57.56,0.0,1.0,6.0,177.0,383.21,51.05,0.0
44.5,1.0,99.5,0.0,0.0,0.0,0.0,18.0,16472.0,487.5,48.38,0.0,1.0,10.0,154.0,379.33,69.37,0.0
49.5,0.0,42.0,0.0,0.0,1.0,0.0,22.0,328.0,448.04,144.08,0.0,0.0,25.0,362.0,525.66,154.62,1.5
44.5,1.0,99.5,0.0,0.0,0.0,0.0,4.0,88.0,180.27,47.37,1.0,0.0,10.0,193.0,400.18,111.78,9.4
44.5,1.0,99.5,0.0,0.0,0.0,0.0,2.0,15.0,29.68,2.47,0.0,0.0,4.0,97.0,219.7,39.27,0.0
39.5,0.0,112.0,1.0,1.0,4.0,2.0,9.0,39912.0,676.24,115.62,0.0,1.0,6.0,16199.0,224.55,20.96,7.23
44.5,1.0,99.5,0.0,0.0,0.0,0.0,33.0,98792.0,800.32,156.53,15.6,1.0,40.0,61287.0,1016.84,186.16,6.3
39.5,0.0,7.5,0.0,0.0,1.0,0.0,7.0,118.0,278.78000000000003,56.980000000000004,0.0,1.0,8.0,13822.0,269.26,38.65,0.0
70.0,0.0,42.0,1.0,0.0,2.0,0.0,6.0,88.0,226.37,35.08,0.0,1.0,2.0,41.0,112.14,22.08,0.0
44.5,1.0,99.5,0.0,0.0,0.0,0.0,5.0,136.0,150.04,46.71,0.0,0.0,4.0,96.0,125.54,40.269999999999996,0.0
44.5,1.0,99.5,0.0,0.0,0.0,0.0,3.0,105.0,192.68,41.59,0.5,1.0,6.0,169.0,340.71,57.18,3.0
49.5,0.0,19.5,1.0,0.0,2.0,0.0,10.0,75.0,121.23,23.42,0.0,0.0,16.0,104.0,170.3,36.6,1.4
29.5,0.0,62.0,0.0,1.0,2.0,0.0,12.0,202.0,432.41,78.92999999999999,0.0,1.0,16.0,307.0,818.19,126.27,3.6
44.5,1.0,99.5,0.0,0.0,0.0,0.0,4.0,39.0,80.47,12.5,0.0,0.0,6.0,73.0,129.25,26.27,0.0
29.5,0.0,62.0,0.0,1.0,0.0,0.0,18.0,423.0,1079.8,234.54999999999998,2.5,1.0,20.0,621.0,1377.73,268.44,13.68
70.0,0.0,87.0,1.0,1.0,2.0,1.0,15.0,73252.0,398.62,24.169999999999998,1.0,1.0,23.0,74412.0,698.29,66.61,0.0
44.5,1.0,99.5,0.0,0.0,0.0,0.0,2.0,18993.0,41.76,0.01,0.0,1.0,4.0,17805.0,51.57,1.52,0.0
44.5,1.0,99.5,0.0,0.0,0.0,0.0,15.0,354.0,687.73,121.47,1.0,1.0,17.0,386.0,680.61,137.94,0.0
44.5,1.0,99.5,0.0,0.0,0.0,0.0,3.0,48.0,96.65,27.63,6.0,0.0,5.0,94.0,160.25,56.74,0.0
49.5,0.0,162.0,1.0,1.0,0.0,0.0,23.0,293.0,836.08,134.61,3.5,1.0,24.0,11826.0,1500.77,249.8,6.99
44.5,1.0,99.5,0.0,0.0,0.0,0.0,5.0,270.0,545.39,112.48,0.0,1.0,4.0,177.0,441.68,74.88,0.0
29.5,0.0,19.5,0.0,0.0,2.0,0.0,19.0,140.0,339.40000000000003,40.74,2.69,1.0,17.0,212.0,486.9,93.49,7.0
29.5,0.0,62.0,1.0,0.0,2.0,0.0,10.0,312.0,869.47,86.91,7.54,1.0,10.0,319.0,905.66,79.7,17.1
70.0,0.0,19.5,0.0,0.0,1.0,0.0,18.0,189.0,355.23,49.94,0.0,1.0,28.0,318.0,702.4,105.36,6.0
49.5,0.0,42.0,0.0,0.0,1.0,0.0,10.0,137.0,253.3,34.42,0.0,1.0,13.0,137.0,325.1,75.27,0.79
29.5,0.0,137.0,1.0,1.0,2.0,0.0,8.0,180.0,430.74,45.67,3.0,1.0,8.0,233.0,517.88,64.73,1.25
49.5,0.0,29.5,1.0,0.0,3.0,1.0,27.0,52514.0,772.8,123.81,2.75,1.0,25.0,43747.0,941.88,140.06,10.25
44.5,1.0,99.5,0.0,0.0,0.0,0.0,2.0,75.0,168.49,31.68,0.0,0.0,10.0,156.0,376.25,64.47,0.0
44.5,1.0,99.5,0.0,0.0,0.0,0.0,9.0,88.0,170.1,33.83,2.5,1.0,14.0,148.0,350.03,65.26,3.5
39.5,0.0,62.0,0.0,0.0,1.0,0.0,14.0,155.0,513.87,42.38,10.0,1.0,7.0,103.0,216.55,36.58,0.0
44.5,1.0,99.5,0.0,0.0,0.0,0.0,3.0,84.0,138.07,19.73,0.0,0.0,1.0,31.0,39.32,7.78,0.0
44.5,1.0,99.5,0.0,0.0,0.0,0.0,2.0,10.0,11.99,11.870000000000001,0.5,0.0,5.0,34.0,45.64,27.8,2.5
49.5,0.0,87.0,1.0,1.0,4.0,2.0,26.0,157996.0,1707.26,213.71,2.25,0.0,33.0,145362.0,2409.62,308.97,27.54
44.5,1.0,99.5,0.0,0.0,0.0,0.0,7.0,69.0,164.6,31.93,0.0,0.0,5.0,137.0,295.79,75.11,0.0
44.5,1.0,99.5,0.0,0.0,0.0,0.0,17.0,40197.0,343.8,79.22,0.0,0.0,9.0,69386.0,306.21,52.31,0.0
44.5,1.0,99.5,0.0,0.0,0.0,0.0,1.0,4.0,12.32,4.62,2.0,0.0,4.0,13198.0,119.75,29.52,0.0
44.5,1.0,99.5,0.0,0.0,0.0,0.0,7.0,7580.0,94.53,15.709999999999999,0.0,0.0,2.0,9.0,18.91,0.62,0.0
44.5,1.0,99.5,0.0,0.0,0.0,0.0,3.0,51.0,112.82,56.34,0.0,0.0,4.0,59.0,74.84,26.78,0.0
59.5,0.0,62.0,1.0,1.0,2.0,0.0,4.0,9.0,20.18,1.85,0.0,1.0,11.0,89.0,206.53,12.67,1.0
44.5,1.0,99.5,0.0,0.0,0.0,0.0,1.0,2.0,3.49,0.0,0.0,0.0,1.0,4.0,3.6,0.35,0.0
29.5,0.0,62.0,1.0,0.0,1.0,0.0,21.0,41175.0,676.67,101.67,5.6,0.0,17.0,21266.0,643.5500000000001,88.13,1.0
44.5,1.0,99.5,0.0,0.0,0.0,0.0,6.0,81.0,115.9,17.8,0.0,0.0,13.0,73769.0,459.31,71.8,0.0
44.5,1.0,99.5,0.0,0.0,0.0,0.0,2.0,8.0,6.29,0.06,0.0,0.0,2.0,41.0,68.11,13.06,0.0
44.5,1.0,99.5,0.0,0.0,0.0,0.0,6.0,11019.0,382.71,85.3,3.5,1.0,4.0,6871.0,437.34000000000003,106.66,38.63
44.5,1.0,99.5,0.0,0.0,0.0,0.0,11.0,276.0,632.59,94.46,0.0,1.0,16.0,22283.0,712.65,105.02,1.4
44.5,1.0,99.5,0.0,0.0,0.0,0.0,3.0,22.0,27.46,8.8,0.0,0.0,3.0,17.0,44.5,12.74,0.0
44.5,1.0,99.5,0.0,0.0,0.0,0.0,8.0,164.0,430.79,56.48,0.0,1.0,14.0,15990.0,966.98,173.11,0.75
44.5,1.0,99.5,0.0,0.0,0.0,0.0,2.0,21.0,39.08,7.15,0.0,0.0,3.0,11.0,19.26,0.0,0.0
29.5,0.0,19.5,0.0,0.0,1.0,0.0,9.0,173.0,485.03000000000003,26.13,0.0,1.0,13.0,213.0,554.78,35.94,0.0
49.5,0.0,42.0,0.0,0.0,1.0,0.0,4.0,97.0,267.83,39.28,2.95,1.0,8.0,17248.0,366.86,32.86,0.0
70.0,0.0,42.0,1.0,1.0,2.0,0.0,6.0,172.0,306.48,114.91,5.89,1.0,7.0,263.0,474.62,152.38,7.85
44.5,1.0,99.5,0.0,0.0,0.0,0.0,0.0,0.0,0.0,0.0,0.0,0.0,2.0,9.0,24.19,2.37,0.0
44.5,1.0,99.5,0.0,0.0,0.0,0.0,8.0,58.0,162.03,25.36,0.0,1.0,12.0,70.0,157.29,19.47,0.0
59.5,0.0,29.5,0.0,0.0,1.0,0.0,31.0,260.0,380.29,55.21,0.0,1.0,24.0,235.0,359.84,64.45,0.0
44.5,1.0,99.5,0.0,0.0,0.0,0.0,3.0,6.0,21.240000000000002,0.19,1.0,0.0,11.0,59.0,176.25,23.470000000000002,5.32
44.5,1.0,99.5,0.0,0.0,0.0,0.0,0.0,0.0,0.0,0.0,0.0,0.0,2.0,87.0,217.24,28.14,0.0
44.5,1.0,99.5,0.0,0.0,0.0,0.0,2.0,27.0,114.71,27.97,0.0,0.0,3.0,35.0,46.81,17.09,0.0
44.5,1.0,99.5,0.0,0.0,0.0,0.0,6.0,19.0,43.38,8.91,0.0,0.0,0.0,0.0,0.0,0.0,0.0
44.5,1.0,99.5,0.0,0.0,0.0,0.0,22.0,159706.0,1299.61,150.92,9.7,1.0,25.0,144211.0,1574.66,165.23,14.75
59.5,0.0,19.5,0.0,1.0,2.0,1.0,3.0,83.0,266.31,27.91,0.0,1.0,8.0,116.0,444.34,57.58,0.0
44.5,1.0,99.5,0.0,0.0,0.0,0.0,6.0,93.0,159.35,64.93,1.8,0.0,13.0,5004.0,345.97,101.8,8.38
44.5,1.0,99.5,0.0,0.0,0.0,0.0,8.0,180.0,264.14,65.4,0.0,0.0,7.0,95.0,125.36,14.45,0.0
44.5,1.0,99.5,0.0,0.0,0.0,0.0,12.0,181.0,437.63,65.96,1.0,0.0,19.0,237.0,657.64,94.41,7.75
44.5,1.0,99.5,0.0,0.0,0.0,0.0,0.0,0.0,0.0,0.0,0.0,0.0,4.0,65.0,135.39000000000001,50.99,0.0
49.5,0.0,112.0,1.0,1.0,2.0,0.0,18.0,65437.0,678.77,266.55,5.0,1.0,25.0,105748.0,924.2,326.12,4.84
44.5,1.0,99.5,0.0,0.0,0.0,0.0,3.0,16.0,37.04,5.23,0.0,1.0,6.0,19.0,75.34,8.4,0.0
49.5,0.0,87.0,1.0,1.0,3.0,1.0,7.0,28270.0,407.9,102.15,3.4,1.0,6.0,244.0,484.79,169.19,22.3
21.5,0.0,42.0,1.0,1.0,2.0,0.0,9.0,197.0,356.19,61.71,4.89,1.0,13.0,133.0,298.61,56.86,0.0
44.5,1.0,99.5,0.0,0.0,0.0,0.0,6.0,26.0,64.64,18.71,0.0,0.0,3.0,23.0,45.85,15.97,1.34
44.5,1.0,99.5,0.0,0.0,0.0,0.0,1.0,21.0,49.47,8.48,0.0,0.0,1.0,2.0,11.98,0.3,0.0
29.5,0.0,42.0,1.0,0.0,2.0,0.0,7.0,50.0,264.95,14.47,0.0,1.0,10.0,58.0,204.3,15.82,0.0
44.5,1.0,99.5,0.0,0.0,0.0,0.0,3.0,75.0,141.7,20.8,0.0,0.0,8.0,85.0,219.6,23.53,0.0
44.5,1.0,99.5,0.0,0.0,0.0,0.0,6.0,79.0,160.22,38.01,0.0,0.0,9.0,129.0,249.84,60.71,0.25
44.5,1.0,99.5,0.0,0.0,0.0,0.0,4.0,26.0,46.11,4.94,0.0,0.0,4.0,4600.0,38.57,5.5600000000000005,0.0
44.5,1.0,99.5,0.0,0.0,0.0,0.0,7.0,146.0,280.02,51.06,0.0,0.0,3.0,47.0,177.11,26.84,0.0
49.5,0.0,29.5,0.0,1.0,2.0,0.0,10.0,266.0,638.6,91.03,0.0,1.0,12.0,358.0,723.97,129.47,5.840000000000001
39.5,0.0,87.0,1.0,1.0,0.0,0.0,3.0,15058.0,124.83,11.98,0.0,1.0,6.0,317.0,474.2,124.77,45.37
29.5,0.0,137.0,1.0,0.0,2.0,0.0,13.0,139.0,437.15000000000003,35.01,0.0,1.0,19.0,249.0,713.64,109.99,4.05
44.5,1.0,99.5,0.0,0.0,0.0,0.0,6.0,35.0,75.52,18.53,2.0,1.0,10.0,87.0,207.07,67.64999999999999,0.0
44.5,1.0,99.5,0.0,0.0,0.0,0.0,0.0,0.0,0.0,0.0,0.0,0.0,0.0,0.0,0.0,0.0,0.0
44.5,1.0,99.5,0.0,0.0,0.0,0.0,0.0,0.0,0.0,0.0,0.0,0.0,3.0,9530.0,33.06,0.77,0.0
44.5,1.0,99.5,0.0,0.0,0.0,0.0,7.0,85.0,142.28,29.37,0.0,1.0,6.0,77.0,171.69,39.52,0.0
44.5,1.0,99.5,0.0,0.0,0.0,0.0,1.0,7.0,13.96,2.97,0.0,0.0,5.0,29.0,101.96000000000001,30.560000000000002,0.0
49.5,0.0,62.0,1.0,0.0,2.0,0.0,12.0,40956.0,457.54,39.910000000000004,0.0,0.0,11.0,49004.0,544.44,57.58,0.0
39.5,0.0,87.0,1.0,0.0,2.0,0.0,12.0,27163.0,356.37,65.32,2.0,1.0,10.0,9927.0,309.51,62.71,0.0
44.5,1.0,99.5,0.0,0.0,0.0,0.0,4.0,93.0,210.9,56.06,0.0,0.0,13.0,191.0,413.86,74.51,6.0
44.5,1.0,99.5,0.0,0.0,0.0,0.0,0.0,0.0,0.0,0.0,0.0,0.0,2.0,10155.0,65.49000000000001,3.34,0.0
39.5,0.0,137.0,1.0,1.0,4.0,2.0,7.0,375.0,840.95,192.6,1.0,0.0,17.0,48146.0,842.07,183.59,2.0
49.5,0.0,62.0,1.0,1.0,2.0,0.0,14.0,144.0,307.31,52.1,0.0,1.0,11.0,141.0,295.86,60.61,0.0
44.5,1.0,99.5,0.0,0.0,0.0,0.0,4.0,40.0,76.68,29.21,0.0,0.0,13.0,137.0,265.53,63.27,4.95
70.0,0.0,19.5,0.0,0.0,1.0,0.0,9.0,3915.0,310.6,78.01,4.15,1.0,9.0,8505.0,316.6,74.85,4.4399999999999995
49.5,0.0,29.5,0.0,0.0,1.0,0.0,15.0,338.0,664.74,105.86,11.85,1.0,14.0,218.0,413.69,78.39,15.19
29.5,0.0,42.0,1.0,0.0,1.0,0.0,17.0,41963.0,703.96,73.44,0.0,1.0,19.0,79431.0,828.78,100.75,2.25
44.5,1.0,99.5,0.0,0.0,0.0,0.0,3.0,74.0,155.21,16.08,0.75,0.0,1.0,9.0,38.94,20.89,0.0
44.5,1.0,99.5,0.0,0.0,0.0,0.0,7.0,69.0,189.51,48.83,2.5,0.0,11.0,213.0,550.08,111.78,1.0
49.5,0.0,62.0,1.0,0.0,1.0,0.0,8.0,248.0,535.21,143.5,12.75,1.0,10.0,8610.0,539.85,143.34,12.95
44.5,1.0,99.5,0.0,0.0,0.0,0.0,2.0,10.0,23.64,2.83,0.0,0.0,4.0,14.0,33.480000000000004,5.01,0.0
44.5,1.0,99.5,0.0,0.0,0.0,0.0,3.0,25.0,66.95,20.5,0.5,1.0,1.0,12.0,22.68,3.9699999999999998,0.0
44.5,1.0,99.5,0.0,0.0,0.0,0.0,2.0,14.0,72.77,11.24,0.0,1.0,4.0,29.0,60.29,11.39,0.0
44.5,1.0,99.5,0.0,0.0,0.0,0.0,6.0,171.0,341.33,48.0,15.75,0.0,15.0,337.0,675.93,114.94,6.35
44.5,1.0,99.5,0.0,0.0,0.0,0.0,2.0,10.0,16.740000000000002,1.97,0.0,0.0,4.0,84.0,187.96,49.56,0.0
44.5,1.0,99.5,0.0,0.0,0.0,0.0,0.0,0.0,0.0,0.0,0.0,0.0,2.0,58.0,243.26,45.31,0.0
44.5,1.0,99.5,0.0,0.0,0.0,0.0,0.0,0.0,0.0,0.0,0.0,0.0,3.0,10.0,21.27,4.63,0.0
70.0,0.0,62.0,0.0,1.0,2.0,1.0,10.0,122.0,289.85,71.9,0.0,1.0,8.0,164.0,399.61,71.99,0.5
44.5,1.0,99.5,0.0,0.0,0.0,0.0,0.0,0.0,0.0,0.0,0.0,1.0,0.0,0.0,0.0,0.0,0.0
44.5,1.0,99.5,0.0,0.0,0.0,0.0,21.0,14974.0,352.15,120.65,15.05,1.0,22.0,16825.0,384.75,121.59,5.15
44.5,1.0,99.5,0.0,0.0,0.0,0.0,5.0,13991.0,298.6,37.67,0.0,0.0,4.0,13828.0,246.26,31.19,0.0
70.0,0.0,29.5,1.0,0.0,2.0,0.0,8.0,352.0,834.07,127.26,0.0,1.0,9.0,354.0,811.27,147.8,0.0
44.5,1.0,99.5,0.0,0.0,0.0,0.0,1.0,4.0,20.3,0.5,0.0,0.0,0.0,0.0,0.0,0.0,0.0
44.5,1.0,99.5,0.0,0.0,0.0,0.0,2.0,9.0,12.21,5.07,0.5,1.0,6.0,47.0,106.96,19.3,5.0
44.5,1.0,99.5,0.0,0.0,0.0,0.0,7.0,7098.0,162.11,21.37,0.0,0.0,15.0,32296.0,647.1,57.36,0.0
44.5,1.0,99.5,0.0,0.0,0.0,0.0,5.0,16.0,39.64,4.67,0.0,0.0,8.0,38.0,108.42,12.45,0.0
44.5,1.0,99.5,0.0,0.0,0.0,0.0,2.0,5105.0,14.98,0.31,0.0,0.0,8.0,12716.0,134.36,26.099999999999998,0.0
44.5,1.0,99.5,0.0,0.0,0.0,0.0,4.0,23.0,50.87,13.71,0.0,0.0,3.0,13.0,177.05,72.22,0.0
44.5,1.0,99.5,0.0,0.0,0.0,0.0,22.0,76092.0,578.05,62.81,0.0,0.0,18.0,29549.0,332.1,51.24,0.0
44.5,1.0,99.5,0.0,0.0,0.0,0.0,8.0,38621.0,233.29,48.01,0.0,0.0,8.0,26544.0,312.77,88.14,0.0
70.0,0.0,7.5,1.0,1.0,2.0,0.0,21.0,30123.0,759.32,150.41,0.25,1.0,28.0,39644.0,1173.77,166.27,10.58
44.5,1.0,99.5,0.0,0.0,0.0,0.0,16.0,130.0,307.71999999999997,33.61,15.5,0.0,18.0,125.0,250.84,31.169999999999998,9.0
44.5,1.0,99.5,0.0,0.0,0.0,0.0,14.0,166.0,424.95,58.47,0.0,0.0,13.0,120.0,262.97,30.82,0.0
44.5,1.0,99.5,0.0,0.0,0.0,0.0,2.0,21.0,34.39,3.6799999999999997,4.5,1.0,16.0,45386.0,471.4,90.24,0.0
49.5,0.0,87.0,1.0,1.0,0.0,0.0,6.0,172.0,387.42,57.94,0.55,1.0,5.0,189.0,357.33,58.57,1.55
29.5,0.0,112.0,0.0,1.0,4.0,2.0,14.0,19500.0,309.96,23.21,2.0,1.0,15.0,80177.0,481.55,29.75,0.0
49.5,0.0,87.0,1.0,1.0,2.0,0.0,54.0,93184.0,1121.54,169.95,19.95,1.0,63.0,81844.0,1583.08,179.63,27.98
44.5,1.0,99.5,0.0,0.0,0.0,0.0,8.0,20197.0,124.04,3.3,0.0,0.0,6.0,30.0,103.91,12.879999999999999,0.0
49.5,0.0,19.5,0.0,0.0,1.0,0.0,27.0,221.0,316.59000000000003,32.32,0.0,0.0,22.0,87.0,165.2,23.02,0.0
44.5,1.0,99.5,0.0,0.0,0.0,0.0,11.0,104.0,312.61,31.77,5.0,1.0,8.0,172.0,433.99,70.84,10.0
44.5,1.0,99.5,0.0,0.0,0.0,0.0,13.0,23085.0,109.41,0.07,0.0,0.0,22.0,30633.0,291.9,13.55,0.0
44.5,1.0,99.5,0.0,0.0,0.0,0.0,16.0,43392.0,467.57,70.59,0.0,0.0,22.0,42464.0,536.07,67.91,0.0
44.5,1.0,99.5,0.0,0.0,0.0,0.0,6.0,55.0,108.51,21.0,0.0,0.0,2.0,7.0,9.780000000000001,0.0,0.0
44.5,1.0,99.5,0.0,0.0,0.0,0.0,4.0,46.0,80.16,10.01,0.0,0.0,0.0,0.0,0.0,0.0,0.0
44.5,1.0,99.5,0.0,0.0,0.0,0.0,7.0,24.0,57.28,13.14,0.0,0.0,3.0,11.0,29.69,2.49,0.0
44.5,1.0,99.5,0.0,0.0,0.0,0.0,0.0,0.0,0.0,0.0,0.0,0.0,2.0,33.0,116.93,8.55,0.0
44.5,1.0,99.5,0.0,0.0,0.0,0.0,4.0,17.0,43.63,10.370000000000001,0.0,0.0,4.0,30.0,54.21,15.56,0.0
44.5,1.0,99.5,0.0,0.0,0.0,0.0,1.0,5.0,13.99,5.56,0.0,0.0,4.0,64.0,155.61,48.66,1.55
44.5,1.0,99.5,0.0,0.0,0.0,0.0,2.0,5.0,17.45,0.0,0.0,0.0,4.0,22.0,62.33,6.67,0.0
39.5,0.0,87.0,1.0,0.0,1.0,0.0,4.0,138.0,291.14,25.46,0.75,1.0,6.0,148.0,360.67,64.62,0.6
44.5,1.0,99.5,0.0,0.0,0.0,0.0,0.0,0.0,0.0,0.0,0.0,0.0,0.0,0.0,0.0,0.0,0.0
44.5,1.0,99.5,0.0,0.0,0.0,0.0,11.0,22.0,84.07000000000001,9.419999999999998,0.0,1.0,7.0,8591.0,187.89000000000001,15.709999999999999,0.0
39.5,0.0,42.0,0.0,0.0,1.0,0.0,10.0,48439.0,571.89,85.93,0.0,1.0,5.0,29379.0,223.99,36.7,0.0
44.5,1.0,99.5,0.0,0.0,0.0,0.0,2.0,20.0,35.13,5.71,0.0,0.0,5.0,27.0,51.38,11.14,0.0
44.5,1.0,99.5,0.0,0.0,0.0,0.0,15.0,85.0,239.82,32.96,0.0,0.0,6.0,27.0,74.14,6.83,0.0
44.5,1.0,99.5,0.0,0.0,0.0,0.0,1.0,3.0,12.46,2.61,0.0,1.0,2.0,6.0,17.1,0.0,0.0
39.5,0.0,137.0,1.0,1.0,2.0,0.0,9.0,185.0,399.51,80.46,4.55,0.0,8.0,179.0,433.4,70.46,0.0
29.5,0.0,87.0,0.0,1.0,3.0,1.0,35.0,63020.0,1051.21,120.81,15.6,1.0,35.0,103542.0,1006.05,124.83,33.54
44.5,1.0,99.5,0.0,0.0,0.0,0.0,3.0,12.0,13.190000000000001,7.16,0.0,0.0,5.0,6.0,9.69,5.9,0.0
44.5,1.0,99.5,0.0,0.0,0.0,0.0,14.0,268.0,398.48,44.66,0.0,1.0,19.0,304.0,367.15,58.55,0.0
44.5,1.0,99.5,0.0,0.0,0.0,0.0,2.0,4.0,10.71,0.85,0.0,0.0,3.0,8.0,33.48,4.3999999999999995,0.0
39.5,0.0,42.0,1.0,1.0,2.0,0.0,17.0,60725.0,498.59000000000003,100.82,2.5,0.0,11.0,27334.0,290.48,50.61,0.0
44.5,1.0,99.5,0.0,0.0,0.0,0.0,7.0,50.0,111.61,26.25,0.0,0.0,9.0,101.0,204.59,48.63,0.0
44.5,1.0,99.5,0.0,0.0,0.0,0.0,13.0,129.0,589.53,25.05,0.0,1.0,8.0,82.0,367.52,22.16,0.0
44.5,1.0,99.5,0.0,0.0,0.0,0.0,1.0,28.0,35.79,25.39,0.0,0.0,4.0,49.0,107.45,46.260000000000005,0.0
44.5,1.0,99.5,0.0,0.0,0.0,0.0,0.0,0.0,0.0,0.0,0.0,0.0,2.0,5.0,11.190000000000001,3.06,0.0
44.5,1.0,99.5,0.0,0.0,0.0,0.0,7.0,13461.0,794.67,113.97,0.0,1.0,15.0,32072.0,699.05,101.82,0.0
44.5,1.0,99.5,0.0,0.0,0.0,0.0,3.0,23.0,50.3,34.46,5.0,0.0,5.0,59.0,140.82,28.6,0.0
39.5,0.0,42.0,0.0,0.0,2.0,1.0,25.0,293.0,412.21,98.19,0.0,0.0,54.0,498.0,739.23,141.09,2.0
29.5,0.0,42.0,0.0,0.0,1.0,0.0,25.0,53690.0,1194.1,155.44,10.3,0.0,23.0,25247.0,836.23,103.01,0.0
44.5,1.0,99.5,0.0,0.0,0.0,0.0,4.0,13.0,39.93,8.15,0.0,0.0,3.0,15.0,46.49,12.84,0.0
44.5,1.0,99.5,0.0,0.0,0.0,0.0,9.0,5339.0,82.65,4.48,0.0,1.0,11.0,99.0,188.44,22.85,0.0
44.5,1.0,99.5,0.0,0.0,0.0,0.0,3.0,51.0,119.27,34.08,1.35,0.0,0.0,0.0,0.0,0.0,0.0
44.5,1.0,99.5,0.0,0.0,0.0,0.0,24.0,162.0,284.9,22.65,0.0,1.0,31.0,338.0,581.78,84.25,0.0
44.5,1.0,99.5,0.0,0.0,0.0,0.0,7.0,134.0,245.20000000000002,54.52,2.75,1.0,9.0,10711.0,284.11,79.26,7.29
29.5,0.0,42.0,0.0,0.0,1.0,0.0,17.0,294.0,509.24,71.61,0.0,1.0,46.0,510.0,1009.76,161.11,3.1
44.5,1.0,99.5,0.0,0.0,0.0,0.0,2.0,7.0,17.990000000000002,0.54,0.0,0.0,7.0,32629.0,266.83,32.910000000000004,4.0
44.5,1.0,99.5,0.0,0.0,0.0,0.0,17.0,6292.0,313.17,54.62,12.790000000000001,1.0,9.0,81.0,230.14,24.650000000000002,0.4
49.5,0.0,7.5,0.0,0.0,1.0,0.0,6.0,60.0,164.62,22.44,0.0,0.0,1.0,14.0,117.26,1.5,0.0
39.5,0.0,42.0,0.0,1.0,2.0,0.0,7.0,196.0,367.36,47.15,0.0,1.0,8.0,194.0,278.8,42.660000000000004,0.0
70.0,0.0,42.0,1.0,1.0,3.0,1.0,4.0,154.0,317.61,40.24,0.0,1.0,5.0,215.0,544.84,71.48,0.0
44.5,1.0,99.5,0.0,0.0,0.0,0.0,18.0,22302.0,484.06,69.74,2.9,1.0,14.0,17806.0,643.18,116.36,0.0
44.5,1.0,99.5,0.0,0.0,0.0,0.0,10.0,80.0,172.57,44.1,0.0,1.0,8.0,52.0,95.97,42.14,0.0
44.5,1.0,99.5,0.0,0.0,0.0,0.0,22.0,18861.0,601.22,108.12,0.0,0.0,18.0,21237.0,332.98,44.38,0.2
44.5,1.0,99.5,0.0,0.0,0.0,0.0,7.0,22.0,64.02,8.76,0.0,0.0,4.0,11.0,29.92,1.05,1.11
49.5,0.0,162.0,1.0,1.0,0.0,0.0,7.0,199.0,442.4,103.75,15.34,1.0,11.0,479.0,1203.11,229.83,8.85
44.5,1.0,99.5,0.0,0.0,0.0,0.0,3.0,7.0,7.66,3.08,0.0,0.0,11.0,63.0,125.66,31.06,0.0
44.5,1.0,99.5,0.0,0.0,0.0,0.0,4.0,192.0,525.89,65.23,5.8,0.0,7.0,205.0,504.14,89.38,0.0
49.5,0.0,62.0,1.0,0.0,1.0,0.0,4.0,62830.0,342.21000000000004,24.259999999999998,4.5,1.0,1.0,61.0,163.28,26.78,0.0
49.5,0.0,62.0,1.0,0.0,2.0,0.0,5.0,27.0,93.05,22.5,0.0,1.0,5.0,44.0,121.71000000000001,23.46,0.0
44.5,1.0,99.5,0.0,0.0,0.0,0.0,2.0,14.0,24.72,7.97,0.0,0.0,0.0,0.0,0.0,0.0,0.0
44.5,1.0,99.5,0.0,0.0,0.0,0.0,4.0,37372.0,231.85,19.509999999999998,0.0,0.0,2.0,93.0,172.01,21.94,0.0
44.5,1.0,99.5,0.0,0.0,0.0,0.0,1.0,22.0,86.66,8.04,0.0,0.0,1.0,6.0,13.36,0.98,0.0
44.5,1.0,99.5,0.0,0.0,0.0,0.0,5.0,9.0,29.18,3.23,0.0,1.0,11.0,107.0,278.43,48.55,7.75
49.5,0.0,19.5,1.0,1.0,3.0,1.0,9.0,4642.0,239.68,16.65,0.0,1.0,7.0,107.0,371.39,30.41,0.0
44.5,1.0,99.5,0.0,0.0,0.0,0.0,7.0,33.0,45.2,12.88,0.0,0.0,1.0,33.0,64.81,10.209999999999999,0.0
21.5,0.0,62.0,1.0,0.0,2.0,0.0,8.0,149.0,444.74,74.07,0.5,1.0,6.0,166.0,480.48,63.66,3.0
44.5,1.0,99.5,0.0,0.0,0.0,0.0,5.0,35.0,114.32,12.61,0.0,0.0,4.0,13.0,40.95,0.7,0.0
70.0,0.0,137.0,1.0,0.0,3.0,1.0,7.0,76.0,188.25,29.66,0.0,0.0,13.0,137.0,469.19,46.13,0.0
29.5,0.0,19.5,1.0,1.0,2.0,1.0,13.0,146.0,315.46,38.27,0.0,1.0,9.0,124.0,310.01,29.79,0.5
49.5,0.0,87.0,1.0,0.0,1.0,0.0,18.0,85765.0,1556.94,124.37,42.730000000000004,1.0,24.0,76145.0,2316.38,210.77,47.45
44.5,1.0,99.5,0.0,0.0,0.0,0.0,10.0,59.0,164.58,41.08,0.0,0.0,9.0,66.0,176.07999999999998,100.53,0.79
44.5,1.0,99.5,0.0,0.0,0.0,0.0,2.0,263.0,645.51,105.84,1.4,0.0,1.0,119.0,296.81,64.41,0.0
59.5,0.0,62.0,1.0,1.0,2.0,1.0,8.0,139.0,240.03,67.59,2.5,1.0,12.0,172.0,293.08,71.77,9.9
44.5,1.0,99.5,0.0,0.0,0.0,0.0,9.0,143.0,218.98,38.73,0.0,0.0,41.0,44821.0,1031.44,233.84,1.0
44.5,1.0,99.5,0.0,0.0,0.0,0.0,11.0,48.0,109.73,11.72,0.0,1.0,10.0,30.0,88.37,10.44,2.0
44.5,1.0,99.5,0.0,0.0,0.0,0.0,6.0,104.0,249.18,47.58,12.45,1.0,10.0,181.0,422.73,78.52,3.65
44.5,1.0,99.5,0.0,0.0,0.0,0.0,1.0,8.0,7.39,4.39,0.0,0.0,0.0,0.0,0.0,0.0,0.0
44.5,1.0,99.5,0.0,0.0,0.0,0.0,8.0,22595.0,389.77,53.43,3.95,1.0,17.0,42155.0,809.5,111.95,4.79
44.5,1.0,99.5,0.0,0.0,0.0,0.0,0.0,0.0,0.0,0.0,0.0,0.0,0.0,0.0,0.0,0.0,0.0
44.5,1.0,99.5,0.0,0.0,0.0,0.0,5.0,85.0,187.12,32.53,0.0,0.0,6.0,4987.0,209.91,39.57,0.0
44.5,1.0,99.5,0.0,0.0,0.0,0.0,19.0,214.0,363.6,41.839999999999996,0.0,0.0,10.0,113.0,265.05,36.88,0.0
44.5,1.0,99.5,0.0,0.0,0.0,0.0,1.0,57.0,119.53999999999999,11.2,0.0,1.0,2.0,48.0,103.61,1.19,0.0
44.5,1.0,99.5,0.0,0.0,0.0,0.0,19.0,191.0,352.4,87.05,0.5,1.0,13.0,192.0,334.77,80.12,0.0
44.5,1.0,99.5,0.0,0.0,0.0,0.0,2.0,23.0,82.38,17.59,0.0,0.0,5.0,35.0,104.43,23.4,0.0
44.5,1.0,99.5,0.0,0.0,0.0,0.0,2.0,10.0,15.08,0.0,0.0,0.0,11.0,88.0,215.33,33.42,0.0
44.5,1.0,99.5,0.0,0.0,0.0,0.0,0.0,0.0,0.0,0.0,0.0,0.0,2.0,75.0,193.05,27.89,0.0
49.5,0.0,42.0,1.0,1.0,2.0,0.0,14.0,9046.0,353.68,115.83,2.5,1.0,16.0,151.0,299.86,69.42,3.8
44.5,1.0,99.5,0.0,0.0,0.0,0.0,6.0,13349.0,144.91,15.43,0.0,0.0,3.0,11.0,19.47,12.67,0.0
44.5,1.0,99.5,0.0,0.0,0.0,0.0,1.0,14.0,18.37,1.0899999999999999,0.0,0.0,4.0,76.0,163.72,18.75,0.0
44.5,1.0,99.5,0.0,0.0,0.0,0.0,8.0,19.0,87.28,5.52,0.0,1.0,12.0,56.0,216.81,13.3,0.0
49.5,0.0,62.0,1.0,1.0,2.0,0.0,14.0,20510.0,790.22,47.55,0.0,1.0,4.0,47.0,136.26,24.69,0.0
49.5,0.0,42.0,1.0,1.0,2.0,0.0,8.0,17739.0,218.87,25.79,0.0,1.0,4.0,132.0,230.48,72.93,0.0
70.0,0.0,62.0,1.0,0.0,3.0,1.0,11.0,15723.0,282.51,47.05,1.0,0.0,10.0,16265.0,356.23,58.53,0.0
44.5,1.0,99.5,0.0,0.0,0.0,0.0,6.0,14419.0,202.56,34.19,1.55,0.0,7.0,57.0,128.75,22.95,1.0
44.5,1.0,99.5,0.0,0.0,0.0,0.0,11.0,77.0,158.0,36.95,0.9,0.0,9.0,30.0,104.15,12.93,0.0
39.5,0.0,62.0,1.0,1.0,0.0,0.0,21.0,41786.0,491.68,158.39000000000001,0.0,0.0,17.0,39645.0,394.24,75.36,1.0
44.5,1.0,99.5,0.0,0.0,0.0,0.0,3.0,34.0,102.12,18.75,0.0,0.0,6.0,150.0,509.8,53.89,14.5
44.5,1.0,99.5,0.0,0.0,0.0,0.0,1.0,17671.0,38.68,0.01,0.0,0.0,8.0,38.0,105.43,9.49,0.0
44.5,1.0,99.5,0.0,0.0,0.0,0.0,2.0,69.0,182.22,32.01,0.0,0.0,2.0,15.0,53.95,11.06,0.0
49.5,0.0,7.5,0.0,0.0,1.0,0.0,19.0,56.0,257.02,42.379999999999995,0.0,1.0,26.0,10246.0,377.88,33.14,0.0
44.5,1.0,99.5,0.0,0.0,0.0,0.0,0.0,0.0,0.0,0.0,0.0,0.0,0.0,0.0,0.0,0.0,0.0
29.5,0.0,19.5,1.0,1.0,3.0,1.0,10.0,204.0,492.98,107.8,12.95,0.0,3.0,19.0,62.93,17.73,0.0
44.5,1.0,99.5,0.0,0.0,0.0,0.0,5.0,21.0,39.9,4.33,0.0,0.0,15.0,18856.0,230.57000000000002,31.2,0.0
44.5,1.0,99.5,0.0,0.0,0.0,0.0,4.0,14019.0,65.75999999999999,1.8599999999999999,0.0,0.0,1.0,70.0,176.64,67.86,0.0
49.5,0.0,62.0,1.0,1.0,3.0,1.0,21.0,240.0,513.66,90.67999999999999,10.690000000000001,1.0,18.0,163.0,316.51,84.07000000000001,7.3
44.5,1.0,99.5,0.0,0.0,0.0,0.0,0.0,0.0,0.0,0.0,0.0,0.0,2.0,17.0,45.47,9.57,0.0
44.5,1.0,99.5,0.0,0.0,0.0,0.0,7.0,8219.0,188.67000000000002,23.689999999999998,0.75,0.0,8.0,110.0,251.56,27.02,0.0
44.5,1.0,99.5,0.0,0.0,0.0,0.0,8.0,48.0,106.92,27.05,0.0,0.0,5.0,37.0,102.73,31.27,0.5
44.5,1.0,99.5,0.0,0.0,0.0,0.0,13.0,7865.0,575.17,80.01,12.35,1.0,14.0,230.0,574.78,64.52,2.25
44.5,1.0,99.5,0.0,0.0,0.0,0.0,5.0,32.0,146.44,15.51,0.0,0.0,6.0,33.0,156.97,11.73,0.0
44.5,1.0,99.5,0.0,0.0,0.0,0.0,36.0,17962.0,616.38,121.7,0.55,0.0,22.0,9429.0,318.04,67.71,2.24
70.0,0.0,19.5,1.0,0.0,2.0,0.0,9.0,12318.0,229.12,36.27,3.4,1.0,13.0,15254.0,456.23,66.69,0.75
44.5,1.0,99.5,0.0,0.0,0.0,0.0,2.0,10.0,49.95,0.2,0.0,0.0,3.0,24.0,44.120000000000005,9.36,0.0
44.5,1.0,99.5,0.0,0.0,0.0,0.0,8.0,68.0,134.01,47.32,0.0,0.0,19.0,124.0,212.71,105.87,10.0
44.5,1.0,99.5,0.0,0.0,0.0,0.0,3.0,72.0,130.72,36.03,0.0,0.0,2.0,48.0,69.57,24.5,1.0
39.5,0.0,62.0,1.0,0.0,1.0,0.0,19.0,141.0,596.79,66.81,4.29,0.0,17.0,120.0,389.39,41.87,0.0
49.5,0.0,19.5,1.0,1.0,2.0,0.0,14.0,98.0,250.52,49.78,0.0,1.0,18.0,157.0,372.05,74.55,0.0
44.5,1.0,99.5,0.0,0.0,0.0,0.0,0.0,0.0,0.0,0.0,0.0,0.0,0.0,0.0,0.0,0.0,0.0
44.5,1.0,99.5,0.0,0.0,0.0,0.0,11.0,17896.0,237.74,26.57,0.0,1.0,14.0,46689.0,446.01,62.33,0.0
44.5,1.0,99.5,0.0,0.0,0.0,0.0,2.0,14.0,30.82,2.85,0.0,0.0,3.0,19.0,12.49,10.01,0.0
44.5,1.0,99.5,0.0,0.0,0.0,0.0,4.0,68.0,93.37,44.89,0.0,1.0,4.0,15.0,24.71,7.14,0.0
44.5,1.0,99.5,0.0,0.0,0.0,0.0,2.0,12.0,19.96,1.06,0.0,1.0,5.0,30.0,63.5,25.39,2.75
44.5,1.0,99.5,0.0,0.0,0.0,0.0,4.0,43.0,118.47,24.56,0.0,1.0,7.0,156.0,423.91,90.21000000000001,0.0
44.5,1.0,99.5,0.0,0.0,0.0,0.0,3.0,15.0,28.240000000000002,5.36,0.0,0.0,6.0,77.0,94.09,28.23,0.0
44.5,1.0,99.5,0.0,0.0,0.0,0.0,2.0,12900.0,27.34,0.02,0.0,0.0,2.0,7.0,10.59,0.58,0.0
44.5,1.0,99.5,0.0,0.0,0.0,0.0,4.0,19.0,126.47,5.06,0.0,1.0,3.0,27.0,112.86999999999999,8.74,0.0
44.5,1.0,99.5,0.0,0.0,0.0,0.0,0.0,0.0,0.0,0.0,0.0,0.0,0.0,0.0,0.0,0.0,0.0
44.5,1.0,99.5,0.0,0.0,0.0,0.0,1.0,8.0,7.14,0.0,0.0,0.0,0.0,0.0,0.0,0.0,0.0
44.5,1.0,99.5,0.0,0.0,0.0,0.0,1.0,9305.0,20.0,0.01,0.0,0.0,0.0,0.0,0.0,0.0,0.0
44.5,1.0,99.5,0.0,0.0,0.0,0.0,1.0,12.0,54.53,4.49,0.0,1.0,5.0,79.0,222.63,42.55,0.0
44.5,1.0,99.5,0.0,0.0,0.0,0.0,1.0,1.0,2.29,0.0,0.0,1.0,4.0,32.0,75.06,13.2,0.0
44.5,1.0,99.5,0.0,0.0,0.0,0.0,2.0,30.0,53.54,16.55,0.0,0.0,1.0,5.0,13.57,3.68,0.0
44.5,1.0,99.5,0.0,0.0,0.0,0.0,0.0,0.0,0.0,0.0,0.0,0.0,0.0,0.0,0.0,0.0,0.0
44.5,1.0,99.5,0.0,0.0,0.0,0.0,6.0,18.0,48.410000000000004,12.67,0.0,0.0,4.0,8.0,33.43,1.29,0.0
44.5,1.0,99.5,0.0,0.0,0.0,0.0,4.0,57.0,83.23,18.72,0.0,0.0,5.0,48.0,87.78,27.48,0.0
44.5,1.0,99.5,0.0,0.0,0.0,0.0,0.0,0.0,0.0,0.0,0.0,0.0,4.0,19.0,41.86,14.67,0.5
44.5,1.0,99.5,0.0,0.0,0.0,0.0,4.0,90.0,187.98,43.61,0.0,0.0,2.0,12.0,22.39,3.31,0.0
44.5,1.0,99.5,0.0,0.0,0.0,0.0,3.0,11.0,15.33,2.36,0.0,0.0,3.0,7.0,3.02,0.88,0.0
44.5,1.0,99.5,0.0,0.0,0.0,0.0,21.0,228.0,922.78,140.05,64.42999999999999,0.0,19.0,220.0,853.5,204.25,77.63
44.5,1.0,99.5,0.0,0.0,0.0,0.0,0.0,0.0,0.0,0.0,0.0,1.0,4.0,40.0,91.05,18.68,0.0
44.5,1.0,99.5,0.0,0.0,0.0,0.0,8.0,60.0,189.02,40.54,0.0,0.0,8.0,89.0,188.24,77.85,0.0
44.5,1.0,99.5,0.0,0.0,0.0,0.0,8.0,108.0,228.83,60.58,0.75,0.0,2.0,8.0,20.39,1.99,0.0
29.5,0.0,42.0,0.0,0.0,4.0,2.0,7.0,45.0,104.88,9.84,0.0,1.0,9.0,84.0,127.78,14.84,0.0
44.5,1.0,99.5,0.0,0.0,0.0,0.0,13.0,58010.0,407.21,73.12,1.0,0.0,14.0,26240.0,378.8,89.58,11.5
44.5,1.0,99.5,0.0,0.0,0.0,0.0,4.0,48.0,141.24,2.17,0.0,1.0,6.0,45.0,131.05,13.1,0.0
21.5,0.0,275.0,1.0,0.0,1.0,0.0,7.0,126.0,300.37,68.72,1.0,1.0,11.0,134.0,350.18,72.06,0.0
44.5,1.0,99.5,0.0,0.0,0.0,0.0,6.0,12875.0,337.73,53.23,0.0,0.0,6.0,12867.0,186.88,19.09,0.0
44.5,1.0,99.5,0.0,0.0,0.0,0.0,1.0,19.0,30.580000000000002,6.4799999999999995,0.0,0.0,2.0,9.0,27.630000000000003,0.59,0.0
44.5,1.0,99.5,0.0,0.0,0.0,0.0,11.0,26352.0,138.31,7.72,0.0,1.0,18.0,25032.0,177.91,22.849999999999998,0.0
44.5,1.0,99.5,0.0,0.0,0.0,0.0,0.0,0.0,0.0,0.0,0.0,1.0,9.0,7184.0,311.82,46.96,0.0
44.5,1.0,99.5,0.0,0.0,0.0,0.0,0.0,0.0,0.0,0.0,0.0,1.0,0.0,0.0,0.0,0.0,0.0
49.5,0.0,62.0,1.0,0.0,1.0,0.0,9.0,131.0,472.51,46.55,0.0,1.0,12.0,201.0,576.44,42.839999999999996,2.75
44.5,1.0,99.5,0.0,0.0,0.0,0.0,7.0,31837.0,207.27,11.89,0.0,0.0,8.0,16263.0,210.99,27.49,0.0
44.5,1.0,99.5,0.0,0.0,0.0,0.0,2.0,7.0,20.12,2.91,0.0,0.0,2.0,17.0,28.21,1.78,0.0
44.5,1.0,99.5,0.0,0.0,0.0,0.0,7.0,157.0,297.79,32.15,5.0,0.0,8.0,80.0,151.61,35.8,0.0
44.5,1.0,99.5,0.0,0.0,0.0,0.0,7.0,113.0,198.72,47.94,2.0,1.0,4.0,84.0,147.99,17.53,0.0
44.5,1.0,99.5,0.0,0.0,0.0,0.0,8.0,92.0,189.5,23.5,0.0,1.0,22.0,213.0,535.62,79.33,0.0
44.5,1.0,99.5,0.0,0.0,0.0,0.0,4.0,38.0,85.31,14.07,0.0,1.0,11.0,148.0,308.44,43.38,0.0
44.5,1.0,99.5,0.0,0.0,0.0,0.0,7.0,25513.0,218.72,19.64,0.0,1.0,14.0,64761.0,801.61,44.89,0.0
44.5,1.0,99.5,0.0,0.0,0.0,0.0,5.0,72.0,146.91,29.150000000000002,0.0,0.0,4.0,44.0,122.37,14.59,0.0
29.5,0.0,29.5,1.0,0.0,0.0,0.0,5.0,138.0,302.58,84.81,0.4,1.0,6.0,51.0,104.59,22.86,0.0
44.5,1.0,99.5,0.0,0.0,0.0,0.0,6.0,19.0,104.4,3.7,4.0,0.0,9.0,27.0,131.03,7.6899999999999995,0.0
29.5,0.0,19.5,0.0,0.0,2.0,1.0,42.0,40548.0,429.63,60.95,0.0,0.0,51.0,45793.0,437.15999999999997,73.99,1.0
44.5,1.0,99.5,0.0,0.0,0.0,0.0,0.0,0.0,0.0,0.0,0.0,0.0,0.0,0.0,0.0,0.0,0.0
44.5,1.0,99.5,0.0,0.0,0.0,0.0,5.0,16821.0,107.31,5.33,0.0,1.0,13.0,13968.0,1005.26,177.69,0.0
44.5,1.0,99.5,0.0,0.0,0.0,0.0,5.0,98.0,119.08,21.91,0.0,0.0,1.0,27.0,47.06,9.32,0.0
44.5,1.0,99.5,0.0,0.0,0.0,0.0,8.0,292.0,807.78,77.54,5.8,1.0,10.0,198.0,508.37,44.56,0.0
44.5,1.0,99.5,0.0,0.0,0.0,0.0,1.0,14.0,34.69,0.3,0.0,0.0,3.0,24779.0,142.07,17.68,0.0
29.5,0.0,42.0,0.0,1.0,3.0,1.0,7.0,12301.0,189.99,28.07,1.0,0.0,3.0,73.0,132.12,38.89,0.0
44.5,1.0,99.5,0.0,0.0,0.0,0.0,2.0,25.0,80.63,13.87,0.0,1.0,2.0,10.0,24.23,2.05,0.0
44.5,1.0,99.5,0.0,0.0,0.0,0.0,10.0,160.0,398.51,94.19,0.0,0.0,1.0,3.0,7.67,0.4,0.0
49.5,0.0,62.0,1.0,0.0,1.0,0.0,14.0,17933.0,405.4,68.73,2.4,1.0,16.0,10973.0,631.87,160.64000000000001,3.65
49.5,0.0,29.5,0.0,0.0,2.0,0.0,16.0,63088.0,689.35,109.63,3.0,0.0,20.0,83869.0,927.89,155.81,1.0
29.5,0.0,29.5,0.0,0.0,3.0,1.0,4.0,130.0,230.44,51.16,7.3,0.0,8.0,56.0,76.96000000000001,21.04,0.0
44.5,1.0,99.5,0.0,0.0,0.0,0.0,16.0,272.0,496.87,136.65,0.0,1.0,8.0,98.0,228.59,58.269999999999996,0.0
44.5,1.0,99.5,0.0,0.0,0.0,0.0,4.0,20132.0,59.11,7.1000000000000005,0.0,0.0,8.0,39558.0,129.26,10.93,0.0
44.5,1.0,99.5,0.0,0.0,0.0,0.0,4.0,50.0,138.47,17.24,0.0,0.0,3.0,93.0,203.75,53.81,0.5
44.5,1.0,99.5,0.0,0.0,0.0,0.0,8.0,84.0,173.39000000000001,57.28,2.5,1.0,5.0,64.0,100.04,20.73,0.0
44.5,1.0,99.5,0.0,0.0,0.0,0.0,5.0,112.0,316.67,48.81,0.0,0.0,6.0,216.0,510.3,109.47,0.55
44.5,1.0,99.5,0.0,0.0,0.0,0.0,0.0,0.0,0.0,0.0,0.0,0.0,0.0,0.0,0.0,0.0,0.0
44.5,1.0,99.5,0.0,0.0,0.0,0.0,5.0,73.0,154.45,24.02,1.75,0.0,5.0,18.0,101.85,12.76,0.0
44.5,1.0,99.5,0.0,0.0,0.0,0.0,6.0,98.0,286.92,71.85000000000001,2.5,0.0,6.0,68.0,207.04,34.72,0.0
44.5,1.0,99.5,0.0,0.0,0.0,0.0,1.0,48.0,162.51,20.13,0.0,0.0,2.0,11.0,26.67,2.09,0.0
59.5,0.0,42.0,1.0,0.0,1.0,0.0,5.0,189.0,453.88,129.45,2.5,1.0,10.0,342.0,672.98,205.28,0.0
44.5,1.0,99.5,0.0,0.0,0.0,0.0,2.0,23.0,49.01,8.71,0.0,0.0,0.0,0.0,0.0,0.0,0.0
44.5,1.0,99.5,0.0,0.0,0.0,0.0,9.0,60.0,147.35,22.81,0.0,0.0,9.0,4394.0,123.71000000000001,25.0,0.0
44.5,1.0,99.5,0.0,0.0,0.0,0.0,0.0,0.0,0.0,0.0,0.0,0.0,0.0,0.0,0.0,0.0,0.0
44.5,1.0,99.5,0.0,0.0,0.0,0.0,5.0,75.0,118.68,15.54,0.0,0.0,7.0,98.0,257.54,63.06,0.0
44.5,1.0,99.5,0.0,0.0,0.0,0.0,1.0,18.0,17.96,1.5699999999999998,0.0,0.0,0.0,0.0,0.0,0.0,0.0
21.5,0.0,19.5,1.0,1.0,2.0,0.0,8.0,126.0,255.25,69.31,0.0,1.0,18.0,7341.0,388.11,94.52,0.0
44.5,1.0,99.5,0.0,0.0,0.0,0.0,5.0,7.0,35.660000000000004,2.99,0.0,0.0,7.0,14.0,39.59,3.1799999999999997,0.0
44.5,1.0,99.5,0.0,0.0,0.0,0.0,3.0,25.0,57.88,10.34,0.0,0.0,1.0,7.0,28.66,1.97,0.0
44.5,1.0,99.5,0.0,0.0,0.0,0.0,0.0,0.0,0.0,0.0,0.0,0.0,10.0,50.0,164.43,17.18,0.5
44.5,1.0,99.5,0.0,0.0,0.0,0.0,4.0,25583.0,99.28,23.61,2.5,0.0,2.0,35.0,48.41,13.04,0.0
39.5,0.0,162.0,1.0,1.0,2.0,0.0,19.0,96399.0,972.35,106.89,68.95,1.0,31.0,121174.0,1594.27,190.73,76.98
44.5,1.0,99.5,0.0,0.0,0.0,0.0,6.0,69.0,124.08,25.48,0.0,0.0,2.0,26.0,49.5,8.79,0.0
44.5,1.0,99.5,0.0,0.0,0.0,0.0,10.0,111.0,256.41,43.73,0.0,1.0,3.0,60.0,78.82000000000001,12.9,0.0
44.5,1.0,99.5,0.0,0.0,0.0,0.0,6.0,14640.0,182.55,21.38,0.0,0.0,4.0,48.0,102.97,17.27,0.0
44.5,1.0,99.5,0.0,0.0,0.0,0.0,0.0,0.0,0.0,0.0,0.0,0.0,4.0,4612.0,44.21,7.79,0.0
44.5,1.0,99.5,0.0,0.0,0.0,0.0,3.0,138.0,260.68,80.7,0.55,0.0,4.0,210.0,364.3,126.46000000000001,0.0
44.5,1.0,99.5,0.0,0.0,0.0,0.0,9.0,23.0,67.98,24.71,0.0,0.0,5.0,11.0,40.13,16.869999999999997,0.0
59.5,0.0,29.5,1.0,1.0,2.0,1.0,5.0,275.0,652.38,146.8,7.5,1.0,7.0,263.0,569.05,90.33,0.0
44.5,1.0,99.5,0.0,0.0,0.0,0.0,5.0,48.0,91.8,32.089999999999996,0.0,0.0,6.0,51.0,81.5,23.97,0.0
44.5,1.0,99.5,0.0,0.0,0.0,0.0,4.0,28.0,64.97,15.68,0.0,0.0,3.0,89.0,206.6,21.64,3.8
44.5,1.0,99.5,0.0,0.0,0.0,0.0,7.0,23.0,61.47,4.72,0.0,0.0,11.0,48.0,186.84,15.71,0.0
44.5,1.0,99.5,0.0,0.0,0.0,0.0,1.0,4.0,15.71,2.3,0.0,0.0,3.0,18.0,42.07,9.0,0.0
44.5,1.0,99.5,0.0,0.0,0.0,0.0,3.0,21.0,36.68,0.2,0.0,0.0,5.0,90.0,198.67000000000002,17.54,0.0
44.5,1.0,99.5,0.0,0.0,0.0,0.0,4.0,31.0,82.51,29.44,0.75,0.0,3.0,22.0,63.85,14.79,8.780000000000001
44.5,1.0,99.5,0.0,0.0,0.0,0.0,7.0,155.0,267.78000000000003,37.7,0.0,0.0,5.0,115.0,194.86,42.4,0.0
44.5,1.0,99.5,0.0,0.0,0.0,0.0,3.0,118.0,269.49,41.39,0.3,0.0,18.0,160.0,558.66,55.25,0.0
44.5,1.0,99.5,0.0,0.0,0.0,0.0,2.0,71.0,113.89,17.6,0.0,0.0,4.0,52.0,92.48,21.89,0.0
44.5,1.0,99.5,0.0,0.0,0.0,0.0,5.0,26347.0,134.45,9.92,0.0,1.0,26.0,58735.0,838.42,89.06,2.5
44.5,1.0,99.5,0.0,0.0,0.0,0.0,6.0,113.0,217.62,31.990000000000002,1.0,1.0,7.0,123.0,226.74,37.47,3.0
44.5,1.0,99.5,0.0,0.0,0.0,0.0,7.0,93.0,280.46,47.54,1.9,1.0,4.0,258.0,648.21,124.9,7.7
44.5,1.0,99.5,0.0,0.0,0.0,0.0,8.0,36.0,54.230000000000004,3.44,0.0,0.0,6.0,37.0,77.62,8.22,0.0
44.5,1.0,99.5,0.0,0.0,0.0,0.0,5.0,71.0,185.21,49.269999999999996,0.0,0.0,9.0,5059.0,210.78,58.74,0.0
39.5,0.0,87.0,0.0,0.0,2.0,0.0,8.0,17440.0,219.14,27.87,0.5,1.0,10.0,11045.0,753.32,105.95,2.0
39.5,0.0,42.0,1.0,1.0,2.0,0.0,11.0,49282.0,600.86,154.81,2.5,1.0,17.0,15813.0,573.07,153.58,0.0
49.5,0.0,19.5,0.0,0.0,1.0,0.0,19.0,34296.0,361.24,34.05,0.0,0.0,27.0,40065.0,461.16,61.83,1.15
44.5,1.0,99.5,0.0,0.0,0.0,0.0,0.0,0.0,0.0,0.0,0.0,0.0,7.0,54.0,125.8,16.26,0.0
39.5,0.0,62.0,0.0,1.0,2.0,1.0,9.0,55139.0,150.25,2.5300000000000002,0.0,1.0,7.0,54091.0,162.74,6.87,0.0
39.5,0.0,187.0,1.0,1.0,2.0,0.0,7.0,61955.0,356.76,61.989999999999995,0.0,0.0,7.0,45271.0,215.99,19.71,0.0
39.5,0.0,62.0,1.0,0.0,1.0,0.0,12.0,137.0,191.77,30.47,0.55,1.0,12.0,153.0,235.32,37.07,0.5
44.5,1.0,99.5,0.0,0.0,0.0,0.0,0.0,0.0,0.0,0.0,0.0,0.0,0.0,0.0,0.0,0.0,0.0
49.5,0.0,87.0,1.0,1.0,2.0,0.0,10.0,77390.0,357.95,23.86,0.0,1.0,12.0,34752.0,428.3,76.68,2.0
44.5,1.0,99.5,0.0,0.0,0.0,0.0,2.0,8169.0,23.28,1.4300000000000002,0.0,0.0,3.0,48.0,104.0,23.759999999999998,0.0
44.5,1.0,99.5,0.0,0.0,0.0,0.0,15.0,81.0,125.24000000000001,21.36,0.0,1.0,18.0,146.0,236.31,55.34,0.0
44.5,1.0,99.5,0.0,0.0,0.0,0.0,12.0,68.0,141.59,41.68,0.0,0.0,10.0,157.0,253.98,63.42,0.0
44.5,1.0,99.5,0.0,0.0,0.0,0.0,3.0,15.0,52.81,2.1900000000000004,0.0,0.0,3.0,44.0,79.78,17.5,0.0
49.5,0.0,62.0,1.0,1.0,3.0,1.0,10.0,145.0,360.95,24.9,0.0,1.0,6.0,82.0,230.63,12.62,5.0
44.5,1.0,99.5,0.0,0.0,0.0,0.0,7.0,43.0,86.62,15.959999999999999,0.0,0.0,4.0,31.0,58.99,16.3,0.0
44.5,1.0,99.5,0.0,0.0,0.0,0.0,3.0,38.0,89.46,9.59,0.0,0.0,1.0,15.0,58.18,7.17,0.0
44.5,1.0,99.5,0.0,0.0,0.0,0.0,2.0,15.0,61.3,7.13,0.0,0.0,4.0,72.0,185.81,33.910000000000004,0.0
39.5,0.0,225.0,1.0,1.0,2.0,0.0,8.0,179.0,355.64,55.35,20.94,1.0,6.0,168.0,475.79,46.44,27.45
44.5,1.0,99.5,0.0,0.0,0.0,0.0,5.0,16.0,66.52,5.5,0.0,0.0,9.0,42.0,133.14000000000001,25.46,0.0
44.5,1.0,99.5,0.0,0.0,0.0,0.0,1.0,2.0,9.99,9.99,0.0,0.0,2.0,7.0,21.66,3.27,0.0
49.5,0.0,42.0,1.0,0.0,3.0,1.0,10.0,36.0,145.66,10.25,0.0,0.0,14.0,64.0,157.51,24.16,0.5
44.5,1.0,99.5,0.0,0.0,0.0,0.0,5.0,31.0,54.22,8.66,0.0,0.0,10.0,104.0,141.52,30.22,0.0
44.5,1.0,99.5,0.0,0.0,0.0,0.0,4.0,3916.0,26.88,5.27,0.0,0.0,2.0,9.0,9.47,2.36,0.0
49.5,0.0,162.0,1.0,1.0,2.0,0.0,9.0,189.0,484.58,86.98,2.6500000000000004,1.0,21.0,294.0,754.36,102.77,0.0
29.5,0.0,137.0,1.0,1.0,3.0,1.0,12.0,15316.0,395.05,49.21,0.0,1.0,14.0,268.0,719.66,77.86,0.0
44.5,1.0,99.5,0.0,0.0,0.0,0.0,15.0,75.0,132.84,34.74,0.0,0.0,21.0,83.0,202.79,43.910000000000004,0.0
49.5,0.0,7.5,1.0,0.0,2.0,0.0,8.0,153.0,316.66,60.33,0.0,0.0,14.0,147.0,238.03,48.699999999999996,0.0
44.5,1.0,99.5,0.0,0.0,0.0,0.0,1.0,1.0,5.29,1.0,0.0,1.0,8.0,18696.0,524.67,129.18,5.25
59.5,0.0,112.0,1.0,0.0,1.0,0.0,16.0,41113.0,407.88,108.00999999999999,3.0,1.0,18.0,81432.0,632.39,114.75,3.5
44.5,1.0,99.5,0.0,0.0,0.0,0.0,6.0,28.0,102.03,7.66,0.0,0.0,1.0,7.0,33.33,1.1,0.0
44.5,1.0,99.5,0.0,0.0,0.0,0.0,30.0,717.0,1331.8,188.91,0.0,1.0,27.0,504.0,1153.68,188.07,0.0
44.5,1.0,99.5,0.0,0.0,0.0,0.0,16.0,167.0,384.81,53.7,0.0,1.0,17.0,94.0,229.11,16.44,0.0
44.5,1.0,99.5,0.0,0.0,0.0,0.0,4.0,58.0,136.57,20.85,0.0,0.0,6.0,74.0,208.08,21.99,0.0
44.5,1.0,99.5,0.0,0.0,0.0,0.0,5.0,89.0,136.44,39.43,1.75,0.0,8.0,146.0,323.01,74.03,4.95
49.5,0.0,42.0,1.0,1.0,2.0,0.0,8.0,46996.0,327.86,51.839999999999996,8.0,0.0,4.0,21140.0,192.35,31.11,0.0
44.5,1.0,99.5,0.0,0.0,0.0,0.0,6.0,79.0,159.8,29.55,0.0,1.0,12.0,12481.0,393.38,83.39,2.0
70.0,0.0,29.5,1.0,1.0,2.0,0.0,26.0,92122.0,659.4300000000001,132.95,1.0,1.0,22.0,41915.0,447.82,83.87,0.5
21.5,0.0,62.0,1.0,0.0,1.0,0.0,7.0,81.0,215.2,41.32,2.64,1.0,5.0,13035.0,238.68,39.21,1.0
44.5,1.0,99.5,0.0,0.0,0.0,0.0,1.0,11.0,20.87,1.95,0.0,0.0,0.0,0.0,0.0,0.0,0.0
44.5,1.0,99.5,0.0,0.0,0.0,0.0,3.0,10.0,37.11,3.63,0.0,1.0,3.0,14.0,62.31,4.17,0.0
44.5,1.0,99.5,0.0,0.0,0.0,0.0,20.0,14369.0,158.44,20.009999999999998,5.99,0.0,4.0,10.0,27.13,1.67,0.0
49.5,0.0,42.0,1.0,0.0,2.0,0.0,4.0,105.0,267.53000000000003,32.48,1.6,1.0,4.0,152.0,389.27,48.72,0.4
44.5,1.0,99.5,0.0,0.0,0.0,0.0,5.0,12.0,40.7,10.55,0.0,0.0,5.0,10.0,28.95,0.39,0.0
44.5,1.0,99.5,0.0,0.0,0.0,0.0,6.0,136.0,117.85,14.51,0.0,0.0,7.0,142.0,146.64000000000001,39.23,3.75
44.5,1.0,99.5,0.0,0.0,0.0,0.0,0.0,0.0,0.0,0.0,0.0,0.0,1.0,1.0,4.59,0.4,0.0
44.5,1.0,99.5,0.0,0.0,0.0,0.0,1.0,3.0,9.6,0.54,0.0,0.0,1.0,46.0,94.44,16.36,0.0
44.5,1.0,99.5,0.0,0.0,0.0,0.0,0.0,0.0,0.0,0.0,0.0,0.0,0.0,0.0,0.0,0.0,0.0
44.5,1.0,99.5,0.0,0.0,0.0,0.0,0.0,0.0,0.0,0.0,0.0,0.0,0.0,0.0,0.0,0.0,0.0
44.5,1.0,99.5,0.0,0.0,0.0,0.0,19.0,210.0,403.75,100.1,6.4,1.0,20.0,284.0,579.21,129.60999999999999,13.5
49.5,0.0,42.0,0.0,0.0,1.0,0.0,11.0,10973.0,157.95,17.31,0.0,1.0,22.0,20633.0,339.26,58.68,3.0
44.5,1.0,99.5,0.0,0.0,0.0,0.0,1.0,20.0,53.55,15.28,0.0,0.0,3.0,39.0,94.98,16.18,0.0
44.5,1.0,99.5,0.0,0.0,0.0,0.0,2.0,84.0,107.54,20.7,0.0,0.0,1.0,41.0,72.1,13.52,0.0
44.5,1.0,99.5,0.0,0.0,0.0,0.0,0.0,0.0,0.0,0.0,0.0,0.0,3.0,79.0,185.25,32.46,0.0
44.5,1.0,99.5,0.0,0.0,0.0,0.0,3.0,5.0,8.19,1.87,0.0,0.0,9.0,30.0,135.91,12.28,7.29
44.5,1.0,99.5,0.0,0.0,0.0,0.0,9.0,48.0,167.13,20.0,0.0,1.0,13.0,98.0,257.48,55.43,2.0
44.5,1.0,99.5,0.0,0.0,0.0,0.0,7.0,157.0,356.61,55.68,0.0,1.0,8.0,163.0,387.09000000000003,67.35,0.0
49.5,0.0,42.0,1.0,0.0,4.0,0.0,4.0,121.0,234.09,31.48,3.75,1.0,12.0,34288.0,378.99,75.39,0.0
29.5,0.0,62.0,0.0,0.0,1.0,0.0,4.0,30112.0,197.76,18.7,0.0,1.0,7.0,17325.0,391.36,39.36,0.75
44.5,1.0,99.5,0.0,0.0,0.0,0.0,11.0,265.0,399.56,82.99,0.0,0.0,5.0,80.0,98.32,13.16,0.0
44.5,1.0,99.5,0.0,0.0,0.0,0.0,4.0,48.0,108.8,14.719999999999999,0.0,0.0,0.0,0.0,0.0,0.0,0.0
44.5,1.0,99.5,0.0,0.0,0.0,0.0,9.0,42.0,62.57,16.37,1.0,1.0,11.0,59.0,106.4,44.37,0.0
39.5,0.0,19.5,0.0,0.0,1.0,0.0,15.0,2527.0,303.22,19.04,1.0,0.0,6.0,53.0,93.2,18.11,0.0
44.5,1.0,99.5,0.0,0.0,0.0,0.0,1.0,5.0,12.37,0.0,0.0,0.0,4.0,21.0,58.94,2.0,0.0
29.5,0.0,19.5,0.0,1.0,4.0,2.0,16.0,309.0,519.18,136.57,5.1,1.0,11.0,233.0,415.43,99.25,4.0
44.5,1.0,99.5,0.0,0.0,0.0,0.0,3.0,70.0,150.08,12.83,0.0,1.0,5.0,110.0,233.17000000000002,21.05,0.0
49.5,0.0,62.0,1.0,1.0,2.0,0.0,11.0,320.0,570.98,95.05,2.5,1.0,12.0,292.0,609.62,106.1,0.5
44.5,1.0,99.5,0.0,0.0,0.0,0.0,13.0,14183.0,509.24,146.78,0.0,0.0,14.0,5187.0,404.16,52.61,1.0
59.5,0.0,162.0,1.0,1.0,2.0,0.0,16.0,100260.0,1245.82,59.37,31.13,1.0,25.0,194273.0,1794.14,120.89,37.3
44.5,1.0,99.5,0.0,0.0,0.0,0.0,0.0,0.0,0.0,0.0,0.0,0.0,1.0,8.0,13.34,2.19,0.0
70.0,0.0,112.0,1.0,0.0,1.0,0.0,16.0,150.0,316.52,55.1,0.0,1.0,17.0,100.0,269.58,49.84,3.75
49.5,0.0,62.0,1.0,1.0,0.0,0.0,8.0,10383.0,663.67,64.66,0.0,1.0,10.0,13880.0,762.05,91.5,0.0
21.5,0.0,42.0,0.0,1.0,3.0,1.0,12.0,53.0,98.74,12.44,0.0,1.0,12.0,5530.0,191.51,39.9,0.8
44.5,1.0,99.5,0.0,0.0,0.0,0.0,1.0,29.0,75.6,20.24,0.0,0.0,3.0,34.0,71.26,8.51,0.0
39.5,0.0,42.0,0.0,1.0,3.0,1.0,12.0,214.0,355.19,61.42,0.69,1.0,13.0,277.0,551.09,53.74,0.0
39.5,0.0,62.0,1.0,1.0,2.0,0.0,7.0,105.0,234.26,27.12,11.9,1.0,20.0,208.0,446.51,78.57,15.08
44.5,1.0,99.5,0.0,0.0,0.0,0.0,9.0,13236.0,232.44,30.63,0.0,0.0,12.0,22607.0,599.59,104.45,0.0
44.5,1.0,99.5,0.0,0.0,0.0,0.0,1.0,0.0,0.0,0.0,0.0,0.0,4.0,36.0,119.45,4.73,0.0
44.5,1.0,99.5,0.0,0.0,0.0,0.0,1.0,59.0,113.08,23.56,0.0,0.0,4.0,157.0,365.29,76.44,1.0
44.5,1.0,99.5,0.0,0.0,0.0,0.0,1.0,17.0,73.99,8.89,0.0,1.0,5.0,148.0,260.92,63.78,0.0
44.5,1.0,99.5,0.0,0.0,0.0,0.0,3.0,9588.0,123.47,21.0,0.0,1.0,12.0,166.0,381.66,65.28,0.0
44.5,1.0,99.5,0.0,0.0,0.0,0.0,14.0,91.0,213.46,40.84,0.35,1.0,19.0,124.0,301.13,45.14,0.0
29.5,0.0,42.0,1.0,0.0,3.0,2.0,10.0,331.0,652.7,124.01,4.5,1.0,9.0,560.0,1004.32,225.78,4.7
44.5,1.0,99.5,0.0,0.0,0.0,0.0,3.0,115.0,162.82,44.15,0.0,0.0,1.0,37.0,64.69,9.12,0.0
39.5,0.0,19.5,0.0,0.0,1.0,0.0,19.0,146268.0,800.25,132.99,7.25,1.0,10.0,101946.0,556.58,94.27,105.93
44.5,1.0,99.5,0.0,0.0,0.0,0.0,12.0,13740.0,292.34,42.53,0.0,0.0,5.0,78.0,172.93,18.34,0.0
44.5,1.0,99.5,0.0,0.0,0.0,0.0,1.0,8.0,23.740000000000002,2.38,0.0,0.0,1.0,1.0,2.19,0.5,0.0
44.5,1.0,99.5,0.0,0.0,0.0,0.0,0.0,0.0,0.0,0.0,0.0,0.0,0.0,0.0,0.0,0.0,0.0
49.5,0.0,42.0,1.0,1.0,2.0,0.0,15.0,228.0,475.95,66.28,8.75,1.0,11.0,113.0,240.82,36.94,0.0
44.5,1.0,99.5,0.0,0.0,0.0,0.0,5.0,137.0,191.52,52.07,5.5,0.0,10.0,8611.0,352.31,68.15,2.35
44.5,1.0,99.5,0.0,0.0,0.0,0.0,16.0,11195.0,893.36,120.21,0.0,1.0,20.0,351.0,873.11,126.88,0.55
44.5,1.0,99.5,0.0,0.0,0.0,0.0,0.0,0.0,0.0,0.0,0.0,0.0,0.0,0.0,0.0,0.0,0.0
44.5,1.0,99.5,0.0,0.0,0.0,0.0,6.0,72.0,170.82,23.75,0.0,0.0,2.0,31.0,64.83,13.76,1.0
39.5,0.0,42.0,1.0,0.0,1.0,0.0,12.0,17999.0,354.73,62.02,0.0,1.0,12.0,36048.0,430.44,34.8,0.0
44.5,1.0,99.5,0.0,0.0,0.0,0.0,10.0,10596.0,155.26,17.16,0.0,1.0,17.0,158.0,247.23,36.08,0.0
44.5,1.0,99.5,0.0,0.0,0.0,0.0,0.0,0.0,0.0,0.0,0.0,0.0,1.0,11.0,50.62,4.63,0.0
44.5,1.0,99.5,0.0,0.0,0.0,0.0,3.0,43.0,110.29,16.05,4.7,0.0,11.0,53.0,137.01,36.83,7.95
44.5,1.0,99.5,0.0,0.0,0.0,0.0,7.0,34.0,116.26,10.47,0.0,0.0,14.0,175.0,529.19,120.36,0.0
59.5,0.0,62.0,1.0,1.0,2.0,1.0,6.0,19496.0,402.44,83.72,0.0,1.0,8.0,7718.0,661.62,148.22,1.1500000000000001
44.5,1.0,99.5,0.0,0.0,0.0,0.0,3.0,50.0,82.69,26.15,0.0,0.0,5.0,5045.0,124.03,18.91,0.0
70.0,0.0,7.5,1.0,0.0,1.0,0.0,9.0,154.0,492.83,100.85,0.4,1.0,14.0,239.0,828.69,114.45,11.9
44.5,1.0,99.5,0.0,0.0,0.0,0.0,14.0,61672.0,510.22,102.32000000000001,0.0,1.0,6.0,108.0,212.13,40.7,1.5
44.5,1.0,99.5,0.0,0.0,0.0,0.0,0.0,0.0,0.0,0.0,0.0,0.0,0.0,0.0,0.0,0.0,0.0
39.5,0.0,29.5,0.0,0.0,1.0,0.0,47.0,60767.0,960.38,121.24,6.5,1.0,33.0,43873.0,807.82,89.59,5.4
44.5,1.0,99.5,0.0,0.0,0.0,0.0,3.0,11.0,10.46,1.49,0.0,0.0,4.0,12.0,37.62,4.510000000000001,0.0
29.5,0.0,42.0,0.0,0.0,2.0,0.0,7.0,104.0,312.14,44.13,0.0,1.0,11.0,138.0,382.59000000000003,42.45,1.99
44.5,1.0,99.5,0.0,0.0,0.0,0.0,3.0,15406.0,79.49000000000001,3.19,0.0,1.0,13.0,52634.0,361.86,24.98,0.0
44.5,1.0,99.5,0.0,0.0,0.0,0.0,12.0,201.0,471.34,74.87,9.780000000000001,1.0,16.0,292.0,780.15,122.83,5.5
44.5,1.0,99.5,0.0,0.0,0.0,0.0,2.0,42.0,52.17,14.11,0.0,0.0,2.0,59.0,107.35,49.4,0.0
44.5,1.0,99.5,0.0,0.0,0.0,0.0,2.0,15.0,30.14,9.31,2.0,1.0,4.0,92.0,146.97,26.75,0.0
29.5,0.0,42.0,0.0,0.0,1.0,0.0,9.0,100.0,201.02,76.1,0.0,0.0,8.0,66.0,166.17000000000002,35.870000000000005,0.0
44.5,1.0,99.5,0.0,0.0,0.0,0.0,9.0,161.0,380.24,45.27,0.0,0.0,14.0,162.0,375.66,60.92,0.0
44.5,1.0,99.5,0.0,0.0,0.0,0.0,0.0,0.0,0.0,0.0,0.0,0.0,5.0,72.0,178.04,14.53,0.0
44.5,1.0,99.5,0.0,0.0,0.0,0.0,4.0,27.0,64.7,3.49,0.0,0.0,1.0,23.0,81.15,10.83,0.0
44.5,1.0,99.5,0.0,0.0,0.0,0.0,5.0,79.0,132.97,54.39,0.75,0.0,11.0,5569.0,295.37,94.91,3.74
21.5,0.0,42.0,0.0,0.0,1.0,0.0,21.0,33470.0,581.24,92.15,0.0,1.0,28.0,294.0,569.23,115.6,0.0
39.5,0.0,29.5,0.0,0.0,1.0,0.0,17.0,177.0,497.27,61.9,0.0,1.0,15.0,351.0,868.47,163.48,0.0
44.5,1.0,99.5,0.0,0.0,0.0,0.0,0.0,0.0,0.0,0.0,0.0,0.0,0.0,0.0,0.0,0.0,0.0
44.5,1.0,99.5,0.0,0.0,0.0,0.0,7.0,69.0,165.77,33.11,0.0,0.0,14.0,197.0,426.36,92.42,0.0
29.5,0.0,62.0,1.0,1.0,0.0,0.0,7.0,13948.0,408.68,156.67,16.45,0.0,5.0,34842.0,250.7,66.24,24.0
44.5,1.0,99.5,0.0,0.0,0.0,0.0,0.0,0.0,0.0,0.0,0.0,1.0,6.0,100.0,256.47,40.120000000000005,0.0
44.5,1.0,99.5,0.0,0.0,0.0,0.0,0.0,0.0,0.0,0.0,0.0,0.0,0.0,0.0,0.0,0.0,0.0
44.5,1.0,99.5,0.0,0.0,0.0,0.0,9.0,45.0,101.97,27.18,0.5,0.0,8.0,15736.0,92.68,11.53,0.0
49.5,0.0,29.5,1.0,1.0,2.0,0.0,11.0,261.0,667.83,94.03,1.0,1.0,24.0,492.0,1223.05,206.31,5.49
44.5,1.0,99.5,0.0,0.0,0.0,0.0,0.0,0.0,0.0,0.0,0.0,0.0,0.0,0.0,0.0,0.0,0.0
44.5,1.0,99.5,0.0,0.0,0.0,0.0,0.0,0.0,0.0,0.0,0.0,0.0,0.0,0.0,0.0,0.0,0.0
44.5,1.0,99.5,0.0,0.0,0.0,0.0,4.0,24.0,36.230000000000004,2.48,0.0,0.0,5.0,12556.0,110.22,3.97,0.0
44.5,1.0,99.5,0.0,0.0,0.0,0.0,0.0,0.0,0.0,0.0,0.0,0.0,0.0,0.0,0.0,0.0,0.0
44.5,1.0,99.5,0.0,0.0,0.0,0.0,3.0,39.0,81.2,4.43,0.0,0.0,5.0,53.0,213.19,12.14,1.0
39.5,0.0,29.5,0.0,0.0,1.0,0.0,26.0,256.0,310.91,118.24,2.5,1.0,27.0,276.0,312.53,95.44,0.5
44.5,1.0,99.5,0.0,0.0,0.0,0.0,6.0,20.0,50.51,7.470000000000001,0.0,0.0,2.0,9.0,20.12,1.5999999999999999,0.0
49.5,0.0,62.0,1.0,1.0,2.0,0.0,4.0,160.0,485.26,130.55,1.0,0.0,8.0,260.0,705.04,168.82,0.0
44.5,1.0,99.5,0.0,0.0,0.0,0.0,2.0,4553.0,21.42,1.39,0.0,0.0,4.0,55.0,94.94,27.07,0.0
44.5,1.0,99.5,0.0,0.0,0.0,0.0,0.0,0.0,0.0,0.0,0.0,0.0,2.0,36.0,129.78,12.66,0.0
44.5,1.0,99.5,0.0,0.0,0.0,0.0,0.0,0.0,0.0,0.0,0.0,0.0,0.0,0.0,0.0,0.0,0.0
44.5,1.0,99.5,0.0,0.0,0.0,0.0,6.0,22.0,58.67,5.89,0.0,0.0,11.0,9356.0,374.26,84.64,0.0
44.5,1.0,99.5,0.0,0.0,0.0,0.0,3.0,58.0,153.34,46.82,5.0,1.0,6.0,153.0,455.1,49.39,5.0
44.5,1.0,99.5,0.0,0.0,0.0,0.0,13.0,34541.0,185.14000000000001,19.62,0.0,0.0,20.0,24208.0,336.97,34.54,1.0
44.5,1.0,99.5,0.0,0.0,0.0,0.0,9.0,21022.0,345.09999999999997,37.1,0.0,0.0,14.0,23114.0,381.49,41.48,2.0
44.5,1.0,99.5,0.0,0.0,0.0,0.0,16.0,191.0,473.64,90.0,21.7,1.0,21.0,183.0,519.9300000000001,73.39,1.1
44.5,1.0,99.5,0.0,0.0,0.0,0.0,4.0,19.0,37.64,20.21,0.0,0.0,5.0,94.0,151.93,64.43,0.0
29.5,0.0,137.0,1.0,1.0,0.0,0.0,25.0,82893.0,1435.0,255.88,26.54,0.0,22.0,67835.0,1171.89,236.96,9.0
44.5,1.0,99.5,0.0,0.0,0.0,0.0,4.0,83.0,200.24,36.56,0.0,0.0,3.0,68.0,185.86,43.67,2.25
29.5,0.0,112.0,1.0,1.0,2.0,0.0,19.0,122.0,388.8,21.96,2.89,0.0,17.0,141.0,423.26,49.93,0.0
59.5,0.0,187.0,1.0,1.0,2.0,0.0,9.0,145.0,390.39,56.730000000000004,0.0,1.0,13.0,207.0,655.42,64.69,2.0
39.5,0.0,62.0,1.0,1.0,2.0,0.0,8.0,22129.0,384.38,62.42,0.2,1.0,10.0,30440.0,557.9,110.02,0.35
44.5,1.0,99.5,0.0,0.0,0.0,0.0,2.0,11.0,36.09,4.42,0.0,0.0,0.0,0.0,0.0,0.0,0.0
44.5,1.0,99.5,0.0,0.0,0.0,0.0,1.0,3.0,10.27,1.4,0.0,0.0,1.0,4.0,15.870000000000001,1.19,0.0
44.5,1.0,99.5,0.0,0.0,0.0,0.0,8.0,244.0,582.67,114.44,2.0,0.0,13.0,199.0,476.63,99.57,0.35
44.5,1.0,99.5,0.0,0.0,0.0,0.0,22.0,227.0,481.12,101.13,4.0,1.0,25.0,188.0,444.82,69.89,13.0
44.5,1.0,99.5,0.0,0.0,0.0,0.0,2.0,35.0,46.53,10.17,0.0,1.0,3.0,24.0,41.16,15.11,0.35
44.5,1.0,99.5,0.0,0.0,0.0,0.0,4.0,14.0,85.12,6.54,0.0,0.0,2.0,6.0,13.25,2.69,0.0
44.5,1.0,99.5,0.0,0.0,0.0,0.0,8.0,84.0,240.12,23.73,3.05,1.0,6.0,73.0,227.26999999999998,16.68,9.05
44.5,1.0,99.5,0.0,0.0,0.0,0.0,0.0,0.0,0.0,0.0,0.0,0.0,3.0,53.0,76.82,9.26,0.0
44.5,1.0,99.5,0.0,0.0,0.0,0.0,5.0,13933.0,65.89,0.01,0.0,0.0,11.0,23408.0,183.03,6.4399999999999995,0.0
44.5,1.0,99.5,0.0,0.0,0.0,0.0,3.0,19.0,33.88,3.6100000000000003,0.0,0.0,4.0,26.0,51.35,2.08,0.0
44.5,1.0,99.5,0.0,0.0,0.0,0.0,1.0,17.0,25.27,10.83,0.0,0.0,2.0,78.0,157.61,51.68,0.0
70.0,0.0,87.0,1.0,1.0,2.0,0.0,16.0,19894.0,520.55,65.16,8.92,1.0,20.0,46144.0,927.75,106.42999999999999,1.75
44.5,1.0,99.5,0.0,0.0,0.0,0.0,8.0,131.0,274.66,52.52,0.0,1.0,4.0,126.0,257.12,23.41,0.0
39.5,0.0,29.5,0.0,0.0,1.0,0.0,13.0,220.0,366.73,79.86,2.19,1.0,20.0,13136.0,465.43,114.18,0.0
44.5,1.0,99.5,0.0,0.0,0.0,0.0,7.0,12170.0,134.91,17.19,2.99,0.0,13.0,151.0,331.6,66.42,7.28
44.5,1.0,99.5,0.0,0.0,0.0,0.0,9.0,121.0,251.25,35.15,1.5,1.0,11.0,175.0,351.23,114.58,2.0
49.5,0.0,62.0,1.0,1.0,2.0,0.0,5.0,181.0,392.31,60.96,1.0,1.0,8.0,171.0,299.41,55.13,0.0
49.5,0.0,87.0,0.0,1.0,2.0,1.0,9.0,11939.0,308.61,22.85,0.0,1.0,14.0,44336.0,636.7,85.6,0.59
39.5,0.0,62.0,1.0,0.0,1.0,0.0,13.0,325.0,600.9,122.84,0.0,1.0,14.0,121.0,216.9,47.7,0.0
49.5,0.0,42.0,0.0,0.0,2.0,0.0,13.0,27324.0,411.67,73.42,10.5,1.0,10.0,18154.0,308.42,64.94,0.0
39.5,0.0,7.5,0.0,1.0,2.0,1.0,21.0,275.0,655.61,144.2,0.0,1.0,22.0,256.0,614.5,95.56,0.0
44.5,1.0,99.5,0.0,0.0,0.0,0.0,0.0,0.0,0.0,0.0,0.0,0.0,4.0,108.0,214.59,50.21,0.0
29.5,0.0,42.0,1.0,1.0,3.0,1.0,18.0,180.0,423.59000000000003,50.69,0.0,1.0,18.0,5245.0,584.66,77.92,0.0
44.5,1.0,99.5,0.0,0.0,0.0,0.0,0.0,0.0,0.0,0.0,0.0,0.0,3.0,89.0,166.76,34.2,0.0
44.5,1.0,99.5,0.0,0.0,0.0,0.0,2.0,13.0,39.78,5.83,0.0,0.0,2.0,6.0,13.420000000000002,2.23,0.0
44.5,1.0,99.5,0.0,0.0,0.0,0.0,0.0,0.0,0.0,0.0,0.0,0.0,10.0,147.0,243.23,65.85,0.0
44.5,1.0,99.5,0.0,0.0,0.0,0.0,0.0,0.0,0.0,0.0,0.0,0.0,7.0,4604.0,595.09,78.45,2.0
44.5,1.0,99.5,0.0,0.0,0.0,0.0,4.0,125.0,258.47,45.54,0.0,0.0,5.0,207.0,463.31,106.37,0.0
44.5,1.0,99.5,0.0,0.0,0.0,0.0,0.0,0.0,0.0,0.0,0.0,0.0,4.0,39.0,97.0,14.92,0.0
44.5,1.0,99.5,0.0,0.0,0.0,0.0,5.0,30.0,40.68,7.36,0.0,0.0,12.0,97.0,145.55,26.34,0.0
44.5,1.0,99.5,0.0,0.0,0.0,0.0,0.0,0.0,0.0,0.0,0.0,0.0,1.0,1.0,4.19,0.5,0.0
49.5,0.0,42.0,1.0,1.0,0.0,0.0,21.0,8593.0,721.36,155.26,7.93,1.0,30.0,55658.0,1187.86,191.05,3.2
44.5,1.0,99.5,0.0,0.0,0.0,0.0,4.0,190.0,379.25,53.86,0.0,0.0,3.0,50.0,73.81,8.24,2.0
44.5,1.0,99.5,0.0,0.0,0.0,0.0,2.0,10.0,17.58,9.32,0.0,0.0,2.0,38.0,109.44,10.92,0.0
44.5,1.0,99.5,0.0,0.0,0.0,0.0,7.0,72.0,187.55,26.669999999999998,0.0,1.0,8.0,10103.0,302.88,57.620000000000005,0.0
44.5,1.0,99.5,0.0,0.0,0.0,0.0,4.0,54.0,81.61,20.919999999999998,0.0,0.0,3.0,71.0,163.29,39.2,0.0
44.5,1.0,99.5,0.0,0.0,0.0,0.0,2.0,5.0,13.97,0.5,0.0,0.0,0.0,0.0,0.0,0.0,0.0
44.5,1.0,99.5,0.0,0.0,0.0,0.0,4.0,16.0,29.3,1.69,0.0,0.0,3.0,6.0,21.520000000000003,1.24,0.0
44.5,1.0,99.5,0.0,0.0,0.0,0.0,9.0,9613.0,276.88,55.22,0.0,0.0,7.0,124.0,185.92,34.77,0.0
44.5,1.0,99.5,0.0,0.0,0.0,0.0,0.0,0.0,0.0,0.0,0.0,0.0,0.0,0.0,0.0,0.0,0.0
44.5,1.0,99.5,0.0,0.0,0.0,0.0,19.0,249.0,518.25,90.55,4.05,1.0,16.0,2437.0,541.0600000000001,125.77,2.8
44.5,1.0,99.5,0.0,0.0,0.0,0.0,1.0,30.0,56.36,6.18,0.0,0.0,1.0,3.0,13.49,2.18,0.0
44.5,1.0,99.5,0.0,0.0,0.0,0.0,4.0,67.0,117.7,11.2,0.0,0.0,0.0,0.0,0.0,0.0,0.0
44.5,1.0,99.5,0.0,0.0,0.0,0.0,6.0,124.0,194.42000000000002,34.11,0.0,0.0,1.0,14.0,26.810000000000002,1.6800000000000002,0.0
44.5,1.0,99.5,0.0,0.0,0.0,0.0,7.0,29199.0,293.72,51.06,0.0,1.0,4.0,9088.0,247.15,65.94,13.0
44.5,1.0,99.5,0.0,0.0,0.0,0.0,4.0,17319.0,55.26,4.3100000000000005,0.0,0.0,3.0,44.0,106.11,31.07,0.0
44.5,1.0,99.5,0.0,0.0,0.0,0.0,1.0,2.0,2.0,1.58,0.0,0.0,1.0,2.0,2.7800000000000002,0.5,0.0
44.5,1.0,99.5,0.0,0.0,0.0,0.0,0.0,0.0,0.0,0.0,0.0,0.0,5.0,26.0,51.32,2.8899999999999997,0.0
44.5,1.0,99.5,0.0,0.0,0.0,0.0,5.0,4441.0,44.63,4.4,0.0,0.0,2.0,5.0,6.65,1.62,0.0
44.5,1.0,99.5,0.0,0.0,0.0,0.0,2.0,13.0,29.86,7.7,0.0,0.0,2.0,19.0,35.31,5.86,0.0
44.5,1.0,99.5,0.0,0.0,0.0,0.0,3.0,9.0,19.93,1.38,0.0,0.0,5.0,28.0,70.81,15.059999999999999,3.33
44.5,1.0,99.5,0.0,0.0,0.0,0.0,1.0,7.0,36.25,0.26,0.0,0.0,1.0,7.0,14.2,0.0,0.0
49.5,0.0,42.0,0.0,0.0,2.0,0.0,6.0,271.0,478.62,119.96,0.0,1.0,21.0,354.0,681.7,137.87,19.02
44.5,1.0,99.5,0.0,0.0,0.0,0.0,2.0,44.0,89.08,16.63,0.0,0.0,6.0,179.0,421.06,86.36,2.5
44.5,1.0,99.5,0.0,0.0,0.0,0.0,0.0,0.0,0.0,0.0,0.0,0.0,1.0,1.0,1.0,0.0,0.0
44.5,1.0,99.5,0.0,0.0,0.0,0.0,2.0,2.0,19.02,1.23,0.0,0.0,1.0,9.0,12.27,0.9,0.0
29.5,0.0,42.0,0.0,0.0,1.0,0.0,15.0,44936.0,429.5,24.95,0.0,1.0,22.0,27954.0,720.18,85.85,0.0
44.5,1.0,99.5,0.0,0.0,0.0,0.0,4.0,84.0,112.43,18.35,0.0,0.0,2.0,20.0,41.99,4.78,0.0
44.5,1.0,99.5,0.0,0.0,0.0,0.0,3.0,39.0,74.99,16.88,10.99,0.0,7.0,13869.0,233.87,63.230000000000004,0.0
44.5,1.0,99.5,0.0,0.0,0.0,0.0,2.0,17.0,36.54,4.529999999999999,0.0,0.0,3.0,10.0,26.66,3.98,0.0
44.5,1.0,99.5,0.0,0.0,0.0,0.0,4.0,9374.0,88.41,35.41,0.0,0.0,2.0,9537.0,59.26,4.51,0.0
44.5,1.0,99.5,0.0,0.0,0.0,0.0,2.0,24.0,59.74,12.56,2.35,0.0,6.0,7332.0,209.53,45.74,2.35
44.5,1.0,99.5,0.0,0.0,0.0,0.0,9.0,113.0,184.01,28.1,0.0,0.0,6.0,32.0,65.42,6.42,0.0
44.5,1.0,99.5,0.0,0.0,0.0,0.0,3.0,16.0,28.39,5.71,0.0,0.0,7.0,73.0,198.68,29.83,0.0
44.5,1.0,99.5,0.0,0.0,0.0,0.0,0.0,0.0,0.0,0.0,0.0,0.0,0.0,0.0,0.0,0.0,0.0
44.5,1.0,99.5,0.0,0.0,0.0,0.0,0.0,0.0,0.0,0.0,0.0,0.0,1.0,11.0,21.22,1.5899999999999999,0.0
44.5,1.0,99.5,0.0,0.0,0.0,0.0,5.0,63.0,175.89,37.94,0.4,0.0,3.0,14.0,33.76,6.52,0.0
44.5,1.0,99.5,0.0,0.0,0.0,0.0,1.0,5.0,20.96,7.29,0.0,0.0,1.0,32.0,88.05,3.92,0.0
44.5,1.0,99.5,0.0,0.0,0.0,0.0,7.0,132.0,168.15,51.949999999999996,0.0,0.0,6.0,68.0,133.39,38.94,0.0
44.5,1.0,99.5,0.0,0.0,0.0,0.0,1.0,2.0,4.0,0.98,0.0,0.0,4.0,31.0,73.26,18.45,0.0
44.5,1.0,99.5,0.0,0.0,0.0,0.0,2.0,4.0,18.97,0.29,0.0,0.0,3.0,47.0,178.03,25.36,0.0
44.5,1.0,99.5,0.0,0.0,0.0,0.0,10.0,102.0,144.91,34.24,0.0,0.0,6.0,65.0,113.6,36.32,0.0
44.5,1.0,99.5,0.0,0.0,0.0,0.0,1.0,5.0,7.51,2.13,0.0,0.0,10.0,63.0,153.27,60.6,0.0
44.5,1.0,99.5,0.0,0.0,0.0,0.0,0.0,0.0,0.0,0.0,0.0,0.0,0.0,0.0,0.0,0.0,0.0
44.5,1.0,99.5,0.0,0.0,0.0,0.0,7.0,57.0,108.52,27.58,0.0,1.0,10.0,105.0,193.9,48.83,1.0
44.5,1.0,99.5,0.0,0.0,0.0,0.0,0.0,0.0,0.0,0.0,0.0,0.0,0.0,0.0,0.0,0.0,0.0
44.5,1.0,99.5,0.0,0.0,0.0,0.0,1.0,8.0,19.66,1.88,0.0,0.0,6.0,85.0,243.16,43.58,0.0
44.5,1.0,99.5,0.0,0.0,0.0,0.0,6.0,78.0,236.59,22.68,0.0,1.0,9.0,156.0,387.58,32.04,0.0
39.5,0.0,162.0,1.0,0.0,1.0,0.0,7.0,42.0,94.39,7.34,0.0,0.0,8.0,13265.0,280.02,61.01,0.0
44.5,1.0,99.5,0.0,0.0,0.0,0.0,2.0,20.0,66.47,5.66,0.0,0.0,4.0,37.0,101.78,19.55,0.0
44.5,1.0,99.5,0.0,0.0,0.0,0.0,4.0,12574.0,92.57,2.33,0.0,0.0,1.0,2.0,6.38,0.5,0.0
44.5,1.0,99.5,0.0,0.0,0.0,0.0,3.0,46.0,64.21,13.66,0.0,0.0,5.0,73.0,177.17,24.12,0.0
44.5,1.0,99.5,0.0,0.0,0.0,0.0,0.0,0.0,0.0,0.0,0.0,0.0,3.0,9276.0,39.11,1.53,0.0
44.5,1.0,99.5,0.0,0.0,0.0,0.0,1.0,48.0,53.29,14.36,0.0,0.0,1.0,5.0,9.19,5.0600000000000005,0.0
44.5,1.0,99.5,0.0,0.0,0.0,0.0,2.0,55.0,120.81,23.09,0.0,0.0,1.0,56.0,109.48,21.09,0.0
44.5,1.0,99.5,0.0,0.0,0.0,0.0,3.0,52.0,137.75,33.1,0.0,0.0,1.0,112.0,214.21,36.29,0.0
44.5,1.0,99.5,0.0,0.0,0.0,0.0,6.0,28.0,79.18,6.62,0.0,0.0,1.0,5.0,9.3,0.29,0.0
44.5,1.0,99.5,0.0,0.0,0.0,0.0,4.0,35.0,71.17,14.219999999999999,3.15,0.0,3.0,50.0,89.14999999999999,22.16,3.55
44.5,1.0,99.5,0.0,0.0,0.0,0.0,1.0,1.0,0.89,0.0,0.0,1.0,3.0,15.0,28.189999999999998,18.69,0.0
44.5,1.0,99.5,0.0,0.0,0.0,0.0,6.0,27.0,82.65,11.799999999999999,0.0,1.0,1.0,5.0,17.91,1.65,0.0
44.5,1.0,99.5,0.0,0.0,0.0,0.0,5.0,50.0,112.08,5.9,0.0,0.0,4.0,32.0,84.17,3.21,0.0
44.5,1.0,99.5,0.0,0.0,0.0,0.0,0.0,0.0,0.0,0.0,0.0,0.0,1.0,30.0,26.84,13.67,0.0
49.5,0.0,162.0,1.0,0.0,2.0,0.0,7.0,282.0,767.1,170.01,11.9,1.0,11.0,321.0,820.11,142.39000000000001,12.95
44.5,1.0,99.5,0.0,0.0,0.0,0.0,8.0,208.0,345.92,82.03,1.29,0.0,7.0,275.0,400.77,120.02,2.0
44.5,1.0,99.5,0.0,0.0,0.0,0.0,2.0,27.0,78.66,5.93,0.0,0.0,1.0,8.0,15.51,1.9000000000000001,0.0
44.5,1.0,99.5,0.0,0.0,0.0,0.0,2.0,19.0,40.42,12.1,0.0,0.0,1.0,5.0,4.87,2.88,0.0
44.5,1.0,99.5,0.0,0.0,0.0,0.0,11.0,87.0,291.96,33.79,0.0,0.0,8.0,367.0,895.27,142.67,0.0
44.5,1.0,99.5,0.0,0.0,0.0,0.0,2.0,47.0,162.63,23.41,1.0,0.0,2.0,101.0,343.68,36.53,7.3
44.5,1.0,99.5,0.0,0.0,0.0,0.0,1.0,29.0,52.15,18.14,0.0,0.0,5.0,110.0,272.1,57.38,0.0
44.5,1.0,99.5,0.0,0.0,0.0,0.0,3.0,11.0,17.28,10.57,0.0,0.0,0.0,0.0,0.0,0.0,0.0
44.5,1.0,99.5,0.0,0.0,0.0,0.0,4.0,29.0,28.24,31.78,0.0,0.0,1.0,1.0,1.99,0.5,0.0
44.5,1.0,99.5,0.0,0.0,0.0,0.0,3.0,47.0,103.34,15.89,0.0,0.0,6.0,28.0,42.85,7.35,0.0
44.5,1.0,99.5,0.0,0.0,0.0,0.0,1.0,3.0,3.0,0.96,0.0,0.0,0.0,0.0,0.0,0.0,0.0
44.5,1.0,99.5,0.0,0.0,0.0,0.0,3.0,26.0,67.24,14.48,0.0,0.0,5.0,86.0,223.18,67.25,0.0
44.5,1.0,99.5,0.0,0.0,0.0,0.0,1.0,8.0,15.34,0.98,0.0,0.0,1.0,6.0,11.959999999999999,2.7800000000000002,0.0
44.5,1.0,99.5,0.0,0.0,0.0,0.0,5.0,154.0,212.87,35.67,0.0,0.0,4.0,62.0,97.66,26.42,4.5
44.5,1.0,99.5,0.0,0.0,0.0,0.0,4.0,23.0,34.8,6.76,0.0,0.0,3.0,33.0,64.58,9.65,0.0
49.5,0.0,162.0,1.0,0.0,2.0,0.0,5.0,240.0,871.0,96.52,0.75,0.0,7.0,14355.0,724.21,83.55,4.19
44.5,1.0,99.5,0.0,0.0,0.0,0.0,8.0,13734.0,209.16,35.06,2.0,1.0,10.0,2476.0,127.6,20.58,0.0
29.5,0.0,62.0,1.0,1.0,2.0,0.0,10.0,288.0,881.78,117.48,8.0,1.0,15.0,340.0,1194.01,209.77,5.1
44.5,1.0,99.5,0.0,0.0,0.0,0.0,4.0,78.0,182.62,30.8,1.0,1.0,8.0,105.0,224.02,65.14,0.0
44.5,1.0,99.5,0.0,0.0,0.0,0.0,7.0,38.0,99.46000000000001,17.37,0.0,0.0,5.0,22.0,75.09,2.7,0.0
44.5,1.0,99.5,0.0,0.0,0.0,0.0,0.0,0.0,0.0,0.0,0.0,0.0,0.0,0.0,0.0,0.0,0.0
70.0,0.0,42.0,1.0,0.0,1.0,0.0,3.0,225.0,617.57,89.28999999999999,0.0,1.0,3.0,128.0,379.82,52.48,0.0
44.5,1.0,99.5,0.0,0.0,0.0,0.0,9.0,30.0,108.31,20.83,0.0,0.0,10.0,39.0,89.52,10.38,0.0
44.5,1.0,99.5,0.0,0.0,0.0,0.0,1.0,8.0,13.49,4.88,0.0,0.0,11.0,101.0,190.71,41.33,0.0
44.5,1.0,99.5,0.0,0.0,0.0,0.0,15.0,98.0,206.28,39.51,0.0,1.0,15.0,35.0,55.84,10.09,0.0
49.5,0.0,62.0,0.0,0.0,2.0,0.0,22.0,84.0,196.85,42.01,4.5,1.0,37.0,198.0,424.4,78.59,9.44
44.5,1.0,99.5,0.0,0.0,0.0,0.0,2.0,15.0,49.5,6.2,0.0,0.0,5.0,42.0,122.94,18.25,0.0
44.5,1.0,99.5,0.0,0.0,0.0,0.0,5.0,40704.0,137.97,9.58,0.0,0.0,12.0,70303.0,188.81,5.77,0.0
44.5,1.0,99.5,0.0,0.0,0.0,0.0,1.0,5.0,1.0,0.0,0.0,0.0,2.0,9.0,26.340000000000003,29.580000000000002,0.0
44.5,1.0,99.5,0.0,0.0,0.0,0.0,8.0,270.0,699.03,74.53,0.0,0.0,7.0,308.0,876.44,108.67,0.0
44.5,1.0,99.5,0.0,0.0,0.0,0.0,10.0,107.0,301.72,40.43,0.0,0.0,6.0,23.0,55.49,2.73,0.0
44.5,1.0,99.5,0.0,0.0,0.0,0.0,9.0,161.0,302.6,76.78999999999999,0.0,0.0,6.0,54.0,124.89,12.89,0.0
44.5,1.0,99.5,0.0,0.0,0.0,0.0,0.0,0.0,0.0,0.0,0.0,1.0,2.0,14.0,24.299999999999997,0.6299999999999999,0.0
44.5,1.0,99.5,0.0,0.0,0.0,0.0,1.0,8.0,6.71,1.29,0.0,0.0,1.0,3.0,3.0,1.87,0.0
44.5,1.0,99.5,0.0,0.0,0.0,0.0,3.0,76.0,152.25,22.62,0.0,0.0,6.0,102.0,218.11,42.57,2.0
44.5,1.0,99.5,0.0,0.0,0.0,0.0,4.0,4593.0,58.04,15.73,0.0,0.0,9.0,36.0,87.13,11.47,1.0
44.5,1.0,99.5,0.0,0.0,0.0,0.0,1.0,1.0,0.34,0.26,0.0,0.0,1.0,1.0,3.99,0.0,0.0
44.5,1.0,99.5,0.0,0.0,0.0,0.0,1.0,42.0,128.72,13.33,0.35,0.0,2.0,19626.0,88.95,10.05,0.0
44.5,1.0,99.5,0.0,0.0,0.0,0.0,4.0,28.0,83.92,32.5,0.0,0.0,4.0,12.0,53.49,0.59,2.5
44.5,1.0,99.5,0.0,0.0,0.0,0.0,2.0,21.0,82.47,11.17,0.0,0.0,1.0,2.0,18.65,0.0,0.0
44.5,1.0,99.5,0.0,0.0,0.0,0.0,31.0,352.0,694.29,90.13,0.0,1.0,38.0,417.0,711.51,92.98,0.0
44.5,1.0,99.5,0.0,0.0,0.0,0.0,6.0,46.0,89.65,13.69,0.0,0.0,5.0,26.0,55.85,19.47,0.0
44.5,1.0,99.5,0.0,0.0,0.0,0.0,3.0,48.0,88.5,12.62,0.0,0.0,5.0,99.0,256.28000000000003,22.94,0.0
44.5,1.0,99.5,0.0,0.0,0.0,0.0,10.0,33.0,97.81,8.0,0.0,0.0,1.0,2.0,2.24,1.15,0.0
44.5,1.0,99.5,0.0,0.0,0.0,0.0,3.0,65.0,145.96,31.509999999999998,0.0,1.0,4.0,51.0,120.21000000000001,14.0,0.0
44.5,1.0,99.5,0.0,0.0,0.0,0.0,6.0,45.0,133.27,14.42,0.0,0.0,2.0,4.0,18.1,1.69,0.0
44.5,1.0,99.5,0.0,0.0,0.0,0.0,1.0,3.0,4.58,2.59,0.0,0.0,10.0,114.0,227.85,54.82,0.0
44.5,1.0,99.5,0.0,0.0,0.0,0.0,4.0,33.0,44.22,14.06,0.0,0.0,6.0,60.0,142.93,45.69,0.0
44.5,1.0,99.5,0.0,0.0,0.0,0.0,1.0,1.0,8.49,0.0,0.0,1.0,0.0,0.0,0.0,0.0,0.0
44.5,1.0,99.5,0.0,0.0,0.0,0.0,2.0,26.0,50.480000000000004,8.6,0.0,1.0,6.0,55.0,133.52,15.63,0.0
44.5,1.0,99.5,0.0,0.0,0.0,0.0,0.0,0.0,0.0,0.0,0.0,0.0,0.0,0.0,0.0,0.0,0.0
39.5,0.0,87.0,1.0,1.0,4.0,2.0,7.0,15198.0,245.75,91.48,2.75,0.0,9.0,144.0,264.87,75.06,2.15
44.5,1.0,99.5,0.0,0.0,0.0,0.0,1.0,7.0,16.58,1.05,0.0,0.0,3.0,9.0,46.72,7.4,0.0
44.5,1.0,99.5,0.0,0.0,0.0,0.0,7.0,2874.0,43.19,5.18,0.0,0.0,1.0,1.0,3.99,0.0,0.0
44.5,1.0,99.5,0.0,0.0,0.0,0.0,6.0,49.0,136.75,17.3,0.0,0.0,10.0,109.0,200.39,37.15,0.0
44.5,1.0,99.5,0.0,0.0,0.0,0.0,5.0,4600.0,258.81,66.75,0.0,0.0,1.0,16.0,42.730000000000004,9.76,0.0
44.5,1.0,99.5,0.0,0.0,0.0,0.0,2.0,22578.0,193.34,19.52,5.75,0.0,3.0,13062.0,70.39,5.57,0.0
44.5,1.0,99.5,0.0,0.0,0.0,0.0,1.0,4.0,5.16,0.0,0.0,0.0,3.0,88.0,201.73,52.01,2.75
44.5,1.0,99.5,0.0,0.0,0.0,0.0,15.0,48.0,77.96,22.6,0.5,0.0,27.0,171.0,407.58,72.3,0.0
44.5,1.0,99.5,0.0,0.0,0.0,0.0,5.0,40.0,57.910000000000004,17.85,0.0,0.0,2.0,41.0,72.71,17.96,0.0
29.5,0.0,42.0,1.0,0.0,2.0,1.0,6.0,142.0,281.45,33.7,0.0,0.0,9.0,83.0,299.38,22.93,4.0
44.5,1.0,99.5,0.0,0.0,0.0,0.0,2.0,71.0,163.29,18.11,1.8,0.0,5.0,262.0,768.36,91.57000000000001,0.0
44.5,1.0,99.5,0.0,0.0,0.0,0.0,5.0,97.0,161.37,28.71,0.0,0.0,2.0,53.0,89.71000000000001,14.94,0.3
44.5,1.0,99.5,0.0,0.0,0.0,0.0,5.0,19781.0,129.17000000000002,8.35,0.0,1.0,3.0,8.0,26.630000000000003,1.49,0.0
44.5,1.0,99.5,0.0,0.0,0.0,0.0,10.0,52.0,74.83,24.169999999999998,0.0,0.0,17.0,72.0,142.37,37.56,0.0
44.5,1.0,99.5,0.0,0.0,0.0,0.0,4.0,9.0,11.36,2.57,0.0,0.0,3.0,4.0,10.28,1.59,0.0
44.5,1.0,99.5,0.0,0.0,0.0,0.0,2.0,96.0,192.8,100.42999999999999,0.0,0.0,0.0,0.0,0.0,0.0,0.0
44.5,1.0,99.5,0.0,0.0,0.0,0.0,2.0,6.0,19.56,3.19,0.0,0.0,7.0,32.0,74.39,15.99,0.0
44.5,1.0,99.5,0.0,0.0,0.0,0.0,7.0,97.0,145.34,26.5,0.0,0.0,13.0,139.0,225.9,48.57,0.0
44.5,1.0,99.5,0.0,0.0,0.0,0.0,5.0,39.0,94.77,22.48,1.55,0.0,2.0,32.0,65.5,17.8,11.99
44.5,1.0,99.5,0.0,0.0,0.0,0.0,4.0,33.0,109.45,22.33,0.0,0.0,2.0,80.0,227.28,95.95,0.0
44.5,1.0,99.5,0.0,0.0,0.0,0.0,3.0,9654.0,79.0,0.01,0.0,1.0,3.0,20.0,57.36,6.78,0.0
44.5,1.0,99.5,0.0,0.0,0.0,0.0,6.0,53.0,203.86,31.0,0.0,1.0,6.0,78.0,278.57,89.43,0.0
44.5,1.0,99.5,0.0,0.0,0.0,0.0,0.0,0.0,0.0,0.0,0.0,0.0,0.0,0.0,0.0,0.0,0.0
44.5,1.0,99.5,0.0,0.0,0.0,0.0,1.0,2.0,3.0,2.84,0.0,0.0,1.0,11.0,22.4,10.59,0.0
44.5,1.0,99.5,0.0,0.0,0.0,0.0,4.0,54.0,125.43,40.74,0.0,0.0,8.0,10689.0,217.03,45.35,0.0
44.5,1.0,99.5,0.0,0.0,0.0,0.0,4.0,31.0,29.86,4.46,0.0,0.0,8.0,5980.0,44.5,4.55,0.0
44.5,1.0,99.5,0.0,0.0,0.0,0.0,2.0,10.0,29.66,6.81,0.0,0.0,1.0,2.0,5.79,0.59,0.0
39.5,0.0,42.0,1.0,1.0,4.0,2.0,11.0,297.0,759.6,120.43,0.0,1.0,7.0,286.0,666.61,115.13,0.0
44.5,1.0,99.5,0.0,0.0,0.0,0.0,6.0,105.0,207.85,42.0,0.0,0.0,7.0,13271.0,209.35,44.08,0.75
44.5,1.0,99.5,0.0,0.0,0.0,0.0,4.0,64.0,133.09,18.6,0.0,0.0,5.0,53.0,93.17,12.58,0.0
44.5,1.0,99.5,0.0,0.0,0.0,0.0,1.0,6.0,60.75,3.0,0.0,0.0,6.0,142.0,360.47,71.65,7.0
44.5,1.0,99.5,0.0,0.0,0.0,0.0,8.0,63.0,198.27,18.009999999999998,0.0,0.0,9.0,119.0,422.41,34.06,0.0
44.5,1.0,99.5,0.0,0.0,0.0,0.0,1.0,9096.0,20.0,0.01,0.0,0.0,0.0,0.0,0.0,0.0,0.0
44.5,1.0,99.5,0.0,0.0,0.0,0.0,9.0,33.0,56.85,13.15,0.0,0.0,4.0,6.0,11.74,0.0,0.0
44.5,1.0,99.5,0.0,0.0,0.0,0.0,7.0,118.0,326.12,78.37,3.0,0.0,1.0,33.0,62.69,38.09,0.0
44.5,1.0,99.5,0.0,0.0,0.0,0.0,0.0,0.0,0.0,0.0,0.0,0.0,0.0,0.0,0.0,0.0,0.0
44.5,1.0,99.5,0.0,0.0,0.0,0.0,1.0,3.0,5.24,0.37,0.0,0.0,8.0,105.0,178.5,35.43,0.0
44.5,1.0,99.5,0.0,0.0,0.0,0.0,6.0,18492.0,135.32,5.47,0.0,0.0,1.0,4.0,19.71,0.75,0.0
44.5,1.0,99.5,0.0,0.0,0.0,0.0,5.0,138.0,275.71,69.65,0.0,0.0,17.0,414.0,991.28,188.5,1.0
44.5,1.0,99.5,0.0,0.0,0.0,0.0,2.0,8.0,15.32,1.4,0.0,0.0,2.0,5.0,8.49,1.46,0.0
44.5,1.0,99.5,0.0,0.0,0.0,0.0,0.0,0.0,0.0,0.0,0.0,0.0,2.0,41.0,120.13,62.519999999999996,8.43
44.5,1.0,99.5,0.0,0.0,0.0,0.0,20.0,26911.0,292.88,27.87,0.0,0.0,18.0,7958.0,278.13,31.92,1.6
44.5,1.0,99.5,0.0,0.0,0.0,0.0,1.0,9549.0,21.0,0.01,0.0,0.0,0.0,0.0,0.0,0.0,0.0
44.5,1.0,99.5,0.0,0.0,0.0,0.0,1.0,8.0,22.83,5.390000000000001,0.0,0.0,3.0,17.0,30.48,4.45,0.0
44.5,1.0,99.5,0.0,0.0,0.0,0.0,1.0,16.0,25.05,13.75,0.0,0.0,8.0,48923.0,223.75,30.84,0.0
44.5,1.0,99.5,0.0,0.0,0.0,0.0,2.0,115.0,250.73,74.14999999999999,0.0,0.0,4.0,266.0,622.0,190.13,1.5
44.5,1.0,99.5,0.0,0.0,0.0,0.0,1.0,13.0,38.97,6.15,0.0,0.0,5.0,54.0,200.47,9.67,0.0
44.5,1.0,99.5,0.0,0.0,0.0,0.0,8.0,16.0,33.28,5.2,0.0,0.0,10.0,38.0,75.39,9.629999999999999,0.0
44.5,1.0,99.5,0.0,0.0,0.0,0.0,3.0,101.0,152.62,34.26,0.0,1.0,4.0,78.0,91.16,24.27,0.0
44.5,1.0,99.5,0.0,0.0,0.0,0.0,3.0,4.0,6.47,0.49,0.0,0.0,3.0,18.0,39.34,4.71,0.0
44.5,1.0,99.5,0.0,0.0,0.0,0.0,23.0,12631.0,414.44,64.27,1.0,1.0,3.0,23.0,31.73,6.96,2.95
70.0,0.0,42.0,1.0,1.0,2.0,1.0,14.0,143.0,248.27,42.47,0.0,1.0,12.0,78.0,122.42,21.11,0.0
44.5,1.0,99.5,0.0,0.0,0.0,0.0,10.0,135.0,245.72,40.35,0.0,0.0,25.0,233.0,411.67,80.44,0.0
44.5,1.0,99.5,0.0,0.0,0.0,0.0,1.0,4.0,5.529999999999999,1.42,0.0,0.0,5.0,30.0,73.07000000000001,26.27,0.0
21.5,0.0,62.0,0.0,0.0,2.0,0.0,21.0,2463.0,169.29,30.13,0.0,0.0,40.0,8923.0,345.9,60.98,0.0
39.5,0.0,29.5,0.0,0.0,1.0,0.0,9.0,261.0,513.39,98.53,0.0,0.0,2.0,8.0,42.04,9.969999999999999,0.0
44.5,1.0,99.5,0.0,0.0,0.0,0.0,1.0,17.0,40.22,7.52,0.0,0.0,2.0,8731.0,110.45,23.47,0.0
44.5,1.0,99.5,0.0,0.0,0.0,0.0,2.0,46.0,27.23,6.29,0.0,0.0,1.0,38.0,24.71,1.1099999999999999,0.0
44.5,1.0,99.5,0.0,0.0,0.0,0.0,0.0,0.0,0.0,0.0,0.0,0.0,0.0,0.0,0.0,0.0,0.0
44.5,1.0,99.5,0.0,0.0,0.0,0.0,0.0,0.0,0.0,0.0,0.0,0.0,0.0,0.0,0.0,0.0,0.0
39.5,0.0,87.0,1.0,0.0,2.0,0.0,45.0,118585.0,1286.39,149.75,0.5,1.0,64.0,147350.0,2236.92,213.25,12.0
44.5,1.0,99.5,0.0,0.0,0.0,0.0,6.0,33.0,96.02,14.52,0.0,0.0,7.0,14445.0,64.04,7.26,0.0
39.5,0.0,112.0,1.0,1.0,2.0,0.0,5.0,15548.0,429.08,84.96,0.0,1.0,5.0,21032.0,111.74,7.0,0.0
44.5,1.0,99.5,0.0,0.0,0.0,0.0,2.0,4.0,35.6,4.87,0.0,0.0,0.0,0.0,0.0,0.0,0.0
44.5,1.0,99.5,0.0,0.0,0.0,0.0,0.0,0.0,0.0,0.0,0.0,0.0,0.0,0.0,0.0,0.0,0.0
44.5,1.0,99.5,0.0,0.0,0.0,0.0,1.0,3.0,15.950000000000001,1.0,0.0,0.0,6.0,70.0,160.41,49.35,4.4399999999999995
44.5,1.0,99.5,0.0,0.0,0.0,0.0,5.0,48.0,142.73,30.28,2.5,1.0,13.0,148.0,376.15000000000003,69.33,0.0
44.5,1.0,99.5,0.0,0.0,0.0,0.0,2.0,26.0,46.31,13.42,0.0,0.0,3.0,15.0,53.66,4.35,0.0
44.5,1.0,99.5,0.0,0.0,0.0,0.0,0.0,0.0,0.0,0.0,0.0,0.0,2.0,24.0,38.67,11.22,0.0
44.5,1.0,99.5,0.0,0.0,0.0,0.0,16.0,6286.0,678.49,131.28,1.0,0.0,33.0,35093.0,696.59,135.58,0.0
44.5,1.0,99.5,0.0,0.0,0.0,0.0,3.0,45.0,126.89,28.25,0.0,0.0,1.0,3.0,5.79,0.78,0.0
44.5,1.0,99.5,0.0,0.0,0.0,0.0,0.0,0.0,0.0,0.0,0.0,0.0,5.0,72.0,149.46,37.5,0.0
44.5,1.0,99.5,0.0,0.0,0.0,0.0,2.0,12.0,26.41,3.17,0.0,0.0,3.0,12.0,37.88,2.09,0.0
49.5,0.0,62.0,1.0,0.0,0.0,0.0,7.0,19161.0,336.56,102.39,1.1,0.0,6.0,140.0,250.63,66.74,0.0
44.5,1.0,99.5,0.0,0.0,0.0,0.0,2.0,32.0,94.95,7.33,0.0,0.0,2.0,29.0,81.59,8.64,0.0
44.5,1.0,99.5,0.0,0.0,0.0,0.0,5.0,38.0,113.17,50.42,3.0,0.0,6.0,95.0,314.54,46.22,0.55
44.5,1.0,99.5,0.0,0.0,0.0,0.0,13.0,4896.0,332.82,94.55,3.3,1.0,2.0,37.0,71.7,17.48,0.79
44.5,1.0,99.5,0.0,0.0,0.0,0.0,2.0,95.0,255.32,42.92,0.0,0.0,3.0,81.0,207.66,27.8,0.0
44.5,1.0,99.5,0.0,0.0,0.0,0.0,4.0,31.0,64.53,13.37,0.0,0.0,4.0,6997.0,92.59,21.38,0.0
44.5,1.0,99.5,0.0,0.0,0.0,0.0,3.0,95.0,251.25,35.54,0.0,0.0,5.0,97.0,291.59000000000003,29.09,0.0
44.5,1.0,99.5,0.0,0.0,0.0,0.0,1.0,4.0,9.49,0.1,0.0,0.0,6.0,57.0,164.6,16.2,0.0
44.5,1.0,99.5,0.0,0.0,0.0,0.0,0.0,0.0,0.0,0.0,0.0,0.0,1.0,2.0,3.58,0.4,0.0
44.5,1.0,99.5,0.0,0.0,0.0,0.0,0.0,0.0,0.0,0.0,0.0,0.0,7.0,59.0,104.36,19.419999999999998,1.0
44.5,1.0,99.5,0.0,0.0,0.0,0.0,6.0,17.0,25.93,4.2,0.0,0.0,2.0,32.0,63.6,13.36,0.0
44.5,1.0,99.5,0.0,0.0,0.0,0.0,28.0,163.0,283.74,46.86,0.0,0.0,20.0,196.0,399.7,72.53,0.0
44.5,1.0,99.5,0.0,0.0,0.0,0.0,1.0,12.0,23.990000000000002,5.39,0.0,0.0,0.0,0.0,0.0,0.0,0.0
44.5,1.0,99.5,0.0,0.0,0.0,0.0,10.0,220.0,449.0,65.6,7.6,0.0,3.0,124.0,258.41,35.59,8.0
44.5,1.0,99.5,0.0,0.0,0.0,0.0,0.0,0.0,0.0,0.0,0.0,1.0,5.0,10.0,35.45,5.45,0.0
44.5,1.0,99.5,0.0,0.0,0.0,0.0,2.0,80.0,163.6,38.42,0.0,1.0,17.0,10382.0,662.72,189.17,0.0
49.5,0.0,62.0,1.0,1.0,2.0,0.0,8.0,158.0,261.74,62.61,0.0,1.0,7.0,187.0,310.57,52.17,2.0
44.5,1.0,99.5,0.0,0.0,0.0,0.0,1.0,13.0,25.02,1.1,0.0,0.0,1.0,3.0,15.97,3.0,0.0
44.5,1.0,99.5,0.0,0.0,0.0,0.0,3.0,96.0,180.37,67.83,2.7,0.0,2.0,144.0,233.89000000000001,75.26,0.0
44.5,1.0,99.5,0.0,0.0,0.0,0.0,11.0,55518.0,379.27,86.6,7.5,0.0,13.0,90463.0,530.12,68.85,0.0
44.5,1.0,99.5,0.0,0.0,0.0,0.0,4.0,15560.0,141.39,7.9399999999999995,0.0,0.0,5.0,14560.0,248.93,31.04,1.6500000000000001
44.5,1.0,99.5,0.0,0.0,0.0,0.0,6.0,66.0,134.2,46.150000000000006,0.0,0.0,3.0,8.0,23.84,7.15,0.0
44.5,1.0,99.5,0.0,0.0,0.0,0.0,6.0,38.0,77.53,14.24,0.0,0.0,4.0,29.0,70.88000000000001,5.96,0.0
44.5,1.0,99.5,0.0,0.0,0.0,0.0,4.0,63.0,130.35,19.38,0.0,0.0,0.0,0.0,0.0,0.0,0.0
39.5,0.0,29.5,1.0,1.0,2.0,1.0,6.0,79.0,157.85,22.88,0.0,1.0,5.0,40.0,81.26,27.95,0.0
44.5,1.0,99.5,0.0,0.0,0.0,0.0,1.0,52.0,109.94,32.48,0.0,0.0,0.0,0.0,0.0,0.0,0.0
44.5,1.0,99.5,0.0,0.0,0.0,0.0,18.0,259.0,484.19,101.12,0.3,0.0,18.0,300.0,570.99,110.56,1.0
44.5,1.0,99.5,0.0,0.0,0.0,0.0,0.0,0.0,0.0,0.0,0.0,0.0,0.0,0.0,0.0,0.0,0.0
44.5,1.0,99.5,0.0,0.0,0.0,0.0,4.0,33.0,37.24,7.01,0.0,0.0,5.0,28.0,45.24,6.6,0.0
70.0,0.0,87.0,1.0,1.0,2.0,0.0,18.0,117.0,288.9,34.95,0.0,0.0,16.0,20270.0,247.03,33.5,0.0
44.5,1.0,99.5,0.0,0.0,0.0,0.0,6.0,201.0,450.48,73.85,0.4,0.0,3.0,167.0,378.62,58.14,0.0
44.5,1.0,99.5,0.0,0.0,0.0,0.0,1.0,4.0,24.990000000000002,0.0,0.0,0.0,5.0,103.0,193.2,41.410000000000004,18.4
44.5,1.0,99.5,0.0,0.0,0.0,0.0,1.0,13.0,22.42,5.91,0.0,0.0,3.0,36.0,56.82,13.61,0.0
44.5,1.0,99.5,0.0,0.0,0.0,0.0,6.0,12657.0,278.34000000000003,23.96,0.0,1.0,14.0,9662.0,510.18,46.75,0.0
44.5,1.0,99.5,0.0,0.0,0.0,0.0,3.0,15.0,39.89,3.5,0.0,0.0,19.0,180.0,376.87,60.14,0.0
44.5,1.0,99.5,0.0,0.0,0.0,0.0,1.0,15.0,36.94,3.23,0.0,0.0,0.0,0.0,0.0,0.0,0.0
21.5,0.0,42.0,0.0,0.0,1.0,0.0,10.0,43952.0,508.3,71.99,0.0,1.0,5.0,9493.0,173.82,21.8,0.0
44.5,1.0,99.5,0.0,0.0,0.0,0.0,1.0,10.0,10.49,0.44,0.0,0.0,10.0,56.0,119.72,12.63,0.0
44.5,1.0,99.5,0.0,0.0,0.0,0.0,0.0,0.0,0.0,0.0,0.0,0.0,0.0,0.0,0.0,0.0,0.0
21.5,0.0,29.5,0.0,0.0,2.0,0.0,11.0,238.0,560.26,84.68,0.0,0.0,7.0,281.0,673.11,90.12,0.0
44.5,1.0,99.5,0.0,0.0,0.0,0.0,5.0,54.0,113.83,20.12,0.0,0.0,2.0,7.0,24.12,2.88,0.0
44.5,1.0,99.5,0.0,0.0,0.0,0.0,5.0,123.0,180.67,46.5,0.0,0.0,10.0,146.0,261.74,83.46000000000001,0.0
44.5,1.0,99.5,0.0,0.0,0.0,0.0,12.0,124.0,224.52,41.14,0.0,0.0,6.0,89.0,178.15,27.81,0.0
44.5,1.0,99.5,0.0,0.0,0.0,0.0,0.0,0.0,0.0,0.0,0.0,0.0,4.0,28.0,25.4,13.6,1.0
44.5,1.0,99.5,0.0,0.0,0.0,0.0,1.0,2.0,7.98,1.4,0.0,0.0,2.0,13308.0,35.82,0.01,0.0
44.5,1.0,99.5,0.0,0.0,0.0,0.0,10.0,11363.0,152.55,19.85,0.0,0.0,8.0,13158.0,278.86,39.24,0.0
44.5,1.0,99.5,0.0,0.0,0.0,0.0,7.0,54.0,166.14,23.79,1.0,0.0,4.0,80.0,196.5,33.62,0.0
44.5,1.0,99.5,0.0,0.0,0.0,0.0,5.0,9219.0,293.8,55.97,0.0,0.0,15.0,17903.0,478.77,78.12,1.0
49.5,0.0,87.0,1.0,0.0,3.0,1.0,5.0,251.0,403.03000000000003,78.84,0.0,0.0,4.0,184.0,349.95,52.58,0.0
39.5,0.0,29.5,0.0,0.0,2.0,0.0,4.0,35.0,52.33,7.28,0.0,0.0,14.0,229.0,365.25,136.55,0.0
44.5,1.0,99.5,0.0,0.0,0.0,0.0,4.0,195.0,366.54,55.29,0.0,0.0,5.0,204.0,425.72,91.11,2.2
44.5,1.0,99.5,0.0,0.0,0.0,0.0,5.0,16205.0,100.86,14.99,0.0,0.0,3.0,37.0,88.22,17.59,0.0
44.5,1.0,99.5,0.0,0.0,0.0,0.0,2.0,13.0,14.92,5.76,0.0,0.0,4.0,56.0,81.84,10.19,0.0
44.5,1.0,99.5,0.0,0.0,0.0,0.0,13.0,37376.0,221.93,40.33,5.5,0.0,22.0,36166.0,505.02,121.23,4.1499999999999995
44.5,1.0,99.5,0.0,0.0,0.0,0.0,5.0,122.0,288.15000000000003,36.25,0.0,1.0,4.0,55.0,141.45,12.1,0.0
44.5,1.0,99.5,0.0,0.0,0.0,0.0,3.0,31.0,142.62,59.93,0.0,0.0,3.0,38.0,94.41,16.32,0.0
44.5,1.0,99.5,0.0,0.0,0.0,0.0,0.0,0.0,0.0,0.0,0.0,0.0,0.0,0.0,0.0,0.0,0.0
44.5,1.0,99.5,0.0,0.0,0.0,0.0,1.0,6.0,15.5,0.64,0.0,0.0,1.0,55.0,99.28,9.56,0.0
44.5,1.0,99.5,0.0,0.0,0.0,0.0,1.0,1.0,2.79,0.0,0.0,0.0,1.0,1.0,2.99,0.0,0.0
39.5,0.0,7.5,1.0,0.0,4.0,2.0,5.0,109.0,317.84000000000003,41.0,0.0,0.0,11.0,102.0,308.1,39.269999999999996,0.0
44.5,1.0,99.5,0.0,0.0,0.0,0.0,9.0,107.0,250.48,31.38,0.0,0.0,10.0,16519.0,290.43,38.76,3.0
44.5,1.0,99.5,0.0,0.0,0.0,0.0,1.0,16.0,30.54,7.83,0.0,0.0,0.0,0.0,0.0,0.0,0.0
44.5,1.0,99.5,0.0,0.0,0.0,0.0,1.0,72.0,105.24,32.52,0.0,0.0,4.0,205.0,342.61,121.66,0.0
44.5,1.0,99.5,0.0,0.0,0.0,0.0,0.0,0.0,0.0,0.0,0.0,0.0,0.0,0.0,0.0,0.0,0.0
44.5,1.0,99.5,0.0,0.0,0.0,0.0,2.0,6.0,28.950000000000003,1.58,0.0,0.0,2.0,23.0,59.62,10.3,0.0
44.5,1.0,99.5,0.0,0.0,0.0,0.0,3.0,21.0,72.7,8.620000000000001,0.0,0.0,5.0,45.0,88.79,28.84,7.25
21.5,0.0,87.0,0.0,1.0,3.0,1.0,30.0,363.0,713.63,123.51,0.0,1.0,58.0,599.0,1254.18,274.72,0.55
44.5,1.0,99.5,0.0,0.0,0.0,0.0,11.0,8676.0,315.34,57.300000000000004,0.4,1.0,6.0,18.0,58.97,0.99,0.0
44.5,1.0,99.5,0.0,0.0,0.0,0.0,12.0,18274.0,281.2,42.16,0.0,0.0,8.0,7304.0,235.39000000000001,19.64,0.0
44.5,1.0,99.5,0.0,0.0,0.0,0.0,5.0,34.0,59.08,8.03,0.0,0.0,0.0,0.0,0.0,0.0,0.0
44.5,1.0,99.5,0.0,0.0,0.0,0.0,2.0,30.0,48.57,18.29,0.0,0.0,7.0,95.0,153.05,45.78,0.5
44.5,1.0,99.5,0.0,0.0,0.0,0.0,0.0,0.0,0.0,0.0,0.0,0.0,1.0,4.0,7.18,2.19,0.0
44.5,1.0,99.5,0.0,0.0,0.0,0.0,1.0,37.0,47.72,14.84,0.0,0.0,0.0,0.0,0.0,0.0,0.0
39.5,0.0,137.0,1.0,1.0,3.0,1.0,5.0,174.0,584.53,68.95,2.0,0.0,1.0,82.0,219.9,38.86,0.0
44.5,1.0,99.5,0.0,0.0,0.0,0.0,0.0,0.0,0.0,0.0,0.0,0.0,3.0,81.0,195.26,47.33,0.0
49.5,0.0,42.0,1.0,1.0,3.0,1.0,7.0,93.0,338.86,58.480000000000004,0.0,0.0,2.0,11.0,56.709999999999994,6.260000000000001,0.0
44.5,1.0,99.5,0.0,0.0,0.0,0.0,4.0,23.0,83.52,4.96,0.0,0.0,3.0,38.0,134.64,24.349999999999998,0.0
44.5,1.0,99.5,0.0,0.0,0.0,0.0,6.0,31.0,86.01,21.34,0.0,0.0,6.0,19.0,68.59,6.55,0.0
44.5,1.0,99.5,0.0,0.0,0.0,0.0,3.0,14.0,51.83,15.5,0.0,0.0,5.0,78.0,250.12,25.240000000000002,0.0
44.5,1.0,99.5,0.0,0.0,0.0,0.0,2.0,11677.0,130.67,19.87,0.0,1.0,1.0,34.0,68.73,36.63,0.0
44.5,1.0,99.5,0.0,0.0,0.0,0.0,4.0,18.0,44.760000000000005,2.96,0.0,0.0,11.0,12371.0,249.19,31.49,0.0
44.5,1.0,99.5,0.0,0.0,0.0,0.0,10.0,19153.0,100.68,7.579999999999999,0.0,0.0,8.0,67376.0,198.12,1.1600000000000001,0.0
39.5,0.0,62.0,0.0,1.0,2.0,0.0,7.0,258.0,734.67,145.84,27.75,1.0,10.0,265.0,532.78,96.87,12.3
44.5,1.0,99.5,0.0,0.0,0.0,0.0,0.0,0.0,0.0,0.0,0.0,0.0,1.0,13.0,31.099999999999998,1.18,0.0
44.5,1.0,99.5,0.0,0.0,0.0,0.0,0.0,0.0,0.0,0.0,0.0,0.0,2.0,56.0,123.48,12.98,0.0
44.5,1.0,99.5,0.0,0.0,0.0,0.0,1.0,96.0,138.33,29.37,0.0,0.0,1.0,1.0,8.38,0.0,0.0
44.5,1.0,99.5,0.0,0.0,0.0,0.0,5.0,79.0,131.86,22.33,0.0,0.0,4.0,82.0,116.72,19.43,0.0
44.5,1.0,99.5,0.0,0.0,0.0,0.0,5.0,54.0,146.09,30.87,0.0,0.0,15.0,14424.0,287.78000000000003,27.78,2.0
44.5,1.0,99.5,0.0,0.0,0.0,0.0,2.0,13.0,43.93,1.1,0.2,1.0,6.0,60.0,142.71,21.35,0.0
44.5,1.0,99.5,0.0,0.0,0.0,0.0,6.0,75.0,168.04,46.73,0.0,1.0,3.0,43.0,75.07000000000001,20.98,0.0
44.5,1.0,99.5,0.0,0.0,0.0,0.0,3.0,10711.0,105.08,26.72,0.0,0.0,0.0,0.0,0.0,0.0,0.0
44.5,1.0,99.5,0.0,0.0,0.0,0.0,4.0,14.0,30.0,3.37,0.0,0.0,4.0,13.0,72.48,3.27,0.0
44.5,1.0,99.5,0.0,0.0,0.0,0.0,1.0,4.0,8.49,5.470000000000001,0.0,0.0,4.0,19.0,102.19,7.34,1.7999999999999998
44.5,1.0,99.5,0.0,0.0,0.0,0.0,0.0,0.0,0.0,0.0,0.0,0.0,0.0,0.0,0.0,0.0,0.0
44.5,1.0,99.5,0.0,0.0,0.0,0.0,6.0,23.0,81.72,25.169999999999998,0.0,0.0,10.0,36.0,114.17,49.6,4.25
44.5,1.0,99.5,0.0,0.0,0.0,0.0,0.0,0.0,0.0,0.0,0.0,0.0,0.0,0.0,0.0,0.0,0.0
44.5,1.0,99.5,0.0,0.0,0.0,0.0,1.0,7.0,37.7,1.7,0.0,0.0,0.0,0.0,0.0,0.0,0.0
44.5,1.0,99.5,0.0,0.0,0.0,0.0,0.0,0.0,0.0,0.0,0.0,0.0,0.0,0.0,0.0,0.0,0.0
44.5,1.0,99.5,0.0,0.0,0.0,0.0,5.0,15.0,56.17,0.85,0.0,0.0,2.0,3.0,12.75,0.0,0.0
44.5,1.0,99.5,0.0,0.0,0.0,0.0,0.0,0.0,0.0,0.0,0.0,0.0,0.0,0.0,0.0,0.0,0.0
44.5,1.0,99.5,0.0,0.0,0.0,0.0,1.0,6.0,22.4,1.32,0.0,0.0,1.0,3.0,17.98,0.19,0.0
44.5,1.0,99.5,0.0,0.0,0.0,0.0,0.0,0.0,0.0,0.0,0.0,0.0,1.0,23.0,50.32,8.9,1.0
44.5,1.0,99.5,0.0,0.0,0.0,0.0,6.0,103.0,163.43,44.16,0.5,1.0,10.0,278.0,619.22,127.09,10.35
44.5,1.0,99.5,0.0,0.0,0.0,0.0,2.0,51.0,99.39,14.57,0.0,0.0,2.0,30.0,113.5,17.12,0.0
44.5,1.0,99.5,0.0,0.0,0.0,0.0,0.0,0.0,0.0,0.0,0.0,0.0,1.0,9.0,20.76,2.0,0.0
44.5,1.0,99.5,0.0,0.0,0.0,0.0,5.0,50.0,162.7,19.0,0.0,0.0,7.0,42.0,111.9,7.609999999999999,0.0
44.5,1.0,99.5,0.0,0.0,0.0,0.0,10.0,51.0,111.95,75.62,12.5,0.0,4.0,259.0,142.98,128.03,0.0
44.5,1.0,99.5,0.0,0.0,0.0,0.0,0.0,0.0,0.0,0.0,0.0,0.0,5.0,29.0,62.85,6.3,0.0
44.5,1.0,99.5,0.0,0.0,0.0,0.0,6.0,27.0,44.7,1.9500000000000002,0.0,0.0,8.0,125.0,252.21,42.089999999999996,0.0
44.5,1.0,99.5,0.0,0.0,0.0,0.0,2.0,5.0,30.799999999999997,1.75,0.0,0.0,3.0,25.0,81.06,20.740000000000002,0.0
44.5,1.0,99.5,0.0,0.0,0.0,0.0,0.0,0.0,0.0,0.0,0.0,0.0,0.0,0.0,0.0,0.0,0.0
44.5,1.0,99.5,0.0,0.0,0.0,0.0,6.0,24.0,77.03,2.0700000000000003,0.0,0.0,5.0,81.0,242.28,21.22,0.0
49.5,0.0,62.0,1.0,0.0,1.0,0.0,11.0,260.0,639.53,68.38,0.4,1.0,15.0,299.0,718.91,58.04,0.55
44.5,1.0,99.5,0.0,0.0,0.0,0.0,1.0,2.0,5.24,0.0,0.0,0.0,0.0,0.0,0.0,0.0,0.0
44.5,1.0,99.5,0.0,0.0,0.0,0.0,1.0,1.0,6.99,0.0,0.0,0.0,4.0,30.0,44.58,33.69,0.0
44.5,1.0,99.5,0.0,0.0,0.0,0.0,0.0,0.0,0.0,0.0,0.0,0.0,4.0,16072.0,179.56,34.91,0.0
44.5,1.0,99.5,0.0,0.0,0.0,0.0,2.0,100.0,166.82,50.62,2.9000000000000004,0.0,1.0,69.0,118.77000000000001,31.27,2.6
44.5,1.0,99.5,0.0,0.0,0.0,0.0,0.0,0.0,0.0,0.0,0.0,0.0,12.0,47.0,68.24,13.01,0.0
44.5,1.0,99.5,0.0,0.0,0.0,0.0,1.0,22.0,37.370000000000005,5.92,0.0,0.0,0.0,0.0,0.0,0.0,0.0
44.5,1.0,99.5,0.0,0.0,0.0,0.0,0.0,0.0,0.0,0.0,0.0,0.0,5.0,80.0,148.37,67.84,2.0
44.5,1.0,99.5,0.0,0.0,0.0,0.0,0.0,0.0,0.0,0.0,0.0,0.0,0.0,0.0,0.0,0.0,0.0
44.5,1.0,99.5,0.0,0.0,0.0,0.0,0.0,0.0,0.0,0.0,0.0,0.0,2.0,128.0,267.66,37.56,0.0
39.5,0.0,87.0,1.0,0.0,1.0,0.0,12.0,12140.0,465.98,90.29,2.15,1.0,10.0,12405.0,316.93,41.550000000000004,5.24
44.5,1.0,99.5,0.0,0.0,0.0,0.0,4.0,45.0,60.51,11.36,0.0,0.0,0.0,0.0,0.0,0.0,0.0
44.5,1.0,99.5,0.0,0.0,0.0,0.0,2.0,8.0,10.01,1.42,0.0,0.0,4.0,33.0,60.97,16.55,0.0
44.5,1.0,99.5,0.0,0.0,0.0,0.0,2.0,7.0,23.41,5.99,0.0,0.0,2.0,6.0,22.08,2.5,0.0
44.5,1.0,99.5,0.0,0.0,0.0,0.0,4.0,28828.0,342.4,29.58,1.0,0.0,4.0,24095.0,216.3,12.35,0.0
44.5,1.0,99.5,0.0,0.0,0.0,0.0,14.0,20472.0,151.0,33.19,0.0,1.0,11.0,20016.0,131.86,13.69,0.0
44.5,1.0,99.5,0.0,0.0,0.0,0.0,4.0,50.0,154.71,28.84,3.5,0.0,3.0,47.0,159.16,36.22,0.0
44.5,1.0,99.5,0.0,0.0,0.0,0.0,0.0,0.0,0.0,0.0,0.0,0.0,0.0,0.0,0.0,0.0,0.0
44.5,1.0,99.5,0.0,0.0,0.0,0.0,1.0,6735.0,15.15,0.01,0.0,0.0,2.0,7089.0,93.53,19.69,0.0
44.5,1.0,99.5,0.0,0.0,0.0,0.0,1.0,31.0,63.93,3.08,0.0,0.0,1.0,32.0,85.78,4.26,0.0
44.5,1.0,99.5,0.0,0.0,0.0,0.0,1.0,2.0,3.58,0.0,0.0,0.0,14.0,40.0,118.1,4.91,0.0
44.5,1.0,99.5,0.0,0.0,0.0,0.0,3.0,20.0,58.58,3.4400000000000004,0.0,0.0,6.0,50.0,109.91,19.95,0.0
44.5,1.0,99.5,0.0,0.0,0.0,0.0,2.0,6.0,58.0,3.09,0.0,0.0,5.0,9559.0,82.36,16.85,0.0
44.5,1.0,99.5,0.0,0.0,0.0,0.0,3.0,65.0,95.83,19.71,0.0,0.0,5.0,7356.0,46.35,2.06,0.0
44.5,1.0,99.5,0.0,0.0,0.0,0.0,2.0,81.0,166.21,33.68,0.0,0.0,2.0,24.0,68.52,15.71,1.5
29.5,0.0,62.0,0.0,0.0,2.0,0.0,10.0,62.0,148.82,22.03,5.0,0.0,10.0,79.0,208.23,42.96,0.0
39.5,0.0,42.0,0.0,0.0,1.0,0.0,6.0,40.0,51.79,14.860000000000001,0.0,0.0,9.0,97.0,122.85,29.69,0.0
44.5,1.0,99.5,0.0,0.0,0.0,0.0,0.0,0.0,0.0,0.0,0.0,1.0,0.0,0.0,0.0,0.0,0.0
44.5,1.0,99.5,0.0,0.0,0.0,0.0,0.0,0.0,0.0,0.0,0.0,0.0,6.0,26.0,73.28,8.96,0.0
44.5,1.0,99.5,0.0,0.0,0.0,0.0,1.0,23.0,18.69,0.41,0.0,0.0,2.0,23.0,70.46,11.65,0.0
44.5,1.0,99.5,0.0,0.0,0.0,0.0,4.0,121.0,379.71000000000004,42.84,1.0,0.0,9.0,331.0,909.32,104.51,2.4000000000000004
44.5,1.0,99.5,0.0,0.0,0.0,0.0,19.0,302.0,871.9200000000001,118.16,5.75,1.0,23.0,517.0,1440.83,249.81,18.9
44.5,1.0,99.5,0.0,0.0,0.0,0.0,2.0,7.0,24.28,1.0,0.0,0.0,0.0,0.0,0.0,0.0,0.0
44.5,1.0,99.5,0.0,0.0,0.0,0.0,9.0,10281.0,473.42,113.37,0.0,0.0,9.0,12116.0,332.99,60.01,0.0
44.5,1.0,99.5,0.0,0.0,0.0,0.0,2.0,8.0,28.79,0.54,0.0,0.0,0.0,0.0,0.0,0.0,0.0
44.5,1.0,99.5,0.0,0.0,0.0,0.0,2.0,23.0,68.2,26.79,0.0,0.0,7.0,21230.0,480.1,50.6,0.0
44.5,1.0,99.5,0.0,0.0,0.0,0.0,3.0,55.0,115.38,30.74,2.5,0.0,3.0,17.0,56.2,2.43,0.0
44.5,1.0,99.5,0.0,0.0,0.0,0.0,0.0,0.0,0.0,0.0,0.0,0.0,0.0,0.0,0.0,0.0,0.0
44.5,1.0,99.5,0.0,0.0,0.0,0.0,4.0,130.0,268.11,50.24,2.05,0.0,2.0,195.0,479.31,87.13,4.8
44.5,1.0,99.5,0.0,0.0,0.0,0.0,1.0,1.0,1.0,0.29,0.0,0.0,2.0,12.0,39.66,2.0,0.0
49.5,0.0,62.0,0.0,0.0,2.0,1.0,8.0,45.0,95.79,7.029999999999999,21.92,0.0,7.0,59.0,89.59,20.32,0.0
44.5,1.0,99.5,0.0,0.0,0.0,0.0,0.0,0.0,0.0,0.0,0.0,0.0,6.0,199.0,411.66,98.84,1.7
44.5,1.0,99.5,0.0,0.0,0.0,0.0,1.0,6.0,15.46,1.98,0.0,0.0,4.0,66.0,206.53,23.63,0.0
44.5,1.0,99.5,0.0,0.0,0.0,0.0,0.0,0.0,0.0,0.0,0.0,0.0,1.0,6.0,14.9,2.24,0.0
44.5,1.0,99.5,0.0,0.0,0.0,0.0,2.0,91.0,177.33,32.370000000000005,0.5,0.0,5.0,176.0,377.75,78.16,0.5
44.5,1.0,99.5,0.0,0.0,0.0,0.0,4.0,31486.0,217.33,21.22,0.0,0.0,4.0,16233.0,258.64,26.580000000000002,0.0
44.5,1.0,99.5,0.0,0.0,0.0,0.0,1.0,1.0,3.01,0.0,0.0,0.0,2.0,10.0,47.65,15.66,0.0
49.5,0.0,7.5,0.0,0.0,1.0,0.0,4.0,82.0,188.14,48.65,0.0,1.0,10.0,187.0,412.15,76.95,0.0
44.5,1.0,99.5,0.0,0.0,0.0,0.0,1.0,28.0,69.21,16.64,0.0,0.0,2.0,22.0,84.58,17.54,0.0
44.5,1.0,99.5,0.0,0.0,0.0,0.0,4.0,28.0,60.66,2.69,0.0,0.0,2.0,11.0,36.25,5.91,0.0
44.5,1.0,99.5,0.0,0.0,0.0,0.0,7.0,37.0,87.66,19.01,0.0,0.0,5.0,70.0,131.79000000000002,8.83,0.0
39.5,0.0,42.0,1.0,0.0,2.0,0.0,8.0,16022.0,510.46,132.64,73.26,0.0,16.0,46912.0,900.06,217.8,44.14
44.5,1.0,99.5,0.0,0.0,0.0,0.0,20.0,45422.0,389.32,60.61,13.2,1.0,8.0,13983.0,226.17,62.75,0.0
21.5,0.0,42.0,1.0,0.0,2.0,0.0,7.0,45.0,128.41,28.72,1.5,1.0,2.0,24.0,79.27,4.99,0.0
44.5,1.0,99.5,0.0,0.0,0.0,0.0,20.0,231.0,669.08,96.41,0.0,1.0,10.0,172.0,497.89,60.34,0.0
44.5,1.0,99.5,0.0,0.0,0.0,0.0,13.0,9797.0,220.83,56.71,2.75,0.0,14.0,16024.0,242.3,37.85,0.55
44.5,1.0,99.5,0.0,0.0,0.0,0.0,2.0,71.0,90.96,67.73,0.0,0.0,3.0,69.0,107.58,41.15,0.0
44.5,1.0,99.5,0.0,0.0,0.0,0.0,2.0,9.0,19.669999999999998,6.34,0.0,0.0,3.0,12.0,26.4,8.43,0.0
44.5,1.0,99.5,0.0,0.0,0.0,0.0,5.0,16.0,55.41,3.6199999999999997,0.0,0.0,0.0,0.0,0.0,0.0,0.0
44.5,1.0,99.5,0.0,0.0,0.0,0.0,0.0,0.0,0.0,0.0,0.0,0.0,1.0,14.0,33.769999999999996,16.19,0.0
49.5,0.0,87.0,1.0,0.0,1.0,0.0,14.0,119.0,223.3,29.61,0.0,1.0,18.0,177.0,390.76,44.07,2.7
44.5,1.0,99.5,0.0,0.0,0.0,0.0,1.0,2.0,6.4,0.28,0.0,0.0,0.0,0.0,0.0,0.0,0.0
44.5,1.0,99.5,0.0,0.0,0.0,0.0,1.0,6.0,6.94,0.0,0.0,0.0,1.0,3.0,11.33,1.0,0.0
44.5,1.0,99.5,0.0,0.0,0.0,0.0,2.0,20017.0,59.86,3.6399999999999997,0.0,0.0,1.0,8.0,37.59,1.1,2.0
44.5,1.0,99.5,0.0,0.0,0.0,0.0,1.0,9113.0,23.05,0.27,0.0,0.0,2.0,5.0,24.82,1.0,0.0
44.5,1.0,99.5,0.0,0.0,0.0,0.0,11.0,190.0,545.24,36.91,1.0,0.0,7.0,230.0,488.83,48.6,0.0
44.5,1.0,99.5,0.0,0.0,0.0,0.0,0.0,0.0,0.0,0.0,0.0,0.0,1.0,4.0,21.98,0.0,0.0
44.5,1.0,99.5,0.0,0.0,0.0,0.0,16.0,126.0,524.47,32.39,0.0,1.0,27.0,9505.0,698.04,64.52,0.0
44.5,1.0,99.5,0.0,0.0,0.0,0.0,1.0,2.0,3.26,0.09,0.0,0.0,0.0,0.0,0.0,0.0,0.0
44.5,1.0,99.5,0.0,0.0,0.0,0.0,2.0,9679.0,49.87,16.189999999999998,0.0,0.0,1.0,41.0,88.47,39.57,0.0
44.5,1.0,99.5,0.0,0.0,0.0,0.0,6.0,24323.0,358.42,50.37,0.0,0.0,18.0,95335.0,705.92,83.4,0.0
44.5,1.0,99.5,0.0,0.0,0.0,0.0,3.0,101.0,208.9,46.61,3.6,0.0,3.0,80.0,188.94,28.34,0.0
44.5,1.0,99.5,0.0,0.0,0.0,0.0,5.0,21356.0,110.5,2.85,0.0,0.0,5.0,57.0,108.9,28.9,0.0
44.5,1.0,99.5,0.0,0.0,0.0,0.0,1.0,1.0,10.99,0.0,0.0,0.0,7.0,47.0,192.89000000000001,25.31,0.0
44.5,1.0,99.5,0.0,0.0,0.0,0.0,32.0,77355.0,559.8000000000001,43.51,0.0,1.0,31.0,58023.0,442.56,54.36,0.0
44.5,1.0,99.5,0.0,0.0,0.0,0.0,1.0,52.0,145.89000000000001,6.6899999999999995,0.0,0.0,5.0,146.0,388.84,33.36,0.0
44.5,1.0,99.5,0.0,0.0,0.0,0.0,2.0,44.0,162.67000000000002,17.0,0.0,0.0,2.0,67.0,214.38,21.74,1.5
44.5,1.0,99.5,0.0,0.0,0.0,0.0,0.0,0.0,0.0,0.0,0.0,0.0,3.0,6.0,27.76,8.5,1.0
44.5,1.0,99.5,0.0,0.0,0.0,0.0,2.0,26.0,86.26,12.92,0.0,0.0,1.0,14.0,63.7,2.09,0.0
44.5,1.0,99.5,0.0,0.0,0.0,0.0,0.0,0.0,0.0,0.0,0.0,0.0,2.0,57.0,98.53,15.81,0.0
44.5,1.0,99.5,0.0,0.0,0.0,0.0,0.0,0.0,0.0,0.0,0.0,0.0,2.0,20.0,71.88,2.9200000000000004,0.0
44.5,1.0,99.5,0.0,0.0,0.0,0.0,9.0,83.0,194.34,35.55,0.35,0.0,14.0,118.0,324.52,39.92,0.0
44.5,1.0,99.5,0.0,0.0,0.0,0.0,5.0,25.0,55.39,6.79,0.0,1.0,5.0,66.0,133.59,18.21,0.0
44.5,1.0,99.5,0.0,0.0,0.0,0.0,0.0,0.0,0.0,0.0,0.0,0.0,0.0,0.0,0.0,0.0,0.0
39.5,0.0,112.0,1.0,1.0,0.0,0.0,4.0,153.0,335.12,70.08,0.0,1.0,8.0,357.0,745.92,142.68,6.6
44.5,1.0,99.5,0.0,0.0,0.0,0.0,3.0,107.0,210.65,83.1,0.0,0.0,11.0,342.0,741.57,213.92000000000002,0.55
44.5,1.0,99.5,0.0,0.0,0.0,0.0,11.0,55.0,156.79,28.6,0.0,0.0,12.0,47.0,150.9,27.2,0.0
29.5,0.0,42.0,1.0,1.0,0.0,0.0,8.0,70.0,147.62,40.71,0.0,0.0,14.0,154.0,317.23,75.3,0.5
44.5,1.0,99.5,0.0,0.0,0.0,0.0,16.0,42172.0,989.39,269.18,0.3,1.0,24.0,14381.0,1247.8,296.01,2.0
44.5,1.0,99.5,0.0,0.0,0.0,0.0,0.0,0.0,0.0,0.0,0.0,0.0,7.0,50.0,58.01,10.67,0.0
44.5,1.0,99.5,0.0,0.0,0.0,0.0,0.0,0.0,0.0,0.0,0.0,0.0,2.0,3.0,15.63,0.0,0.0
44.5,1.0,99.5,0.0,0.0,0.0,0.0,0.0,0.0,0.0,0.0,0.0,0.0,0.0,0.0,0.0,0.0,0.0
44.5,1.0,99.5,0.0,0.0,0.0,0.0,0.0,0.0,0.0,0.0,0.0,0.0,0.0,0.0,0.0,0.0,0.0
44.5,1.0,99.5,0.0,0.0,0.0,0.0,1.0,5.0,43.07,2.09,0.0,0.0,3.0,11.0,83.45,2.09,0.0
44.5,1.0,99.5,0.0,0.0,0.0,0.0,3.0,35.0,72.08,7.82,0.0,0.0,6.0,41.0,92.02,8.22,0.0
44.5,1.0,99.5,0.0,0.0,0.0,0.0,0.0,0.0,0.0,0.0,0.0,0.0,1.0,3.0,7.859999999999999,0.4,0.0
44.5,1.0,99.5,0.0,0.0,0.0,0.0,3.0,10.0,24.41,1.38,0.0,0.0,2.0,8.0,13.690000000000001,5.47,0.0
44.5,1.0,99.5,0.0,0.0,0.0,0.0,3.0,56.0,123.72,14.01,0.0,0.0,2.0,34.0,110.02,14.31,0.0
44.5,1.0,99.5,0.0,0.0,0.0,0.0,5.0,29128.0,96.33,1.27,0.0,0.0,3.0,139.0,155.74,41.4,0.0
44.5,1.0,99.5,0.0,0.0,0.0,0.0,0.0,0.0,0.0,0.0,0.0,0.0,2.0,12.0,35.74,3.53,0.0
29.5,0.0,112.0,1.0,1.0,4.0,2.0,7.0,12917.0,350.15000000000003,93.76,0.0,0.0,3.0,104.0,226.34,51.61,0.0
44.5,1.0,99.5,0.0,0.0,0.0,0.0,2.0,21.0,49.03,17.16,0.0,1.0,2.0,11.0,28.66,3.7,0.0
44.5,1.0,99.5,0.0,0.0,0.0,0.0,3.0,51.0,57.82,14.84,0.0,0.0,2.0,34.0,68.76,25.29,0.0
44.5,1.0,99.5,0.0,0.0,0.0,0.0,7.0,25.0,67.89,3.76,0.0,0.0,6.0,245.0,394.93,77.1,1.11
44.5,1.0,99.5,0.0,0.0,0.0,0.0,1.0,10.0,123.9,0.0,0.0,0.0,2.0,7.0,15.72,9.55,0.0
44.5,1.0,99.5,0.0,0.0,0.0,0.0,5.0,38.0,132.36,16.740000000000002,0.0,0.0,6.0,79.0,184.64000000000001,43.0,0.0
44.5,1.0,99.5,0.0,0.0,0.0,0.0,8.0,191.0,387.01,55.98,2.0,0.0,6.0,136.0,252.89000000000001,25.56,0.0
44.5,1.0,99.5,0.0,0.0,0.0,0.0,0.0,0.0,0.0,0.0,0.0,0.0,0.0,0.0,0.0,0.0,0.0
44.5,1.0,99.5,0.0,0.0,0.0,0.0,0.0,0.0,0.0,0.0,0.0,0.0,0.0,0.0,0.0,0.0,0.0
44.5,1.0,99.5,0.0,0.0,0.0,0.0,0.0,0.0,0.0,0.0,0.0,0.0,2.0,37.0,77.74000000000001,9.87,0.0
44.5,1.0,99.5,0.0,0.0,0.0,0.0,6.0,66.0,157.05,22.259999999999998,0.0,0.0,0.0,0.0,0.0,0.0,0.0
49.5,0.0,87.0,1.0,1.0,4.0,2.0,4.0,68.0,169.93,34.74,1.0,0.0,8.0,171.0,350.7,96.62,0.0
44.5,1.0,99.5,0.0,0.0,0.0,0.0,2.0,16.0,47.470000000000006,33.91,0.0,0.0,9.0,251.0,534.63,123.66,0.0
44.5,1.0,99.5,0.0,0.0,0.0,0.0,3.0,34.0,119.12,16.34,0.0,0.0,4.0,110.0,297.98,25.419999999999998,0.0
44.5,1.0,99.5,0.0,0.0,0.0,0.0,0.0,0.0,0.0,0.0,0.0,0.0,0.0,0.0,0.0,0.0,0.0
44.5,1.0,99.5,0.0,0.0,0.0,0.0,6.0,79.0,191.96,48.17,1.0,0.0,12.0,57479.0,474.21,73.17,0.0
44.5,1.0,99.5,0.0,0.0,0.0,0.0,0.0,0.0,0.0,0.0,0.0,0.0,0.0,0.0,0.0,0.0,0.0
44.5,1.0,99.5,0.0,0.0,0.0,0.0,0.0,0.0,0.0,0.0,0.0,0.0,4.0,28.0,129.33,9.74,0.0
44.5,1.0,99.5,0.0,0.0,0.0,0.0,3.0,46.0,75.07,14.870000000000001,0.0,0.0,4.0,21.0,41.04,13.58,0.0
44.5,1.0,99.5,0.0,0.0,0.0,0.0,0.0,0.0,0.0,0.0,0.0,0.0,0.0,0.0,0.0,0.0,0.0
44.5,1.0,99.5,0.0,0.0,0.0,0.0,5.0,77.0,156.79,55.050000000000004,0.0,0.0,8.0,152.0,334.05,131.47,0.0
44.5,1.0,99.5,0.0,0.0,0.0,0.0,1.0,10.0,22.2,2.07,0.0,0.0,1.0,12.0,26.32,3.17,0.0
44.5,1.0,99.5,0.0,0.0,0.0,0.0,17.0,9713.0,414.26,68.06,4.3,1.0,22.0,182.0,549.95,82.3,3.0
44.5,1.0,99.5,0.0,0.0,0.0,0.0,1.0,9.0,28.0,7.66,0.0,0.0,4.0,28.0,71.18,10.48,3.35
44.5,1.0,99.5,0.0,0.0,0.0,0.0,1.0,44.0,72.2,15.81,0.0,0.0,0.0,0.0,0.0,0.0,0.0
44.5,1.0,99.5,0.0,0.0,0.0,0.0,5.0,17.0,41.39,13.99,0.0,0.0,2.0,8.0,9.68,1.6,0.0
44.5,1.0,99.5,0.0,0.0,0.0,0.0,4.0,56.0,100.28,20.54,0.0,0.0,4.0,33.0,34.44,8.31,0.0
44.5,1.0,99.5,0.0,0.0,0.0,0.0,11.0,50.0,127.55,13.22,0.0,0.0,9.0,62.0,137.05,24.85,0.0
39.5,0.0,62.0,1.0,0.0,2.0,0.0,17.0,21471.0,402.13,80.41,0.0,1.0,18.0,39142.0,370.0,71.55,0.0
44.5,1.0,99.5,0.0,0.0,0.0,0.0,5.0,101.0,166.55,42.56,0.0,0.0,6.0,69.0,91.27,19.53,0.0
44.5,1.0,99.5,0.0,0.0,0.0,0.0,0.0,0.0,0.0,0.0,0.0,0.0,4.0,106.0,190.31,16.15,1.99
44.5,1.0,99.5,0.0,0.0,0.0,0.0,3.0,27.0,34.86,10.18,0.0,0.0,9.0,4681.0,126.31,56.699999999999996,0.0
44.5,1.0,99.5,0.0,0.0,0.0,0.0,1.0,4.0,7.359999999999999,1.01,0.0,0.0,2.0,11.0,20.54,0.54,0.0
44.5,1.0,99.5,0.0,0.0,0.0,0.0,1.0,11.0,34.61,2.88,0.0,0.0,6.0,157.0,350.19,91.25,0.5
44.5,1.0,99.5,0.0,0.0,0.0,0.0,1.0,1.0,3.49,1.1,0.0,0.0,8.0,27.0,149.87,8.08,0.0
44.5,1.0,99.5,0.0,0.0,0.0,0.0,3.0,20.0,60.34,19.82,3.6,0.0,3.0,17.0,37.2,2.92,0.0
44.5,1.0,99.5,0.0,0.0,0.0,0.0,3.0,19.0,40.81,1.69,0.0,1.0,2.0,6.0,7.739999999999999,0.0,0.0
44.5,1.0,99.5,0.0,0.0,0.0,0.0,0.0,0.0,0.0,0.0,0.0,0.0,0.0,0.0,0.0,0.0,0.0
44.5,1.0,99.5,0.0,0.0,0.0,0.0,0.0,0.0,0.0,0.0,0.0,0.0,2.0,5.0,9.41,0.84,0.0
44.5,1.0,99.5,0.0,0.0,0.0,0.0,5.0,24.0,94.26,14.39,0.0,0.0,5.0,18.0,49.81,6.23,0.0
29.5,0.0,62.0,1.0,1.0,0.0,0.0,8.0,6999.0,755.78,123.21000000000001,5.05,0.0,5.0,132.0,310.57,45.25,0.0
44.5,1.0,99.5,0.0,0.0,0.0,0.0,3.0,38.0,131.6,15.71,1.75,0.0,0.0,0.0,0.0,0.0,0.0
44.5,1.0,99.5,0.0,0.0,0.0,0.0,1.0,11.0,19.71,3.68,1.6,1.0,4.0,20.0,43.87,15.15,0.0
44.5,1.0,99.5,0.0,0.0,0.0,0.0,1.0,5.0,16.96,1.29,0.0,0.0,1.0,1.0,7.99,2.0,0.0
44.5,1.0,99.5,0.0,0.0,0.0,0.0,6.0,70.0,112.34,6.17,0.0,0.0,11.0,140.0,235.59,39.39,1.5
44.5,1.0,99.5,0.0,0.0,0.0,0.0,1.0,5.0,6.57,1.49,0.0,0.0,3.0,55.0,137.84,26.54,0.0
44.5,1.0,99.5,0.0,0.0,0.0,0.0,0.0,0.0,0.0,0.0,0.0,0.0,1.0,16.0,34.21,3.82,0.0
44.5,1.0,99.5,0.0,0.0,0.0,0.0,0.0,0.0,0.0,0.0,0.0,0.0,4.0,17.0,91.6,37.62,0.0
44.5,1.0,99.5,0.0,0.0,0.0,0.0,5.0,23692.0,137.58,13.56,0.0,0.0,1.0,11.0,21.01,0.6599999999999999,0.0
44.5,1.0,99.5,0.0,0.0,0.0,0.0,6.0,117.0,221.70000000000002,63.43,2.5,1.0,3.0,17.0,50.9,4.93,0.0
44.5,1.0,99.5,0.0,0.0,0.0,0.0,0.0,0.0,0.0,0.0,0.0,0.0,0.0,0.0,0.0,0.0,0.0
44.5,1.0,99.5,0.0,0.0,0.0,0.0,3.0,24.0,65.93,29.490000000000002,0.0,0.0,11.0,128.0,397.43,82.25,0.0
44.5,1.0,99.5,0.0,0.0,0.0,0.0,0.0,0.0,0.0,0.0,0.0,0.0,0.0,0.0,0.0,0.0,0.0
44.5,1.0,99.5,0.0,0.0,0.0,0.0,1.0,6.0,17.509999999999998,1.8,0.0,0.0,5.0,59.0,110.32000000000001,14.95,0.0
44.5,1.0,99.5,0.0,0.0,0.0,0.0,3.0,36.0,116.06,29.54,0.0,0.0,6.0,111.0,349.46000000000004,59.5,0.0
44.5,1.0,99.5,0.0,0.0,0.0,0.0,0.0,0.0,0.0,0.0,0.0,0.0,1.0,3.0,0.75,1.04,0.0
70.0,0.0,137.0,1.0,1.0,2.0,0.0,35.0,65271.0,546.84,112.02,5.5,1.0,0.0,0.0,0.0,0.0,0.0
44.5,1.0,99.5,0.0,0.0,0.0,0.0,6.0,59.0,130.85,11.19,0.0,0.0,7.0,116.0,271.57,42.19,0.0
44.5,1.0,99.5,0.0,0.0,0.0,0.0,1.0,13.0,37.93,13.24,0.0,0.0,0.0,0.0,0.0,0.0,0.0
44.5,1.0,99.5,0.0,0.0,0.0,0.0,5.0,35.0,54.15,16.89,0.0,0.0,5.0,28.0,48.769999999999996,17.349999999999998,1.1
44.5,1.0,99.5,0.0,0.0,0.0,0.0,7.0,49.0,88.81,15.72,0.0,0.0,0.0,0.0,0.0,0.0,0.0
44.5,1.0,99.5,0.0,0.0,0.0,0.0,0.0,0.0,0.0,0.0,0.0,0.0,4.0,40.0,52.59,20.85,0.0
49.5,0.0,29.5,1.0,1.0,2.0,1.0,4.0,85.0,231.23000000000002,53.92,0.0,0.0,3.0,54.0,123.59,14.67,0.0
44.5,1.0,99.5,0.0,0.0,0.0,0.0,1.0,11.0,24.92,6.55,0.0,0.0,0.0,0.0,0.0,0.0,0.0
44.5,1.0,99.5,0.0,0.0,0.0,0.0,1.0,14.0,62.540000000000006,15.98,0.0,0.0,12.0,30001.0,600.59,86.18,0.0
44.5,1.0,99.5,0.0,0.0,0.0,0.0,4.0,57.0,93.27,26.599999999999998,0.0,0.0,7.0,9894.0,91.51,7.26,0.0
44.5,1.0,99.5,0.0,0.0,0.0,0.0,8.0,103.0,230.3,24.28,0.0,1.0,5.0,32.0,87.85,21.740000000000002,0.0
44.5,1.0,99.5,0.0,0.0,0.0,0.0,10.0,35.0,122.0,7.52,0.0,0.0,9.0,3210.0,60.35,6.27,0.0
70.0,0.0,112.0,1.0,1.0,2.0,1.0,8.0,129.0,425.75,38.0,0.0,0.0,6.0,162.0,521.17,58.6,3.5
70.0,0.0,42.0,1.0,0.0,1.0,0.0,21.0,35683.0,511.8,47.19,0.0,1.0,67.0,135622.0,1746.78,257.88,12.25
44.5,1.0,99.5,0.0,0.0,0.0,0.0,0.0,0.0,0.0,0.0,0.0,0.0,2.0,56.0,118.64,16.09,0.0
44.5,1.0,99.5,0.0,0.0,0.0,0.0,2.0,13.0,29.71,4.25,0.0,0.0,6.0,139.0,268.23,49.79,0.0
39.5,0.0,87.0,1.0,1.0,0.0,0.0,9.0,6921.0,564.21,127.97,1.0,0.0,7.0,8847.0,291.59000000000003,64.08,2.49
44.5,1.0,99.5,0.0,0.0,0.0,0.0,4.0,12.0,8.36,1.38,0.0,0.0,2.0,2275.0,10.0,0.01,0.0
44.5,1.0,99.5,0.0,0.0,0.0,0.0,2.0,4.0,10.49,3.17,0.0,0.0,6.0,32.0,54.089999999999996,13.9,0.0
44.5,1.0,99.5,0.0,0.0,0.0,0.0,0.0,0.0,0.0,0.0,0.0,0.0,0.0,0.0,0.0,0.0,0.0
44.5,1.0,99.5,0.0,0.0,0.0,0.0,3.0,29.0,41.69,10.95,0.0,0.0,3.0,31.0,66.32,11.03,0.0
44.5,1.0,99.5,0.0,0.0,0.0,0.0,1.0,21.0,24.759999999999998,12.139999999999999,0.0,0.0,5.0,14091.0,80.67,15.88,0.85
44.5,1.0,99.5,0.0,0.0,0.0,0.0,41.0,62218.0,451.43,56.129999999999995,0.0,1.0,37.0,46281.0,256.68,24.75,4.4
44.5,1.0,99.5,0.0,0.0,0.0,0.0,3.0,25.0,76.3,10.93,0.0,0.0,0.0,0.0,0.0,0.0,0.0
44.5,1.0,99.5,0.0,0.0,0.0,0.0,0.0,0.0,0.0,0.0,0.0,0.0,2.0,33.0,124.08,11.58,0.0
44.5,1.0,99.5,0.0,0.0,0.0,0.0,2.0,27.0,40.53,14.669999999999998,0.0,0.0,3.0,54.0,125.36,23.37,0.0
44.5,1.0,99.5,0.0,0.0,0.0,0.0,1.0,20.0,52.91,9.100000000000001,0.0,0.0,0.0,0.0,0.0,0.0,0.0
44.5,1.0,99.5,0.0,0.0,0.0,0.0,0.0,0.0,0.0,0.0,0.0,0.0,2.0,4.0,16.46,1.1,0.0
44.5,1.0,99.5,0.0,0.0,0.0,0.0,4.0,19.0,115.53,12.6,0.0,1.0,3.0,8.0,24.8,4.68,0.0
44.5,1.0,99.5,0.0,0.0,0.0,0.0,1.0,7.0,27.93,0.89,0.0,0.0,4.0,22.0,135.92000000000002,8.32,0.0
44.5,1.0,99.5,0.0,0.0,0.0,0.0,0.0,0.0,0.0,0.0,0.0,0.0,0.0,0.0,0.0,0.0,0.0
44.5,1.0,99.5,0.0,0.0,0.0,0.0,6.0,15.0,58.55,7.04,0.0,0.0,9.0,65.0,173.07999999999998,29.13,0.0
70.0,0.0,19.5,1.0,1.0,2.0,0.0,14.0,10617.0,479.76,70.61,0.0,0.0,13.0,10700.0,360.64,30.66,4.0
44.5,1.0,99.5,0.0,0.0,0.0,0.0,5.0,66.0,108.22,34.04,0.0,0.0,1.0,17.0,37.96,6.57,0.0
44.5,1.0,99.5,0.0,0.0,0.0,0.0,1.0,18.0,51.72,3.66,0.0,0.0,0.0,0.0,0.0,0.0,0.0
44.5,1.0,99.5,0.0,0.0,0.0,0.0,2.0,9005.0,37.56,0.76,0.0,0.0,2.0,16.0,49.6,11.120000000000001,0.0
39.5,0.0,42.0,1.0,1.0,2.0,0.0,11.0,59.0,109.82,40.48,2.4,1.0,10.0,82.0,212.66,81.17,1.0
44.5,1.0,99.5,0.0,0.0,0.0,0.0,2.0,26.0,53.59,14.26,0.0,0.0,0.0,0.0,0.0,0.0,0.0
44.5,1.0,99.5,0.0,0.0,0.0,0.0,2.0,10109.0,25.0,2.7800000000000002,0.0,0.0,6.0,5345.0,178.39000000000001,37.23,0.0
44.5,1.0,99.5,0.0,0.0,0.0,0.0,4.0,83.0,167.01,23.66,0.0,0.0,7.0,26.0,89.77,8.16,0.0
44.5,1.0,99.5,0.0,0.0,0.0,0.0,0.0,0.0,0.0,0.0,0.0,0.0,0.0,0.0,0.0,0.0,0.0
44.5,1.0,99.5,0.0,0.0,0.0,0.0,5.0,6741.0,40.92,2.39,0.0,0.0,6.0,15.0,55.160000000000004,0.2,0.0
44.5,1.0,99.5,0.0,0.0,0.0,0.0,2.0,19.0,38.43,7.82,5.0,0.0,2.0,33.0,41.59,7.08,0.4
39.5,0.0,42.0,1.0,0.0,1.0,0.0,6.0,20839.0,369.73,79.96,0.0,0.0,9.0,189.0,383.25,122.13,0.0
44.5,1.0,99.5,0.0,0.0,0.0,0.0,0.0,0.0,0.0,0.0,0.0,0.0,1.0,1.0,2.5,0.49,0.0
44.5,1.0,99.5,0.0,0.0,0.0,0.0,3.0,7.0,30.740000000000002,3.2,0.0,0.0,5.0,23.0,55.440000000000005,13.69,0.0
44.5,1.0,99.5,0.0,0.0,0.0,0.0,5.0,41.0,51.58,12.43,0.0,1.0,2.0,17.0,35.61,8.19,0.0
44.5,1.0,99.5,0.0,0.0,0.0,0.0,2.0,87.0,156.11,44.01,0.0,0.0,0.0,0.0,0.0,0.0,0.0
44.5,1.0,99.5,0.0,0.0,0.0,0.0,4.0,133.0,351.68,33.81,0.0,0.0,3.0,83.0,207.74,29.46,0.0
44.5,1.0,99.5,0.0,0.0,0.0,0.0,6.0,354.0,1133.75,112.52,1.0,1.0,9.0,372.0,1413.91,161.14,1.0
44.5,1.0,99.5,0.0,0.0,0.0,0.0,1.0,1.0,3.25,0.0,0.0,0.0,0.0,0.0,0.0,0.0,0.0
44.5,1.0,99.5,0.0,0.0,0.0,0.0,5.0,65.0,139.25,21.13,0.0,0.0,8.0,123.0,309.1,48.07,0.0
44.5,1.0,99.5,0.0,0.0,0.0,0.0,2.0,20.0,49.69,6.15,0.0,0.0,1.0,2.0,5.569999999999999,1.57,0.0
44.5,1.0,99.5,0.0,0.0,0.0,0.0,0.0,0.0,0.0,0.0,0.0,0.0,0.0,0.0,0.0,0.0,0.0
29.5,0.0,29.5,1.0,1.0,0.0,0.0,23.0,162.0,421.72,42.04,3.75,0.0,37.0,311.0,661.9,112.77,15.66
44.5,1.0,99.5,0.0,0.0,0.0,0.0,0.0,0.0,0.0,0.0,0.0,0.0,1.0,3.0,5.5,0.5700000000000001,0.0
44.5,1.0,99.5,0.0,0.0,0.0,0.0,1.0,5.0,11.94,4.609999999999999,0.0,0.0,3.0,10906.0,35.1,11.42,0.0
44.5,1.0,99.5,0.0,0.0,0.0,0.0,1.0,5.0,18.25,0.7,0.0,0.0,4.0,13533.0,88.21000000000001,9.56,0.0
44.5,1.0,99.5,0.0,0.0,0.0,0.0,1.0,8.0,21.29,0.2,0.0,0.0,3.0,85.0,197.22,14.879999999999999,0.0
44.5,1.0,99.5,0.0,0.0,0.0,0.0,4.0,52.0,91.16,16.73,1.0,0.0,4.0,50.0,77.75,17.4,0.0
44.5,1.0,99.5,0.0,0.0,0.0,0.0,15.0,34.0,22.69,8.35,0.0,1.0,13.0,43.0,18.52,9.54,0.0
44.5,1.0,99.5,0.0,0.0,0.0,0.0,7.0,9362.0,191.28,23.810000000000002,0.0,0.0,9.0,12433.0,177.21,15.08,0.0
44.5,1.0,99.5,0.0,0.0,0.0,0.0,5.0,96.0,294.98,37.63,0.0,0.0,3.0,91.0,238.35,35.82,0.0
44.5,1.0,99.5,0.0,0.0,0.0,0.0,6.0,40.0,61.15,13.35,0.0,0.0,2.0,26.0,43.84,8.56,0.0
44.5,1.0,99.5,0.0,0.0,0.0,0.0,9.0,41733.0,267.18,26.75,0.0,1.0,19.0,74807.0,997.24,197.56,3.5
44.5,1.0,99.5,0.0,0.0,0.0,0.0,0.0,0.0,0.0,0.0,0.0,0.0,0.0,0.0,0.0,0.0,0.0
44.5,1.0,99.5,0.0,0.0,0.0,0.0,5.0,17.0,81.15,7.22,0.0,0.0,7.0,29.0,98.97,16.2,0.0
44.5,1.0,99.5,0.0,0.0,0.0,0.0,2.0,13.0,33.11,21.9,5.0,0.0,0.0,0.0,0.0,0.0,0.0
44.5,1.0,99.5,0.0,0.0,0.0,0.0,0.0,0.0,0.0,0.0,0.0,0.0,0.0,0.0,0.0,0.0,0.0
44.5,1.0,99.5,0.0,0.0,0.0,0.0,3.0,21.0,51.06,8.61,1.0,0.0,0.0,0.0,0.0,0.0,0.0
44.5,1.0,99.5,0.0,0.0,0.0,0.0,0.0,0.0,0.0,0.0,0.0,0.0,12.0,15196.0,538.73,48.33,0.0
44.5,1.0,99.5,0.0,0.0,0.0,0.0,8.0,6848.0,96.99,6.8100000000000005,0.0,0.0,1.0,5.0,20.259999999999998,0.6699999999999999,0.0
44.5,1.0,99.5,0.0,0.0,0.0,0.0,1.0,5.0,15.77,1.28,0.0,1.0,0.0,0.0,0.0,0.0,0.0
44.5,1.0,99.5,0.0,0.0,0.0,0.0,2.0,105.0,282.76,46.81,0.0,1.0,9.0,99.0,232.14000000000001,43.54,1.5
44.5,1.0,99.5,0.0,0.0,0.0,0.0,13.0,24613.0,582.2,131.53,4.0,0.0,4.0,18603.0,150.97,42.36,0.0
44.5,1.0,99.5,0.0,0.0,0.0,0.0,8.0,14214.0,226.86,15.09,0.0,0.0,9.0,6370.0,316.12,23.66,0.0
44.5,1.0,99.5,0.0,0.0,0.0,0.0,0.0,0.0,0.0,0.0,0.0,0.0,4.0,35.0,57.9,7.72,1.0
44.5,1.0,99.5,0.0,0.0,0.0,0.0,7.0,68.0,120.89,36.26,0.0,0.0,6.0,12421.0,110.91,23.630000000000003,0.75
44.5,1.0,99.5,0.0,0.0,0.0,0.0,3.0,7.0,23.830000000000002,1.0,0.0,0.0,0.0,0.0,0.0,0.0,0.0
44.5,1.0,99.5,0.0,0.0,0.0,0.0,0.0,0.0,0.0,0.0,0.0,0.0,2.0,8.0,6.640000000000001,2.41,0.0
44.5,1.0,99.5,0.0,0.0,0.0,0.0,9.0,95.0,112.43,29.97,0.0,0.0,15.0,126.0,214.06,42.93,0.0
44.5,1.0,99.5,0.0,0.0,0.0,0.0,17.0,77560.0,476.5,104.47,0.0,0.0,23.0,64129.0,868.32,173.36,0.0
70.0,0.0,62.0,0.0,0.0,2.0,0.0,16.0,48913.0,370.33,50.88,0.0,1.0,0.0,0.0,0.0,0.0,0.0
44.5,1.0,99.5,0.0,0.0,0.0,0.0,7.0,129.0,302.6,65.4,2.75,1.0,6.0,56.0,104.98,23.919999999999998,0.6
44.5,1.0,99.5,0.0,0.0,0.0,0.0,2.0,11.0,29.87,0.62,0.0,0.0,0.0,0.0,0.0,0.0,0.0
39.5,0.0,87.0,1.0,1.0,2.0,0.0,13.0,48146.0,337.1,24.87,0.0,1.0,0.0,0.0,0.0,0.0,0.0
44.5,1.0,99.5,0.0,0.0,0.0,0.0,1.0,2.0,11.98,2.4,0.0,1.0,0.0,0.0,0.0,0.0,0.0
44.5,1.0,99.5,0.0,0.0,0.0,0.0,1.0,1.0,6.99,0.0,0.0,0.0,1.0,1.0,1.5,0.0,0.0
44.5,1.0,99.5,0.0,0.0,0.0,0.0,4.0,30118.0,104.97,1.5599999999999998,0.0,0.0,4.0,14759.0,63.559999999999995,3.74,0.0
44.5,1.0,99.5,0.0,0.0,0.0,0.0,0.0,0.0,0.0,0.0,0.0,0.0,0.0,0.0,0.0,0.0,0.0
44.5,1.0,99.5,0.0,0.0,0.0,0.0,1.0,10.0,24.759999999999998,0.0,0.0,0.0,1.0,3.0,9.85,0.39,0.0
29.5,0.0,19.5,0.0,0.0,2.0,1.0,9.0,310.0,752.45,126.25,0.0,1.0,2.0,164.0,449.19,63.99,0.0
44.5,1.0,99.5,0.0,0.0,0.0,0.0,3.0,115.0,228.69,84.63,0.0,0.0,4.0,30.0,115.88,28.220000000000002,0.0
44.5,1.0,99.5,0.0,0.0,0.0,0.0,0.0,0.0,0.0,0.0,0.0,0.0,6.0,28.0,60.73,6.5200000000000005,0.0
44.5,1.0,99.5,0.0,0.0,0.0,0.0,3.0,43.0,74.23,15.37,0.0,0.0,4.0,58.0,137.67,53.0,0.0
44.5,1.0,99.5,0.0,0.0,0.0,0.0,1.0,5.0,21.93,0.8,0.0,0.0,1.0,4.0,10.559999999999999,1.9,0.0
44.5,1.0,99.5,0.0,0.0,0.0,0.0,0.0,0.0,0.0,0.0,0.0,0.0,0.0,0.0,0.0,0.0,0.0
44.5,1.0,99.5,0.0,0.0,0.0,0.0,1.0,1.0,1.67,0.92,0.0,0.0,0.0,0.0,0.0,0.0,0.0
70.0,0.0,29.5,0.0,0.0,1.0,0.0,18.0,158.0,370.99,49.47,0.0,1.0,7.0,36.0,62.22,13.03,0.0
44.5,1.0,99.5,0.0,0.0,0.0,0.0,1.0,2.0,3.99,1.06,0.0,0.0,2.0,3.0,6.47,0.0,0.0
49.5,0.0,7.5,1.0,0.0,3.0,1.0,14.0,121.0,131.76,45.58,0.0,1.0,4.0,29.0,56.849999999999994,8.040000000000001,0.0
44.5,1.0,99.5,0.0,0.0,0.0,0.0,0.0,0.0,0.0,0.0,0.0,0.0,0.0,0.0,0.0,0.0,0.0
44.5,1.0,99.5,0.0,0.0,0.0,0.0,1.0,3.0,18.77,0.0,0.0,0.0,6.0,22.0,36.83,10.33,0.0
44.5,1.0,99.5,0.0,0.0,0.0,0.0,1.0,4.0,6.87,1.45,0.0,0.0,3.0,19.0,74.5,10.25,0.0
44.5,1.0,99.5,0.0,0.0,0.0,0.0,1.0,7.0,7.85,0.56,0.0,0.0,3.0,19.0,70.59,1.75,0.0
44.5,1.0,99.5,0.0,0.0,0.0,0.0,4.0,19.0,31.96,2.99,0.0,0.0,1.0,2.0,2.42,1.47,0.0
44.5,1.0,99.5,0.0,0.0,0.0,0.0,5.0,33.0,85.28,16.96,0.0,0.0,3.0,28.0,84.05,17.41,0.0
44.5,1.0,99.5,0.0,0.0,0.0,0.0,0.0,0.0,0.0,0.0,0.0,0.0,0.0,0.0,0.0,0.0,0.0
44.5,1.0,99.5,0.0,0.0,0.0,0.0,0.0,0.0,0.0,0.0,0.0,0.0,0.0,0.0,0.0,0.0,0.0
44.5,1.0,99.5,0.0,0.0,0.0,0.0,0.0,0.0,0.0,0.0,0.0,0.0,0.0,0.0,0.0,0.0,0.0
44.5,1.0,99.5,0.0,0.0,0.0,0.0,0.0,0.0,0.0,0.0,0.0,0.0,0.0,0.0,0.0,0.0,0.0
44.5,1.0,99.5,0.0,0.0,0.0,0.0,0.0,0.0,0.0,0.0,0.0,0.0,0.0,0.0,0.0,0.0,0.0
44.5,1.0,99.5,0.0,0.0,0.0,0.0,0.0,0.0,0.0,0.0,0.0,0.0,0.0,0.0,0.0,0.0,0.0
44.5,1.0,99.5,0.0,0.0,0.0,0.0,0.0,0.0,0.0,0.0,0.0,0.0,1.0,7.0,22.58,5.45,0.0
44.5,1.0,99.5,0.0,0.0,0.0,0.0,2.0,14.0,36.42,6.07,0.0,0.0,8.0,73.0,142.4,27.79,0.0
44.5,1.0,99.5,0.0,0.0,0.0,0.0,8.0,177.0,322.41,82.5,5.0,0.0,5.0,187.0,330.92,75.53,0.0
44.5,1.0,99.5,0.0,0.0,0.0,0.0,0.0,0.0,0.0,0.0,0.0,0.0,1.0,7.0,9.61,3.96,0.0
44.5,1.0,99.5,0.0,0.0,0.0,0.0,0.0,0.0,0.0,0.0,0.0,0.0,2.0,33.0,70.05,11.06,0.0
44.5,1.0,99.5,0.0,0.0,0.0,0.0,0.0,0.0,0.0,0.0,0.0,0.0,0.0,0.0,0.0,0.0,0.0
44.5,1.0,99.5,0.0,0.0,0.0,0.0,15.0,15311.0,260.18,53.94,2.0,1.0,2.0,33.0,94.28,8.02,0.0
70.0,0.0,87.0,1.0,1.0,2.0,0.0,13.0,61949.0,407.86,53.63,0.0,1.0,0.0,0.0,0.0,0.0,0.0
44.5,1.0,99.5,0.0,0.0,0.0,0.0,0.0,0.0,0.0,0.0,0.0,0.0,2.0,25.0,51.21,13.85,0.0
44.5,1.0,99.5,0.0,0.0,0.0,0.0,0.0,0.0,0.0,0.0,0.0,0.0,0.0,0.0,0.0,0.0,0.0
44.5,1.0,99.5,0.0,0.0,0.0,0.0,3.0,6.0,13.76,2.24,0.0,0.0,7.0,152.0,309.5,67.13,0.0
44.5,1.0,99.5,0.0,0.0,0.0,0.0,0.0,0.0,0.0,0.0,0.0,0.0,0.0,0.0,0.0,0.0,0.0
44.5,1.0,99.5,0.0,0.0,0.0,0.0,0.0,0.0,0.0,0.0,0.0,0.0,1.0,11.0,16.96,2.3099999999999996,0.0
44.5,1.0,99.5,0.0,0.0,0.0,0.0,1.0,3.0,5.92,0.52,0.0,0.0,2.0,11.0,43.900000000000006,9.799999999999999,0.0
44.5,1.0,99.5,0.0,0.0,0.0,0.0,38.0,6092.0,408.26,80.31,1.0,0.0,46.0,21171.0,380.9,77.97,1.0
44.5,1.0,99.5,0.0,0.0,0.0,0.0,4.0,61.0,138.95,65.42,0.0,0.0,1.0,23.0,70.04,23.1,0.0
44.5,1.0,99.5,0.0,0.0,0.0,0.0,2.0,20.0,90.03,65.31,0.0,0.0,3.0,27.0,73.35000000000001,66.95,0.0
44.5,1.0,99.5,0.0,0.0,0.0,0.0,0.0,0.0,0.0,0.0,0.0,0.0,0.0,0.0,0.0,0.0,0.0
44.5,1.0,99.5,0.0,0.0,0.0,0.0,0.0,0.0,0.0,0.0,0.0,0.0,0.0,0.0,0.0,0.0,0.0
44.5,1.0,99.5,0.0,0.0,0.0,0.0,2.0,6.0,11.93,3.27,2.69,0.0,2.0,4.0,7.1899999999999995,3.87,0.0
44.5,1.0,99.5,0.0,0.0,0.0,0.0,0.0,0.0,0.0,0.0,0.0,0.0,0.0,0.0,0.0,0.0,0.0
44.5,1.0,99.5,0.0,0.0,0.0,0.0,1.0,4.0,5.46,0.0,0.0,0.0,6.0,23.0,72.56,7.0600000000000005,0.0
44.5,1.0,99.5,0.0,0.0,0.0,0.0,0.0,0.0,0.0,0.0,0.0,0.0,1.0,3.0,6.99,0.98,0.0
44.5,1.0,99.5,0.0,0.0,0.0,0.0,0.0,0.0,0.0,0.0,0.0,0.0,3.0,65.0,130.83,51.21,0.0
44.5,1.0,99.5,0.0,0.0,0.0,0.0,0.0,0.0,0.0,0.0,0.0,0.0,2.0,20.0,85.93,11.03,0.0
44.5,1.0,99.5,0.0,0.0,0.0,0.0,0.0,0.0,0.0,0.0,0.0,0.0,1.0,3.0,5.96,0.61,0.0
44.5,1.0,99.5,0.0,0.0,0.0,0.0,4.0,9490.0,192.84,34.02,0.0,0.0,3.0,8576.0,111.35,18.2,0.0
44.5,1.0,99.5,0.0,0.0,0.0,0.0,1.0,14.0,29.86,5.4,0.0,0.0,0.0,0.0,0.0,0.0,0.0
44.5,1.0,99.5,0.0,0.0,0.0,0.0,1.0,8.0,20.490000000000002,11.54,2.5,0.0,5.0,30.0,55.800000000000004,8.65,0.0
44.5,1.0,99.5,0.0,0.0,0.0,0.0,3.0,22.0,28.76,13.6,0.0,1.0,9.0,50.0,93.45,31.439999999999998,0.0
44.5,1.0,99.5,0.0,0.0,0.0,0.0,1.0,1.0,0.59,0.0,0.0,0.0,0.0,0.0,0.0,0.0,0.0
44.5,1.0,99.5,0.0,0.0,0.0,0.0,9.0,69.0,188.85,52.93,2.5,0.0,10.0,73.0,203.5,73.57000000000001,0.0
44.5,1.0,99.5,0.0,0.0,0.0,0.0,1.0,29.0,55.09,5.0,0.0,0.0,2.0,5.0,25.16,0.8,0.0
44.5,1.0,99.5,0.0,0.0,0.0,0.0,0.0,0.0,0.0,0.0,0.0,0.0,0.0,0.0,0.0,0.0,0.0
44.5,1.0,99.5,0.0,0.0,0.0,0.0,6.0,23127.0,106.07000000000001,21.05,0.0,0.0,4.0,29709.0,82.23,0.53,0.0
49.5,0.0,62.0,1.0,0.0,3.0,1.0,5.0,15832.0,235.93,62.77,0.0,0.0,3.0,53.0,110.31,25.18,0.0
44.5,1.0,99.5,0.0,0.0,0.0,0.0,6.0,39.0,70.85,25.88,5.1,0.0,1.0,4.0,10.870000000000001,4.49,0.0
44.5,1.0,99.5,0.0,0.0,0.0,0.0,3.0,47.0,109.0,29.48,0.0,0.0,2.0,70.0,145.17000000000002,41.52,0.0
44.5,1.0,99.5,0.0,0.0,0.0,0.0,3.0,19771.0,163.36,47.379999999999995,2.5,1.0,2.0,22215.0,129.78,15.32,0.0
44.5,1.0,99.5,0.0,0.0,0.0,0.0,6.0,8534.0,277.49,35.42,0.0,0.0,9.0,151.0,374.71,33.13,0.0
44.5,1.0,99.5,0.0,0.0,0.0,0.0,3.0,59.0,151.21,42.0,0.0,1.0,6.0,147.0,299.99,114.75,2.5
44.5,1.0,99.5,0.0,0.0,0.0,0.0,0.0,0.0,0.0,0.0,0.0,0.0,0.0,0.0,0.0,0.0,0.0
44.5,1.0,99.5,0.0,0.0,0.0,0.0,8.0,78.0,202.13,33.38,0.0,0.0,1.0,4.0,10.030000000000001,0.6399999999999999,0.0
44.5,1.0,99.5,0.0,0.0,0.0,0.0,0.0,0.0,0.0,0.0,0.0,0.0,0.0,0.0,0.0,0.0,0.0
44.5,1.0,99.5,0.0,0.0,0.0,0.0,0.0,0.0,0.0,0.0,0.0,0.0,2.0,62.0,56.84,38.33,0.0
39.5,0.0,87.0,1.0,1.0,2.0,0.0,6.0,8867.0,340.49,71.87,2.0,1.0,4.0,55.0,146.74,28.83,0.75
44.5,1.0,99.5,0.0,0.0,0.0,0.0,0.0,0.0,0.0,0.0,0.0,0.0,2.0,14.0,46.54,8.61,0.0
44.5,1.0,99.5,0.0,0.0,0.0,0.0,2.0,11.0,36.33,7.42,0.0,0.0,5.0,27.0,59.92,19.95,0.0
44.5,1.0,99.5,0.0,0.0,0.0,0.0,1.0,2.0,2.54,0.79,0.0,0.0,1.0,5.0,23.43,1.09,0.0
44.5,1.0,99.5,0.0,0.0,0.0,0.0,7.0,277.0,467.9,105.8,0.0,0.0,7.0,180.0,282.34,92.81,0.0
44.5,1.0,99.5,0.0,0.0,0.0,0.0,0.0,0.0,0.0,0.0,0.0,0.0,0.0,0.0,0.0,0.0,0.0
44.5,1.0,99.5,0.0,0.0,0.0,0.0,3.0,18346.0,44.879999999999995,2.4299999999999997,0.0,0.0,1.0,5.0,7.3100000000000005,1.58,0.0
44.5,1.0,99.5,0.0,0.0,0.0,0.0,0.0,0.0,0.0,0.0,0.0,0.0,0.0,0.0,0.0,0.0,0.0
44.5,1.0,99.5,0.0,0.0,0.0,0.0,2.0,15.0,20.95,1.48,0.0,0.0,6.0,30.0,45.27,9.22,0.0
44.5,1.0,99.5,0.0,0.0,0.0,0.0,4.0,32507.0,143.48000000000002,1.96,0.0,0.0,4.0,12796.0,126.14,29.28,0.0
44.5,1.0,99.5,0.0,0.0,0.0,0.0,4.0,37.0,116.77,14.5,0.35,0.0,4.0,13.0,33.64,2.07,0.0
44.5,1.0,99.5,0.0,0.0,0.0,0.0,14.0,61400.0,412.18,57.92,0.39,0.0,15.0,36982.0,577.5600000000001,96.74,0.0
44.5,1.0,99.5,0.0,0.0,0.0,0.0,8.0,134.0,357.92,53.43,1.0,0.0,13.0,77091.0,607.35,84.2,3.0
44.5,1.0,99.5,0.0,0.0,0.0,0.0,0.0,0.0,0.0,0.0,0.0,0.0,0.0,0.0,0.0,0.0,0.0
70.0,0.0,29.5,1.0,1.0,2.0,0.0,15.0,137.0,484.46,71.24,0.2,0.0,11.0,149.0,454.01,51.03,5.75
44.5,1.0,99.5,0.0,0.0,0.0,0.0,3.0,9014.0,43.11,1.48,0.0,0.0,2.0,24.0,55.9,8.040000000000001,0.0
44.5,1.0,99.5,0.0,0.0,0.0,0.0,0.0,0.0,0.0,0.0,0.0,0.0,0.0,0.0,0.0,0.0,0.0
44.5,1.0,99.5,0.0,0.0,0.0,0.0,1.0,6.0,15.04,2.34,0.0,0.0,2.0,3.0,11.370000000000001,0.0,0.0
44.5,1.0,99.5,0.0,0.0,0.0,0.0,0.0,0.0,0.0,0.0,0.0,0.0,2.0,15335.0,55.3,4.14,0.0
44.5,1.0,99.5,0.0,0.0,0.0,0.0,1.0,2.0,2.5,1.08,0.0,0.0,2.0,5.0,4.39,0.49,0.0
44.5,1.0,99.5,0.0,0.0,0.0,0.0,3.0,16.0,20.75,4.8,0.0,0.0,1.0,5.0,8.85,0.0,0.0
44.5,1.0,99.5,0.0,0.0,0.0,0.0,6.0,55.0,157.38,15.78,4.59,0.0,3.0,14.0,36.74,4.9,0.0
44.5,1.0,99.5,0.0,0.0,0.0,0.0,0.0,0.0,0.0,0.0,0.0,0.0,0.0,0.0,0.0,0.0,0.0
44.5,1.0,99.5,0.0,0.0,0.0,0.0,2.0,9.0,17.73,3.07,0.0,0.0,0.0,0.0,0.0,0.0,0.0
44.5,1.0,99.5,0.0,0.0,0.0,0.0,3.0,17.0,42.4,2.92,0.4,0.0,4.0,43.0,73.61,8.12,0.0
44.5,1.0,99.5,0.0,0.0,0.0,0.0,2.0,16.0,46.78,10.27,0.0,0.0,8.0,146.0,264.95,58.910000000000004,7.5
44.5,1.0,99.5,0.0,0.0,0.0,0.0,3.0,21.0,57.38,5.12,0.0,0.0,1.0,86.0,153.53,38.37,0.0
44.5,1.0,99.5,0.0,0.0,0.0,0.0,0.0,0.0,0.0,0.0,0.0,0.0,1.0,49.0,75.45,19.009999999999998,0.0
44.5,1.0,99.5,0.0,0.0,0.0,0.0,2.0,3.0,9.69,4.78,0.0,0.0,1.0,2.0,3.0,1.38,0.0
49.5,0.0,42.0,0.0,1.0,0.0,0.0,28.0,62648.0,394.26,44.33,0.4,0.0,22.0,52361.0,245.28,35.92,0.0
44.5,1.0,99.5,0.0,0.0,0.0,0.0,2.0,4.0,18.96,0.0,0.0,0.0,3.0,12.0,44.22,13.41,0.0
44.5,1.0,99.5,0.0,0.0,0.0,0.0,1.0,24.0,40.8,8.59,0.0,0.0,2.0,17.0,54.2,5.83,12.99
44.5,1.0,99.5,0.0,0.0,0.0,0.0,10.0,38.0,78.22,10.11,0.0,0.0,30.0,216.0,506.5,79.92999999999999,0.0
44.5,1.0,99.5,0.0,0.0,0.0,0.0,0.0,0.0,0.0,0.0,0.0,0.0,1.0,23.0,63.88,4.29,0.0
44.5,1.0,99.5,0.0,0.0,0.0,0.0,6.0,29600.0,335.8,35.36,0.0,0.0,2.0,15173.0,176.29000000000002,22.98,0.0
44.5,1.0,99.5,0.0,0.0,0.0,0.0,2.0,33.0,23.56,11.370000000000001,0.0,0.0,0.0,0.0,0.0,0.0,0.0
44.5,1.0,99.5,0.0,0.0,0.0,0.0,5.0,37.0,69.78,12.12,0.0,0.0,2.0,27.0,55.19,18.84,0.0
44.5,1.0,99.5,0.0,0.0,0.0,0.0,0.0,0.0,0.0,0.0,0.0,0.0,1.0,13.0,36.86,3.02,0.0
44.5,1.0,99.5,0.0,0.0,0.0,0.0,7.0,65.0,89.69,23.86,0.0,0.0,9.0,70.0,117.58,28.97,0.0
44.5,1.0,99.5,0.0,0.0,0.0,0.0,0.0,0.0,0.0,0.0,0.0,0.0,0.0,0.0,0.0,0.0,0.0
44.5,1.0,99.5,0.0,0.0,0.0,0.0,0.0,0.0,0.0,0.0,0.0,0.0,0.0,0.0,0.0,0.0,0.0
70.0,0.0,137.0,0.0,0.0,2.0,0.0,13.0,154.0,418.95,33.46,0.0,0.0,8.0,91.0,257.72,29.11,0.55
44.5,1.0,99.5,0.0,0.0,0.0,0.0,0.0,0.0,0.0,0.0,0.0,0.0,0.0,0.0,0.0,0.0,0.0
44.5,1.0,99.5,0.0,0.0,0.0,0.0,0.0,0.0,0.0,0.0,0.0,0.0,0.0,0.0,0.0,0.0,0.0
44.5,1.0,99.5,0.0,0.0,0.0,0.0,0.0,0.0,0.0,0.0,0.0,0.0,3.0,46.0,85.35,18.55,0.0
44.5,1.0,99.5,0.0,0.0,0.0,0.0,3.0,39.0,102.21000000000001,10.67,0.0,0.0,7.0,243.0,588.58,67.83,0.0
44.5,1.0,99.5,0.0,0.0,0.0,0.0,1.0,34.0,65.86,9.08,0.0,0.0,1.0,64.0,119.21000000000001,21.27,0.0
44.5,1.0,99.5,0.0,0.0,0.0,0.0,10.0,116516.0,695.6800000000001,55.87,0.35,0.0,13.0,101091.0,829.45,86.77,0.0
44.5,1.0,99.5,0.0,0.0,0.0,0.0,2.0,63.0,202.65,36.42,0.0,0.0,1.0,15.0,35.54,24.61,0.0
44.5,1.0,99.5,0.0,0.0,0.0,0.0,0.0,0.0,0.0,0.0,0.0,0.0,0.0,0.0,0.0,0.0,0.0
44.5,1.0,99.5,0.0,0.0,0.0,0.0,0.0,0.0,0.0,0.0,0.0,0.0,0.0,0.0,0.0,0.0,0.0
44.5,1.0,99.5,0.0,0.0,0.0,0.0,14.0,39829.0,816.39,202.31,3.54,0.0,12.0,13608.0,501.27,157.91,2.5
44.5,1.0,99.5,0.0,0.0,0.0,0.0,0.0,0.0,0.0,0.0,0.0,0.0,4.0,50.0,113.09,19.330000000000002,0.0
44.5,1.0,99.5,0.0,0.0,0.0,0.0,9.0,73.0,191.71,49.01,0.0,0.0,2.0,26.0,46.38,7.57,0.0
44.5,1.0,99.5,0.0,0.0,0.0,0.0,20.0,211.0,400.88,116.52,2.5,0.0,33.0,295.0,571.38,162.62,1.0
44.5,1.0,99.5,0.0,0.0,0.0,0.0,8.0,69.0,86.75,24.56,0.25,0.0,6.0,71.0,106.44,30.05,0.0
44.5,1.0,99.5,0.0,0.0,0.0,0.0,0.0,0.0,0.0,0.0,0.0,0.0,0.0,0.0,0.0,0.0,0.0
44.5,1.0,99.5,0.0,0.0,0.0,0.0,5.0,96.0,311.03000000000003,54.74,0.0,0.0,5.0,84.0,281.78000000000003,29.76,0.0
44.5,1.0,99.5,0.0,0.0,0.0,0.0,3.0,75.0,121.18,37.9,0.0,0.0,0.0,0.0,0.0,0.0,0.0
44.5,1.0,99.5,0.0,0.0,0.0,0.0,14.0,19250.0,358.28000000000003,37.23,1.1,0.0,4.0,267.0,669.05,119.58,1.2
44.5,1.0,99.5,0.0,0.0,0.0,0.0,2.0,33.0,51.589999999999996,15.77,0.0,0.0,0.0,0.0,0.0,0.0,0.0
44.5,1.0,99.5,0.0,0.0,0.0,0.0,1.0,12.0,13.16,0.0,0.0,0.0,1.0,4.0,10.76,0.0,0.0
44.5,1.0,99.5,0.0,0.0,0.0,0.0,8.0,84.0,235.91,21.97,0.0,0.0,2.0,19.0,46.34,9.84,0.0
44.5,1.0,99.5,0.0,0.0,0.0,0.0,3.0,60.0,131.38,19.8,0.0,0.0,1.0,5.0,14.98,6.77,0.0
44.5,1.0,99.5,0.0,0.0,0.0,0.0,39.0,211.0,247.57,36.63,0.0,0.0,53.0,315.0,351.1,58.73,0.0
44.5,1.0,99.5,0.0,0.0,0.0,0.0,3.0,8.0,19.77,5.04,0.0,0.0,0.0,0.0,0.0,0.0,0.0
44.5,1.0,99.5,0.0,0.0,0.0,0.0,2.0,6.0,25.02,1.1300000000000001,0.0,0.0,0.0,0.0,0.0,0.0,0.0
44.5,1.0,99.5,0.0,0.0,0.0,0.0,1.0,14.0,26.05,5.51,0.0,0.0,1.0,16.0,32.59,2.9699999999999998,0.0
44.5,1.0,99.5,0.0,0.0,0.0,0.0,1.0,1.0,4.99,1.0,0.0,0.0,0.0,0.0,0.0,0.0,0.0
44.5,1.0,99.5,0.0,0.0,0.0,0.0,1.0,9.0,29.76,6.46,0.0,0.0,0.0,0.0,0.0,0.0,0.0
44.5,1.0,99.5,0.0,0.0,0.0,0.0,2.0,13.0,30.21,4.15,0.0,0.0,0.0,0.0,0.0,0.0,0.0
44.5,1.0,99.5,0.0,0.0,0.0,0.0,4.0,9.0,37.39,2.7199999999999998,0.0,0.0,7.0,17.0,52.800000000000004,7.48,0.0
44.5,1.0,99.5,0.0,0.0,0.0,0.0,4.0,29964.0,115.55,5.28,0.0,0.0,4.0,64.0,169.08,17.0,0.0
44.5,1.0,99.5,0.0,0.0,0.0,0.0,1.0,3.0,8.27,3.6,3.0,0.0,1.0,3.0,6.79,0.6,0.0
44.5,1.0,99.5,0.0,0.0,0.0,0.0,1.0,3.0,11.49,1.18,0.0,0.0,1.0,13.0,30.75,19.13,0.0
44.5,1.0,99.5,0.0,0.0,0.0,0.0,1.0,1.0,5.99,0.0,0.0,0.0,3.0,37.0,125.93,16.2,0.0
44.5,1.0,99.5,0.0,0.0,0.0,0.0,2.0,4.0,11.370000000000001,0.5,1.0,0.0,1.0,4.0,20.06,0.0,0.0
44.5,1.0,99.5,0.0,0.0,0.0,0.0,2.0,11.0,20.92,4.27,0.0,0.0,3.0,67.0,197.48,19.1,0.0
44.5,1.0,99.5,0.0,0.0,0.0,0.0,1.0,13.0,68.7,6.779999999999999,0.0,0.0,0.0,0.0,0.0,0.0,0.0
44.5,1.0,99.5,0.0,0.0,0.0,0.0,0.0,0.0,0.0,0.0,0.0,0.0,3.0,10.0,22.12,4.2,0.0
44.5,1.0,99.5,0.0,0.0,0.0,0.0,0.0,0.0,0.0,0.0,0.0,0.0,26.0,4786.0,572.97,53.22,0.0
44.5,1.0,99.5,0.0,0.0,0.0,0.0,0.0,0.0,0.0,0.0,0.0,0.0,1.0,4.0,35.96,4.0,0.0
44.5,1.0,99.5,0.0,0.0,0.0,0.0,0.0,0.0,0.0,0.0,0.0,0.0,1.0,27.0,17.2,6.9399999999999995,0.0
44.5,1.0,99.5,0.0,0.0,0.0,0.0,0.0,0.0,0.0,0.0,0.0,0.0,2.0,13.0,34.21,10.34,0.0
44.5,1.0,99.5,0.0,0.0,0.0,0.0,0.0,0.0,0.0,0.0,0.0,0.0,3.0,25.0,49.910000000000004,11.870000000000001,0.0
44.5,1.0,99.5,0.0,0.0,0.0,0.0,0.0,0.0,0.0,0.0,0.0,0.0,2.0,86.0,200.26,29.6,0.0
44.5,1.0,99.5,0.0,0.0,0.0,0.0,0.0,0.0,0.0,0.0,0.0,0.0,1.0,31.0,52.41,26.03,1.0
44.5,1.0,99.5,0.0,0.0,0.0,0.0,0.0,0.0,0.0,0.0,0.0,0.0,8.0,42.0,83.59,17.91,0.0
44.5,1.0,99.5,0.0,0.0,0.0,0.0,0.0,0.0,0.0,0.0,0.0,0.0,1.0,45.0,102.26,13.75,0.0
44.5,1.0,99.5,0.0,0.0,0.0,0.0,0.0,0.0,0.0,0.0,0.0,0.0,2.0,6.0,8.0,4.34,0.0
44.5,1.0,99.5,0.0,0.0,0.0,0.0,0.0,0.0,0.0,0.0,0.0,0.0,2.0,17.0,27.259999999999998,13.9,0.0
44.5,1.0,99.5,0.0,0.0,0.0,0.0,0.0,0.0,0.0,0.0,0.0,0.0,3.0,31.0,96.01,18.01,0.0
44.5,1.0,99.5,0.0,0.0,0.0,0.0,0.0,0.0,0.0,0.0,0.0,0.0,2.0,30.0,50.980000000000004,10.13,0.0
44.5,1.0,99.5,0.0,0.0,0.0,0.0,0.0,0.0,0.0,0.0,0.0,0.0,1.0,24.0,49.78,13.68,0.0
44.5,1.0,99.5,0.0,0.0,0.0,0.0,0.0,0.0,0.0,0.0,0.0,0.0,1.0,17326.0,38.45,0.52,0.0
44.5,1.0,99.5,0.0,0.0,0.0,0.0,0.0,0.0,0.0,0.0,0.0,0.0,2.0,47.0,82.37,17.28,0.0
44.5,1.0,99.5,0.0,0.0,0.0,0.0,0.0,0.0,0.0,0.0,0.0,0.0,0.0,0.0,0.0,0.0,0.0
